RMG initialization ... 1 image(s) total, 1 per node. 12 MPI processes/image. 
GPU enabled build using:
    Intel(R) Data Center GPU Max 1550
Thread level 2.

 EXTERNAL ELECTRIC FIELD INITIALIZATION 
 ====================================== 

 Electric Field: (  0.00000000,   0.00000000,   0.00000000) Ha/bohr


                     * * * * * * * * * *
                     *    R   M   G    *
                     * * * * * * * * * *

     -- A Real Space Multigrid Electronic structure code --
     --      More information at www.rmgdft.org          --

Code Revision:     7.1.0-master-4b97d3520
Build Date:        Mar  6 2026  20:34:52
Start time:        Sat Mar  7 23:34:46 2026

NOTICE: RMG internal pseudopotentials have switched to
ONCVP from Ultrasoft. You can revert to Ultrasoft by
adding the input tag internal_pseudo_type="ultrasoft" to
your input files.


Files
   Control input file:        BaTiO3_PBE_gpu_np012_omp5.in
   Data output file:          Waves/wave.out

Run Setup
    Calculation type:         Quench electrons - Fixed ions SCF calculation
    Description:              BaTiO3 SCF bench np12 omp5
    Orbital Initialization:   LCAO (27 LCAO and 0 random orbitals)
    Exchange Correlation:     pbe
    Spin Polarization:        OFF
    System charge:            Neutral

Processor Topology
   Total PEs:                 1
   X direction:               1
   Y direction:               1
   Z direction:               1
   MG Threads/PE:             5
   OMP Threads/PE:            5

Grid Points  (Linear Anisotropy: 1.000)
    X:  Total: 36   Per PE: 36   Spacing:0.210 a0  
    Y:  Total: 36   Per PE: 36   Spacing:0.210 a0  
    Z:  Total: 36   Per PE: 36   Spacing:0.210 a0  

    Equivalent energy cutoffs (psi,rho):   223.008    892.032 Ry

    Charge density grid:         2 times finer

Coordinate planes
  Planar Anisotropy: 1.000
  A0-A1 density:    22.595
  A0-A2 density:    22.595
  A1-A2 density:    22.595


Lattice (Cell) Setup
    Type:                       Cubic_primitive
    Volume (a0^3):                434.39
    Boundary conditions:        Periodic

    X Basis Vector:       7.573       0.000       0.000 a0
    Y Basis Vector:       0.000       7.573       0.000 a0
    Z Basis Vector:       0.000       0.000       7.573 a0
    X Reci Vector:       0.132       0.000       0.000 a0
    Y Reci Vector:       0.000       0.132       0.000 a0
    Z Reci Vector:       0.000       0.000       0.132 a0

K-points
    Brillouin Zone sampling with 84 K-points (orbitals are complex)

         Kx      Ky        Kz     Weight in crystal unit
      0.0000     0.0000     0.0000   0.001
      0.0000     0.0000     0.0833   0.003
      0.0000     0.0000     0.1667   0.003
      0.0000     0.0000     0.2500   0.003
      0.0000     0.0000     0.3333   0.003
      0.0000     0.0000     0.4167   0.003
      0.0000     0.0000     0.5000   0.002
      0.0000     0.0833     0.0833   0.007
      0.0000     0.0833     0.1667   0.014
      0.0000     0.0833     0.2500   0.014
      0.0000     0.0833     0.3333   0.014
      0.0000     0.0833     0.4167   0.014
      0.0000     0.0833     0.5000   0.007
      0.0000     0.1667     0.1667   0.007
      0.0000     0.1667     0.2500   0.014
      0.0000     0.1667     0.3333   0.014
      0.0000     0.1667     0.4167   0.014
      0.0000     0.1667     0.5000   0.007
      0.0000     0.2500     0.2500   0.007
      0.0000     0.2500     0.3333   0.014
      0.0000     0.2500     0.4167   0.014
      0.0000     0.2500     0.5000   0.007
      0.0000     0.3333     0.3333   0.007
      0.0000     0.3333     0.4167   0.014
      0.0000     0.3333     0.5000   0.007
      0.0000     0.4167     0.4167   0.007
      0.0000     0.4167     0.5000   0.007
      0.0000     0.5000     0.5000   0.002
      0.0833     0.0833     0.0833   0.005
      0.0833     0.0833     0.1667   0.014
      0.0833     0.0833     0.2500   0.014
      0.0833     0.0833     0.3333   0.014
      0.0833     0.0833     0.4167   0.014
      0.0833     0.0833     0.5000   0.007
      0.0833     0.1667     0.1667   0.014
      0.0833     0.1667     0.2500   0.028
      0.0833     0.1667     0.3333   0.028
      0.0833     0.1667     0.4167   0.028
      0.0833     0.1667     0.5000   0.014
      0.0833     0.2500     0.2500   0.014
      0.0833     0.2500     0.3333   0.028
      0.0833     0.2500     0.4167   0.028
      0.0833     0.2500     0.5000   0.014
      0.0833     0.3333     0.3333   0.014
      0.0833     0.3333     0.4167   0.028
      0.0833     0.3333     0.5000   0.014
      0.0833     0.4167     0.4167   0.014
      0.0833     0.4167     0.5000   0.014
      0.0833     0.5000     0.5000   0.003
      0.1667     0.1667     0.1667   0.005
      0.1667     0.1667     0.2500   0.014
      0.1667     0.1667     0.3333   0.014
      0.1667     0.1667     0.4167   0.014
      0.1667     0.1667     0.5000   0.007
      0.1667     0.2500     0.2500   0.014
      0.1667     0.2500     0.3333   0.028
      0.1667     0.2500     0.4167   0.028
      0.1667     0.2500     0.5000   0.014
      0.1667     0.3333     0.3333   0.014
      0.1667     0.3333     0.4167   0.028
      0.1667     0.3333     0.5000   0.014
      0.1667     0.4167     0.4167   0.014
      0.1667     0.4167     0.5000   0.014
      0.1667     0.5000     0.5000   0.003
      0.2500     0.2500     0.2500   0.005
      0.2500     0.2500     0.3333   0.014
      0.2500     0.2500     0.4167   0.014
      0.2500     0.2500     0.5000   0.007
      0.2500     0.3333     0.3333   0.014
      0.2500     0.3333     0.4167   0.028
      0.2500     0.3333     0.5000   0.014
      0.2500     0.4167     0.4167   0.014
      0.2500     0.4167     0.5000   0.014
      0.2500     0.5000     0.5000   0.003
      0.3333     0.3333     0.3333   0.005
      0.3333     0.3333     0.4167   0.014
      0.3333     0.3333     0.5000   0.007
      0.3333     0.4167     0.4167   0.014
      0.3333     0.4167     0.5000   0.014
      0.3333     0.5000     0.5000   0.003
      0.4167     0.4167     0.4167   0.005
      0.4167     0.4167     0.5000   0.007
      0.4167     0.5000     0.5000   0.003
      0.5000     0.5000     0.5000   0.001

         Kx      Ky        Kz     Weight in 2PI/a 
      0.0000     0.0000     0.0000   0.001
      0.0000     0.0000     0.0833   0.003
      0.0000     0.0000     0.1667   0.003
      0.0000     0.0000     0.2500   0.003
      0.0000     0.0000     0.3333   0.003
      0.0000     0.0000     0.4167   0.003
      0.0000     0.0000     0.5000   0.002
      0.0000     0.0833     0.0833   0.007
      0.0000     0.0833     0.1667   0.014
      0.0000     0.0833     0.2500   0.014
      0.0000     0.0833     0.3333   0.014
      0.0000     0.0833     0.4167   0.014
      0.0000     0.0833     0.5000   0.007
      0.0000     0.1667     0.1667   0.007
      0.0000     0.1667     0.2500   0.014
      0.0000     0.1667     0.3333   0.014
      0.0000     0.1667     0.4167   0.014
      0.0000     0.1667     0.5000   0.007
      0.0000     0.2500     0.2500   0.007
      0.0000     0.2500     0.3333   0.014
      0.0000     0.2500     0.4167   0.014
      0.0000     0.2500     0.5000   0.007
      0.0000     0.3333     0.3333   0.007
      0.0000     0.3333     0.4167   0.014
      0.0000     0.3333     0.5000   0.007
      0.0000     0.4167     0.4167   0.007
      0.0000     0.4167     0.5000   0.007
      0.0000     0.5000     0.5000   0.002
      0.0833     0.0833     0.0833   0.005
      0.0833     0.0833     0.1667   0.014
      0.0833     0.0833     0.2500   0.014
      0.0833     0.0833     0.3333   0.014
      0.0833     0.0833     0.4167   0.014
      0.0833     0.0833     0.5000   0.007
      0.0833     0.1667     0.1667   0.014
      0.0833     0.1667     0.2500   0.028
      0.0833     0.1667     0.3333   0.028
      0.0833     0.1667     0.4167   0.028
      0.0833     0.1667     0.5000   0.014
      0.0833     0.2500     0.2500   0.014
      0.0833     0.2500     0.3333   0.028
      0.0833     0.2500     0.4167   0.028
      0.0833     0.2500     0.5000   0.014
      0.0833     0.3333     0.3333   0.014
      0.0833     0.3333     0.4167   0.028
      0.0833     0.3333     0.5000   0.014
      0.0833     0.4167     0.4167   0.014
      0.0833     0.4167     0.5000   0.014
      0.0833     0.5000     0.5000   0.003
      0.1667     0.1667     0.1667   0.005
      0.1667     0.1667     0.2500   0.014
      0.1667     0.1667     0.3333   0.014
      0.1667     0.1667     0.4167   0.014
      0.1667     0.1667     0.5000   0.007
      0.1667     0.2500     0.2500   0.014
      0.1667     0.2500     0.3333   0.028
      0.1667     0.2500     0.4167   0.028
      0.1667     0.2500     0.5000   0.014
      0.1667     0.3333     0.3333   0.014
      0.1667     0.3333     0.4167   0.028
      0.1667     0.3333     0.5000   0.014
      0.1667     0.4167     0.4167   0.014
      0.1667     0.4167     0.5000   0.014
      0.1667     0.5000     0.5000   0.003
      0.2500     0.2500     0.2500   0.005
      0.2500     0.2500     0.3333   0.014
      0.2500     0.2500     0.4167   0.014
      0.2500     0.2500     0.5000   0.007
      0.2500     0.3333     0.3333   0.014
      0.2500     0.3333     0.4167   0.028
      0.2500     0.3333     0.5000   0.014
      0.2500     0.4167     0.4167   0.014
      0.2500     0.4167     0.5000   0.014
      0.2500     0.5000     0.5000   0.003
      0.3333     0.3333     0.3333   0.005
      0.3333     0.3333     0.4167   0.014
      0.3333     0.3333     0.5000   0.007
      0.3333     0.4167     0.4167   0.014
      0.3333     0.4167     0.5000   0.014
      0.3333     0.5000     0.5000   0.003
      0.4167     0.4167     0.4167   0.005
      0.4167     0.4167     0.5000   0.007
      0.4167     0.5000     0.5000   0.003
      0.5000     0.5000     0.5000   0.001

Atoms and States
    Number of ions:                          5
    Number of species:                       3
    Number of states:                        48

Run Parameters
    SCF Convergence criterion (potential):   1.00e-08
    SCF Convergence criterion (energy):      1.00e-10
    Max SCF steps:                           20

SCF Cycle Settings
    Charge density mixing:                   Broyden
    Hartree Solver:                          PFFT
    Interpolation type:                      FFT

Adaptive Interpolation
    On: cmix                                 0.553176169

Finite Difference parameters
    Kohn Sham FD Order:                      8   
    Force Gradient Order:                    8   
    Adaptive Finite Differencing:            On
    Adaptive CFAC:                           0.233198600

Subspace Diagonalization Options
    Frequency:                               every 1 SCF step(s)
    Driver:                                  Lapack
    Initial diagonalization:                 ON
    Folded spectrum:                         OFF

Filtering Cutoff  Parameters
    Wavefunction grid (cparm):               0.800
    Charge density grid (rhocparm):          1.000
    Filter factor:                           1.000

Multigrid (MG) Parameters
    Psi MG levels:                           3
    Psi global step:                         0.660 
    Psi pre:                                 2
    Psi post:                                2

Davidson Parameters
    Davidson multiplier:                     4
    Davidson max step:                       8
    Davidson unocc tol factor:               1000.000

Blas Libraries
    CPU support with Intel mkl-parallel.


Atomic Species Information
(PP = Pseudopotential, US = Ultrasoft, NC = Norm Conserving)
-------------------------------------------------------------------------
|Index|Symbol| Mass|Valence| PP |  Comp  |Local| Local|Nlocal|    PP    |
|     |      |     |       |Type|Gaussian|  l  |Radius|Radius|Functional|
-------------------------------------------------------------------------
|    1|    Ba|137.0|  10.00|  NC|    1.12|   -1| 10.00|  7.00|       PBE|
|    2|     O| 15.0|   6.00|  NC|    0.50|   -1| 10.00|  7.00|       PBE|
|    3|    Ti| 47.0|  12.00|  NC|    0.83|   -1| 10.00|  7.00|       PBE|
-------------------------------------------------------------------------

Pseudopotential generation information:
  Ba pseudopotential file: ./@Internal
      Generation info     : Generated using ONCVPSP code by D. R. Hamann
      Author info         : anonymous
   O pseudopotential file: ./@Internal
      Generation info     : Generated using ONCVPSP code by D. R. Hamann
      Author info         : anonymous
  Ti pseudopotential file: ./@Internal
      Generation info     : Generated using ONCVPSP code by D. R. Hamann
      Author info         : anonymous


Memory usage (Mbytes):     Min        Max       Total
    wave functions       1003.29    1003.29   12039.50
    beta-functions      10033.08   10033.08   10033.08



Initial Ionic Positions And Displacements (Bohr)
Species      X           Y           Z           dX          dY          dZ
  Ba       3.7867      3.7867      3.7867      0.0000      0.0000      0.0000
  Ti       0.0000      0.0000      0.0000      0.0000      0.0000      0.0000
  O        3.7867      0.0000      0.0000      0.0000      0.0000      0.0000
  O        0.0000      3.7867      0.0000      0.0000      0.0000      0.0000
  O        0.0000      0.0000      3.7867      0.0000      0.0000      0.0000


Initial Ionic Positions And Displacements (Angstrom)
Species      X           Y           Z           dX          dY          dZ
  Ba       2.0038      2.0038      2.0038      0.0000      0.0000      0.0000
  Ti       0.0000      0.0000      0.0000      0.0000      0.0000      0.0000
  O        2.0038      0.0000      0.0000      0.0000      0.0000      0.0000
  O        0.0000      2.0038      0.0000      0.0000      0.0000      0.0000
  O        0.0000      0.0000      2.0038      0.0000      0.0000      0.0000

Diagonalization using lapack for step=0  count=1


Diagonalization using lapack for step=0  count=2


Diagonalization using lapack for step=0  count=3


Diagonalization using lapack for step=0  count=4


Diagonalization using lapack for step=0  count=5


Diagonalization using lapack for step=0  count=6


Diagonalization using lapack for step=0  count=7



KOHN SHAM EIGENVALUES [eV] AT K-POINT [  0]:       0.000000      0.000000      0.000000

[kpt   0  -1   0]   -42.7150 [2.000]   -19.2915 [2.000]   -19.2908 [2.000]   -19.2908 [2.000]   -13.6706 [2.000]
[kpt   0  -1   1]    -8.7109 [2.000]    -8.2899 [2.000]    -8.2899 [2.000]     0.9295 [2.000]     0.9296 [2.000]
[kpt   0  -1   2]     0.9296 [2.000]     6.2858 [2.000]     6.2867 [2.000]     6.2867 [2.000]     6.9337 [2.000]
[kpt   0  -1   3]     6.9337 [2.000]     6.9337 [2.000]     7.8322 [2.000]     7.8428 [2.000]     7.8428 [2.000]
[kpt   0  -1   4]    14.1689 [0.000]    14.1694 [0.000]    14.1694 [0.000]    16.6492 [0.000]    16.6492 [0.000]
[kpt   0  -1   5]    17.1834 [0.000]    17.2490 [0.000]    17.2490 [0.000]    22.0312 [0.000]    23.2267 [0.000]
[kpt   0  -1   6]    23.2267 [0.000]    26.0853 [0.000]    26.5846 [0.000]    26.6446 [0.000]    26.6446 [0.000]
[kpt   0  -1   7]    31.1622 [0.000]    31.1622 [0.000]    31.1622 [0.000]    33.8342 [0.000]    36.9764 [0.000]
[kpt   0  -1   8]    39.0278 [0.000]    39.0278 [0.000]    39.0624 [0.000]    45.4745 [0.000]    45.4745 [0.000]
[kpt   0  -1   9]    60.1143 [0.000]   121.8014 [0.000]   142.8633 [0.000]




KOHN SHAM EIGENVALUES [eV] AT K-POINT [  1]:       0.000000      0.000000      0.083333

[kpt   1  -1   0]   -42.7149 [2.000]   -19.2994 [2.000]   -19.2909 [2.000]   -19.2905 [2.000]   -13.6576 [2.000]
[kpt   1  -1   1]    -8.7127 [2.000]    -8.2884 [2.000]    -8.2766 [2.000]     0.9459 [2.000]     0.9460 [2.000]
[kpt   1  -1   2]     0.9524 [2.000]     6.1962 [2.000]     6.2705 [2.000]     6.2716 [2.000]     6.9014 [2.000]
[kpt   1  -1   3]     6.9016 [2.000]     6.9045 [2.000]     7.7175 [2.000]     7.8061 [2.000]     7.8137 [2.000]
[kpt   1  -1   4]    14.1838 [0.000]    14.2632 [0.000]    14.2637 [0.000]    16.6795 [0.000]    16.7761 [0.000]
[kpt   1  -1   5]    17.2893 [0.000]    17.3165 [0.000]    17.4378 [0.000]    22.0453 [0.000]    23.1591 [0.000]
[kpt   1  -1   6]    23.2156 [0.000]    25.7241 [0.000]    26.7040 [0.000]    26.7714 [0.000]    27.0300 [0.000]
[kpt   1  -1   7]    31.0616 [0.000]    31.2191 [0.000]    31.2277 [0.000]    33.8336 [0.000]    37.0366 [0.000]
[kpt   1  -1   8]    38.6882 [0.000]    38.9130 [0.000]    39.0398 [0.000]    45.5715 [0.000]    45.5983 [0.000]
[kpt   1  -1   9]    60.2962 [0.000]   120.4378 [0.000]   139.8940 [0.000]




KOHN SHAM EIGENVALUES [eV] AT K-POINT [  2]:       0.000000      0.000000      0.166667

[kpt   2  -1   0]   -42.7146 [2.000]   -19.3221 [2.000]   -19.2902 [2.000]   -19.2897 [2.000]   -13.6219 [2.000]
[kpt   2  -1   1]    -8.7359 [2.000]    -8.2843 [2.000]    -8.2211 [2.000]     0.9916 [2.000]     0.9917 [2.000]
[kpt   2  -1   2]     1.0160 [2.000]     5.9504 [2.000]     6.2133 [2.000]     6.2163 [2.000]     6.8261 [2.000]
[kpt   2  -1   3]     6.8323 [2.000]     6.8327 [2.000]     7.4068 [2.000]     7.7234 [2.000]     7.7329 [2.000]
[kpt   2  -1   4]    14.2251 [0.000]    14.5229 [0.000]    14.5238 [0.000]    16.7359 [0.000]    17.1102 [0.000]
[kpt   2  -1   5]    17.5230 [0.000]    17.5357 [0.000]    18.0423 [0.000]    22.0794 [0.000]    22.9904 [0.000]
[kpt   2  -1   6]    23.1973 [0.000]    25.2121 [0.000]    26.9904 [0.000]    27.1103 [0.000]    27.6845 [0.000]
[kpt   2  -1   7]    30.7880 [0.000]    31.3995 [0.000]    31.4287 [0.000]    33.8152 [0.000]    36.9661 [0.000]
[kpt   2  -1   8]    38.0204 [0.000]    38.5884 [0.000]    39.0246 [0.000]    45.8553 [0.000]    45.9553 [0.000]
[kpt   2  -1   9]    60.5193 [0.000]   115.7866 [0.000]   137.5248 [0.000]




KOHN SHAM EIGENVALUES [eV] AT K-POINT [  3]:       0.000000      0.000000      0.250000

[kpt   3  -1   0]   -42.7142 [2.000]   -19.3529 [2.000]   -19.2891 [2.000]   -19.2887 [2.000]   -13.5722 [2.000]
[kpt   3  -1   1]    -8.7959 [2.000]    -8.2787 [2.000]    -8.1147 [2.000]     1.0565 [2.000]     1.0566 [2.000]
[kpt   3  -1   2]     1.1060 [2.000]     5.6145 [2.000]     6.1015 [2.000]     6.1073 [2.000]     6.7226 [2.000]
[kpt   3  -1   3]     6.7840 [2.000]     6.7841 [2.000]     7.0237 [2.000]     7.6064 [2.000]     7.6181 [2.000]
[kpt   3  -1   4]    14.2867 [0.000]    14.8821 [0.000]    14.8838 [0.000]    16.7773 [0.000]    17.5235 [0.000]
[kpt   3  -1   5]    17.8807 [0.000]    17.8947 [0.000]    18.9497 [0.000]    22.1126 [0.000]    22.7841 [0.000]
[kpt   3  -1   6]    23.2117 [0.000]    24.7121 [0.000]    27.4230 [0.000]    27.5710 [0.000]    28.4259 [0.000]
[kpt   3  -1   7]    30.4189 [0.000]    31.7278 [0.000]    31.7706 [0.000]    33.7155 [0.000]    35.8440 [0.000]
[kpt   3  -1   8]    38.1165 [0.000]    38.1988 [0.000]    39.0766 [0.000]    46.3019 [0.000]    46.5060 [0.000]
[kpt   3  -1   9]    60.4339 [0.000]   110.7491 [0.000]   133.4875 [0.000]




KOHN SHAM EIGENVALUES [eV] AT K-POINT [  4]:       0.000000      0.000000      0.333333

[kpt   4  -1   0]   -42.7137 [2.000]   -19.3834 [2.000]   -19.2881 [2.000]   -19.2877 [2.000]   -13.5212 [2.000]
[kpt   4  -1   1]    -8.8726 [2.000]    -8.2730 [2.000]    -7.9886 [2.000]     1.1244 [2.000]     1.1246 [2.000]
[kpt   4  -1   2]     1.2001 [2.000]     5.2778 [2.000]     5.9600 [2.000]     5.9686 [2.000]     6.6227 [2.000]
[kpt   4  -1   3]     6.6774 [2.000]     6.7819 [2.000]     6.7821 [2.000]     7.4800 [2.000]     7.4935 [2.000]
[kpt   4  -1   4]    14.3587 [0.000]    15.2499 [0.000]    15.2525 [0.000]    16.8001 [0.000]    17.8778 [0.000]
[kpt   4  -1   5]    18.3127 [0.000]    18.3391 [0.000]    20.0459 [0.000]    22.1371 [0.000]    22.6000 [0.000]
[kpt   4  -1   6]    23.3116 [0.000]    24.2577 [0.000]    27.9325 [0.000]    28.0617 [0.000]    29.1412 [0.000]
[kpt   4  -1   7]    30.0655 [0.000]    32.2166 [0.000]    32.2338 [0.000]    33.5406 [0.000]    34.3560 [0.000]
[kpt   4  -1   8]    37.6158 [0.000]    38.7965 [0.000]    39.2971 [0.000]    46.8648 [0.000]    47.2048 [0.000]
[kpt   4  -1   9]    59.9325 [0.000]   107.5202 [0.000]   125.3011 [0.000]




KOHN SHAM EIGENVALUES [eV] AT K-POINT [  5]:       0.000000      0.000000      0.416667

[kpt   5  -1   0]   -42.7133 [2.000]   -19.4057 [2.000]   -19.2873 [2.000]   -19.2869 [2.000]   -13.4831 [2.000]
[kpt   5  -1   1]    -8.9342 [2.000]    -8.2689 [2.000]    -7.8886 [2.000]     1.1763 [2.000]     1.1765 [2.000]
[kpt   5  -1   2]     1.2722 [2.000]     5.0308 [2.000]     5.8445 [2.000]     5.8548 [2.000]     6.4418 [2.000]
[kpt   5  -1   3]     6.5519 [2.000]     6.8087 [2.000]     6.8108 [2.000]     7.3747 [2.000]     7.3882 [2.000]
[kpt   5  -1   4]    14.4301 [0.000]    15.5355 [0.000]    15.5388 [0.000]    16.8121 [0.000]    18.1085 [0.000]
[kpt   5  -1   5]    18.6813 [0.000]    18.8029 [0.000]    21.1534 [0.000]    22.1774 [0.000]    22.4926 [0.000]
[kpt   5  -1   6]    23.5364 [0.000]    23.9563 [0.000]    28.4246 [0.000]    28.5090 [0.000]    29.4067 [0.000]
[kpt   5  -1   7]    29.8568 [0.000]    32.6681 [0.000]    32.7226 [0.000]    33.3944 [0.000]    33.5807 [0.000]
[kpt   5  -1   8]    37.2928 [0.000]    39.3839 [0.000]    39.8463 [0.000]    47.5063 [0.000]    48.0141 [0.000]
[kpt   5  -1   9]    59.4543 [0.000]   102.7319 [0.000]   114.9649 [0.000]




KOHN SHAM EIGENVALUES [eV] AT K-POINT [  6]:       0.000000      0.000000      0.500000

[kpt   6  -1   0]   -42.7131 [2.000]   -19.4141 [2.000]   -19.2870 [2.000]   -19.2866 [2.000]   -13.4689 [2.000]
[kpt   6  -1   1]    -8.9574 [2.000]    -8.2674 [2.000]    -7.8507 [2.000]     1.1955 [2.000]     1.1959 [2.000]
[kpt   6  -1   2]     1.2999 [2.000]     4.9402 [2.000]     5.7995 [2.000]     5.8105 [2.000]     6.3592 [2.000]
[kpt   6  -1   3]     6.5268 [2.000]     6.8311 [2.000]     6.8380 [2.000]     7.3273 [2.000]     7.3378 [2.000]
[kpt   6  -1   4]    14.4910 [0.000]    15.6656 [0.000]    15.6692 [0.000]    16.8180 [0.000]    18.1923 [0.000]
[kpt   6  -1   5]    18.9007 [0.000]    19.1169 [0.000]    21.8226 [0.000]    22.2815 [0.000]    22.5035 [0.000]
[kpt   6  -1   6]    23.9007 [0.000]    24.1368 [0.000]    28.6543 [0.000]    28.8503 [0.000]    28.8828 [0.000]
[kpt   6  -1   7]    29.9130 [0.000]    32.6255 [0.000]    33.0549 [0.000]    33.7356 [0.000]    34.4093 [0.000]
[kpt   6  -1   8]    37.4462 [0.000]    39.9242 [0.000]    40.6100 [0.000]    48.2492 [0.000]    48.9085 [0.000]
[kpt   6  -1   9]    59.2990 [0.000]    82.7010 [0.000]   113.2375 [0.000]




KOHN SHAM EIGENVALUES [eV] AT K-POINT [  7]:       0.000000      0.083333      0.083333

[kpt   7  -1   0]   -42.7148 [2.000]   -19.2993 [2.000]   -19.2989 [2.000]   -19.2904 [2.000]   -13.6451 [2.000]
[kpt   7  -1   1]    -8.7112 [2.000]    -8.2798 [2.000]    -8.2724 [2.000]     0.9220 [2.000]     0.9626 [2.000]
[kpt   7  -1   2]     1.0097 [2.000]     6.1213 [2.000]     6.2396 [2.000]     6.2584 [2.000]     6.8075 [2.000]
[kpt   7  -1   3]     6.8668 [2.000]     6.9473 [2.000]     7.6053 [2.000]     7.7761 [2.000]     7.7847 [2.000]
[kpt   7  -1   4]    14.2744 [0.000]    14.2796 [0.000]    14.3518 [0.000]    16.7537 [0.000]    16.8563 [0.000]
[kpt   7  -1   5]    17.3811 [0.000]    17.4954 [0.000]    17.5287 [0.000]    22.0218 [0.000]    23.0859 [0.000]
[kpt   7  -1   6]    23.2695 [0.000]    25.6654 [0.000]    26.4984 [0.000]    26.8152 [0.000]    27.4787 [0.000]
[kpt   7  -1   7]    31.1097 [0.000]    31.1456 [0.000]    31.2939 [0.000]    33.8024 [0.000]    36.9709 [0.000]
[kpt   7  -1   8]    38.4693 [0.000]    38.7794 [0.000]    39.0607 [0.000]    45.6790 [0.000]    45.7073 [0.000]
[kpt   7  -1   9]    60.3978 [0.000]   118.4367 [0.000]   138.9704 [0.000]




KOHN SHAM EIGENVALUES [eV] AT K-POINT [  8]:       0.000000      0.083333      0.166667

[kpt   8  -1   0]   -42.7145 [2.000]   -19.3218 [2.000]   -19.2983 [2.000]   -19.2897 [2.000]   -13.6105 [2.000]
[kpt   8  -1   1]    -8.7258 [2.000]    -8.2738 [2.000]    -8.2241 [2.000]     0.9341 [2.000]     1.0089 [2.000]
[kpt   8  -1   2]     1.0899 [2.000]     5.8884 [2.000]     6.1733 [2.000]     6.2105 [2.000]     6.6901 [2.000]
[kpt   8  -1   3]     6.7909 [2.000]     6.9352 [2.000]     7.3138 [2.000]     7.6939 [2.000]     7.7137 [2.000]
[kpt   8  -1   4]    14.3158 [0.000]    14.5344 [0.000]    14.5968 [0.000]    16.8234 [0.000]    17.1716 [0.000]
[kpt   8  -1   5]    17.6097 [0.000]    17.7236 [0.000]    18.1168 [0.000]    22.0177 [0.000]    22.9180 [0.000]
[kpt   8  -1   6]    23.3020 [0.000]    25.3167 [0.000]    26.6306 [0.000]    27.0975 [0.000]    28.1283 [0.000]
[kpt   8  -1   7]    30.8640 [0.000]    31.3343 [0.000]    31.4944 [0.000]    33.6869 [0.000]    36.7674 [0.000]
[kpt   8  -1   8]    37.9843 [0.000]    38.4184 [0.000]    39.1447 [0.000]    45.9596 [0.000]    46.0537 [0.000]
[kpt   8  -1   9]    60.5444 [0.000]   113.5722 [0.000]   137.1184 [0.000]




KOHN SHAM EIGENVALUES [eV] AT K-POINT [  9]:       0.000000      0.083333      0.250000

[kpt   9  -1   0]   -42.7141 [2.000]   -19.3524 [2.000]   -19.2972 [2.000]   -19.2887 [2.000]   -13.5624 [2.000]
[kpt   9  -1   1]    -8.7768 [2.000]    -8.2681 [2.000]    -8.1220 [2.000]     0.9822 [2.000]     1.0746 [2.000]
[kpt   9  -1   2]     1.1708 [2.000]     5.5673 [2.000]     6.0616 [2.000]     6.1090 [2.000]     6.5705 [2.000]
[kpt   9  -1   3]     6.7355 [2.000]     6.8598 [2.000]     7.0196 [2.000]     7.5750 [2.000]     7.6055 [2.000]
[kpt   9  -1   4]    14.3739 [0.000]    14.8900 [0.000]    14.9402 [0.000]    16.8650 [0.000]    17.5804 [0.000]
[kpt   9  -1   5]    17.9699 [0.000]    18.0712 [0.000]    19.0131 [0.000]    22.0278 [0.000]    22.7179 [0.000]
[kpt   9  -1   6]    23.3375 [0.000]    24.8368 [0.000]    27.0555 [0.000]    27.5276 [0.000]    28.8268 [0.000]
[kpt   9  -1   7]    30.5139 [0.000]    31.6860 [0.000]    31.8388 [0.000]    33.4564 [0.000]    35.6975 [0.000]
[kpt   9  -1   8]    37.8914 [0.000]    38.1920 [0.000]    39.3287 [0.000]    46.3959 [0.000]    46.5961 [0.000]
[kpt   9  -1   9]    60.5477 [0.000]   108.7082 [0.000]   131.4724 [0.000]




KOHN SHAM EIGENVALUES [eV] AT K-POINT [ 10]:       0.000000      0.083333      0.333333

[kpt  10  -1   0]   -42.7136 [2.000]   -19.3829 [2.000]   -19.2961 [2.000]   -19.2876 [2.000]   -13.5131 [2.000]
[kpt  10  -1   1]    -8.8468 [2.000]    -8.2623 [2.000]    -7.9982 [2.000]     1.0538 [2.000]     1.1436 [2.000]
[kpt  10  -1   2]     1.2318 [2.000]     5.2445 [2.000]     5.9354 [2.000]     5.9734 [2.000]     6.3991 [2.000]
[kpt  10  -1   3]     6.6886 [2.000]     6.7313 [2.000]     6.9572 [2.000]     7.4457 [2.000]     7.4741 [2.000]
[kpt  10  -1   4]    14.4417 [0.000]    15.2537 [0.000]    15.2981 [0.000]    16.8874 [0.000]    17.9355 [0.000]
[kpt  10  -1   5]    18.3981 [0.000]    18.5074 [0.000]    20.0950 [0.000]    22.0501 [0.000]    22.5477 [0.000]
[kpt  10  -1   6]    23.4274 [0.000]    24.3720 [0.000]    27.5934 [0.000]    28.0198 [0.000]    29.4303 [0.000]
[kpt  10  -1   7]    30.1815 [0.000]    32.1775 [0.000]    32.3071 [0.000]    33.1714 [0.000]    34.3393 [0.000]
[kpt  10  -1   8]    37.4439 [0.000]    38.6709 [0.000]    39.6817 [0.000]    46.9519 [0.000]    47.2865 [0.000]
[kpt  10  -1   9]    60.2469 [0.000]   104.8392 [0.000]   121.2744 [0.000]




KOHN SHAM EIGENVALUES [eV] AT K-POINT [ 11]:       0.000000      0.083333      0.416667

[kpt  11  -1   0]   -42.7132 [2.000]   -19.4051 [2.000]   -19.2953 [2.000]   -19.2869 [2.000]   -13.4762 [2.000]
[kpt  11  -1   1]    -8.9043 [2.000]    -8.2579 [2.000]    -7.8992 [2.000]     1.1263 [2.000]     1.1962 [2.000]
[kpt  11  -1   2]     1.2588 [2.000]     5.0061 [2.000]     5.8456 [2.000]     5.8615 [2.000]     6.2119 [2.000]
[kpt  11  -1   3]     6.5956 [2.000]     6.7598 [2.000]     6.9967 [2.000]     7.3334 [2.000]     7.3474 [2.000]
[kpt  11  -1   4]    14.5085 [0.000]    15.5354 [0.000]    15.5790 [0.000]    16.8989 [0.000]    18.1687 [0.000]
[kpt  11  -1   5]    18.7745 [0.000]    18.9570 [0.000]    21.1608 [0.000]    22.1206 [0.000]    22.4729 [0.000]
[kpt  11  -1   6]    23.6266 [0.000]    24.0479 [0.000]    28.1279 [0.000]    28.4853 [0.000]    29.4835 [0.000]
[kpt  11  -1   7]    29.9898 [0.000]    32.4883 [0.000]    32.7188 [0.000]    33.3102 [0.000]    33.6042 [0.000]
[kpt  11  -1   8]    37.1614 [0.000]    39.2619 [0.000]    40.2531 [0.000]    47.5928 [0.000]    48.0878 [0.000]
[kpt  11  -1   9]    59.9701 [0.000]    95.5919 [0.000]   112.9626 [0.000]




KOHN SHAM EIGENVALUES [eV] AT K-POINT [ 12]:       0.000000      0.083333      0.500000

[kpt  12  -1   0]   -42.7130 [2.000]   -19.4135 [2.000]   -19.2949 [2.000]   -19.2866 [2.000]   -13.4625 [2.000]
[kpt  12  -1   1]    -8.9262 [2.000]    -8.2563 [2.000]    -7.8616 [2.000]     1.1618 [2.000]     1.2158 [2.000]
[kpt  12  -1   2]     1.2605 [2.000]     4.9182 [2.000]     5.8114 [2.000]     5.8228 [2.000]     6.1348 [2.000]
[kpt  12  -1   3]     6.5682 [2.000]     6.7855 [2.000]     7.0467 [2.000]     7.2622 [2.000]     7.2897 [2.000]
[kpt  12  -1   4]    14.5658 [0.000]    15.6629 [0.000]    15.7071 [0.000]    16.9047 [0.000]    18.2544 [0.000]
[kpt  12  -1   5]    18.9966 [0.000]    19.2607 [0.000]    21.7057 [0.000]    22.3177 [0.000]    22.5554 [0.000]
[kpt  12  -1   6]    23.9687 [0.000]    24.1947 [0.000]    28.5428 [0.000]    28.6282 [0.000]    28.8884 [0.000]
[kpt  12  -1   7]    30.0518 [0.000]    32.2308 [0.000]    33.0902 [0.000]    33.8875 [0.000]    34.3827 [0.000]
[kpt  12  -1   8]    37.3778 [0.000]    39.8426 [0.000]    40.9985 [0.000]    48.3297 [0.000]    48.9753 [0.000]
[kpt  12  -1   9]    59.6376 [0.000]    75.7729 [0.000]   112.1822 [0.000]




KOHN SHAM EIGENVALUES [eV] AT K-POINT [ 13]:       0.000000      0.166667      0.166667

[kpt  13  -1   0]   -42.7142 [2.000]   -19.3218 [2.000]   -19.3196 [2.000]   -19.2889 [2.000]   -13.5790 [2.000]
[kpt  13  -1   1]    -8.7153 [2.000]    -8.2349 [2.000]    -8.2244 [2.000]     0.8987 [2.000]     1.0569 [2.000]
[kpt  13  -1   2]     1.1688 [2.000]     5.7012 [2.000]     6.0812 [2.000]     6.1885 [2.000]     6.5278 [2.000]
[kpt  13  -1   3]     6.6927 [2.000]     7.0002 [2.000]     7.0689 [2.000]     7.6053 [2.000]     7.6836 [2.000]
[kpt  13  -1   4]    14.5540 [0.000]    14.5780 [0.000]    14.8042 [0.000]    16.9638 [0.000]    17.4038 [0.000]
[kpt  13  -1   5]    17.8420 [0.000]    18.2205 [0.000]    18.3851 [0.000]    21.9886 [0.000]    22.7424 [0.000]
[kpt  13  -1   6]    23.3921 [0.000]    25.4559 [0.000]    26.1975 [0.000]    27.3181 [0.000]    28.8042 [0.000]
[kpt  13  -1   7]    31.0171 [0.000]    31.1970 [0.000]    31.7057 [0.000]    33.4261 [0.000]    36.5058 [0.000]
[kpt  13  -1   8]    37.3619 [0.000]    38.4141 [0.000]    39.2735 [0.000]    46.2409 [0.000]    46.3615 [0.000]
[kpt  13  -1   9]    60.8245 [0.000]   109.2638 [0.000]   133.5972 [0.000]




KOHN SHAM EIGENVALUES [eV] AT K-POINT [ 14]:       0.000000      0.166667      0.250000

[kpt  14  -1   0]   -42.7138 [2.000]   -19.3512 [2.000]   -19.3194 [2.000]   -19.2879 [2.000]   -13.5353 [2.000]
[kpt  14  -1   1]    -8.7356 [2.000]    -8.2306 [2.000]    -8.1392 [2.000]     0.9044 [2.000]     1.1251 [2.000]
[kpt  14  -1   2]     1.2205 [2.000]     5.4351 [2.000]     5.9563 [2.000]     6.1190 [2.000]     6.3252 [2.000]
[kpt  14  -1   3]     6.6104 [2.000]     6.8432 [2.000]     7.0293 [2.000]     7.4784 [2.000]     7.6240 [2.000]
[kpt  14  -1   4]    14.6123 [0.000]    14.9117 [0.000]    15.1061 [0.000]    17.0357 [0.000]    17.7775 [0.000]
[kpt  14  -1   5]    18.1995 [0.000]    18.5989 [0.000]    19.1791 [0.000]    21.9647 [0.000]    22.5637 [0.000]
[kpt  14  -1   6]    23.4643 [0.000]    25.1459 [0.000]    26.3634 [0.000]    27.6998 [0.000]    29.4524 [0.000]
[kpt  14  -1   7]    30.7781 [0.000]    31.5360 [0.000]    32.0624 [0.000]    33.0462 [0.000]    35.4889 [0.000]
[kpt  14  -1   8]    37.2181 [0.000]    38.4094 [0.000]    39.5583 [0.000]    46.6572 [0.000]    46.8711 [0.000]
[kpt  14  -1   9]    61.1488 [0.000]   104.0509 [0.000]   125.4145 [0.000]




KOHN SHAM EIGENVALUES [eV] AT K-POINT [ 15]:       0.000000      0.166667      0.333333

[kpt  15  -1   0]   -42.7133 [2.000]   -19.3813 [2.000]   -19.3181 [2.000]   -19.2869 [2.000]   -13.4907 [2.000]
[kpt  15  -1   1]    -8.7819 [2.000]    -8.2278 [2.000]    -8.0236 [2.000]     0.9493 [2.000]     1.1967 [2.000]
[kpt  15  -1   2]     1.2299 [2.000]     5.1582 [2.000]     5.8354 [2.000]     5.9997 [2.000]     6.0761 [2.000]
[kpt  15  -1   3]     6.5951 [2.000]     6.7573 [2.000]     7.0478 [2.000]     7.3408 [2.000]     7.5259 [2.000]
[kpt  15  -1   4]    14.6682 [0.000]    15.2633 [0.000]    15.4345 [0.000]    17.0687 [0.000]    18.1288 [0.000]
[kpt  15  -1   5]    18.6204 [0.000]    19.0072 [0.000]    20.1968 [0.000]    21.9588 [0.000]    22.4565 [0.000]
[kpt  15  -1   6]    23.5571 [0.000]    24.6461 [0.000]    26.8651 [0.000]    28.1596 [0.000]    29.8323 [0.000]
[kpt  15  -1   7]    30.5034 [0.000]    32.0768 [0.000]    32.4336 [0.000]    32.7771 [0.000]    34.4094 [0.000]
[kpt  15  -1   8]    36.9295 [0.000]    38.7730 [0.000]    40.0038 [0.000]    47.1940 [0.000]    47.5348 [0.000]
[kpt  15  -1   9]    61.3477 [0.000]    95.8366 [0.000]   115.6588 [0.000]




KOHN SHAM EIGENVALUES [eV] AT K-POINT [ 16]:       0.000000      0.166667      0.416667

[kpt  16  -1   0]   -42.7130 [2.000]   -19.4034 [2.000]   -19.3172 [2.000]   -19.2862 [2.000]   -13.4573 [2.000]
[kpt  16  -1   1]    -8.8254 [2.000]    -8.2246 [2.000]    -7.9284 [2.000]     1.0201 [2.000]     1.1967 [2.000]
[kpt  16  -1   2]     1.2516 [2.000]     4.9455 [2.000]     5.7643 [2.000]     5.8790 [2.000]     5.8905 [2.000]
[kpt  16  -1   3]     6.6252 [2.000]     6.7364 [2.000]     7.0941 [2.000]     7.2246 [2.000]     7.4084 [2.000]
[kpt  16  -1   4]    14.7236 [0.000]    15.5340 [0.000]    15.6999 [0.000]    17.0843 [0.000]    18.3661 [0.000]
[kpt  16  -1   5]    19.0043 [0.000]    19.4277 [0.000]    21.0796 [0.000]    22.1233 [0.000]    22.4766 [0.000]
[kpt  16  -1   6]    23.7331 [0.000]    24.2651 [0.000]    27.4086 [0.000]    28.5948 [0.000]    29.5085 [0.000]
[kpt  16  -1   7]    30.3533 [0.000]    32.0796 [0.000]    32.7304 [0.000]    33.3367 [0.000]    34.0272 [0.000]
[kpt  16  -1   8]    36.8256 [0.000]    39.3027 [0.000]    40.5999 [0.000]    47.8326 [0.000]    48.3138 [0.000]
[kpt  16  -1   9]    61.5240 [0.000]    81.0339 [0.000]   111.3557 [0.000]




KOHN SHAM EIGENVALUES [eV] AT K-POINT [ 17]:       0.000000      0.166667      0.500000

[kpt  17  -1   0]   -42.7128 [2.000]   -19.4117 [2.000]   -19.3168 [2.000]   -19.2858 [2.000]   -13.4450 [2.000]
[kpt  17  -1   1]    -8.8426 [2.000]    -8.2232 [2.000]    -7.8919 [2.000]     1.0741 [2.000]     1.1563 [2.000]
[kpt  17  -1   2]     1.2721 [2.000]     4.8653 [2.000]     5.7599 [2.000]     5.7897 [2.000]     5.8470 [2.000]
[kpt  17  -1   3]     6.6547 [2.000]     6.7332 [2.000]     7.1439 [2.000]     7.1699 [2.000]     7.3316 [2.000]
[kpt  17  -1   4]    14.7715 [0.000]    15.6541 [0.000]    15.8216 [0.000]    17.0917 [0.000]    18.4568 [0.000]
[kpt  17  -1   5]    19.2377 [0.000]    19.7099 [0.000]    21.3694 [0.000]    22.4836 [0.000]    22.6946 [0.000]
[kpt  17  -1   6]    24.0513 [0.000]    24.3549 [0.000]    27.8437 [0.000]    28.5284 [0.000]    28.9179 [0.000]
[kpt  17  -1   7]    30.4251 [0.000]    31.6924 [0.000]    33.1857 [0.000]    34.0565 [0.000]    34.7531 [0.000]
[kpt  17  -1   8]    37.2789 [0.000]    39.8779 [0.000]    41.2821 [0.000]    48.5652 [0.000]    49.1833 [0.000]
[kpt  17  -1   9]    61.1707 [0.000]    64.8673 [0.000]   110.6543 [0.000]




KOHN SHAM EIGENVALUES [eV] AT K-POINT [ 18]:       0.000000      0.250000      0.250000

[kpt  18  -1   0]   -42.7134 [2.000]   -19.3511 [2.000]   -19.3478 [2.000]   -19.2869 [2.000]   -13.4978 [2.000]
[kpt  18  -1   1]    -8.7076 [2.000]    -8.1578 [2.000]    -8.1537 [2.000]     0.8618 [2.000]     1.1970 [2.000]
[kpt  18  -1   2]     1.2206 [2.000]     5.2479 [2.000]     5.8093 [2.000]     6.0290 [2.000]     6.1109 [2.000]
[kpt  18  -1   3]     6.4728 [2.000]     6.7660 [2.000]     7.1048 [2.000]     7.3408 [2.000]     7.6436 [2.000]
[kpt  18  -1   4]    14.9178 [0.000]    14.9670 [0.000]    15.3592 [0.000]    17.1545 [0.000]    18.1114 [0.000]
[kpt  18  -1   5]    18.5465 [0.000]    19.3589 [0.000]    19.4861 [0.000]    21.8989 [0.000]    22.4437 [0.000]
[kpt  18  -1   6]    23.5719 [0.000]    25.5100 [0.000]    25.7344 [0.000]    28.0215 [0.000]    29.9265 [0.000]
[kpt  18  -1   7]    31.0290 [0.000]    31.5255 [0.000]    32.4422 [0.000]    32.5777 [0.000]    35.2580 [0.000]
[kpt  18  -1   8]    36.2680 [0.000]    38.7351 [0.000]    39.8897 [0.000]    47.0441 [0.000]    47.3307 [0.000]
[kpt  18  -1   9]    61.8983 [0.000]    95.5497 [0.000]   117.9857 [0.000]




KOHN SHAM EIGENVALUES [eV] AT K-POINT [ 19]:       0.000000      0.250000      0.333333

[kpt  19  -1   0]   -42.7130 [2.000]   -19.3794 [2.000]   -19.3478 [2.000]   -19.2859 [2.000]   -13.4596 [2.000]
[kpt  19  -1   1]    -8.7098 [2.000]    -8.1656 [2.000]    -8.0547 [2.000]     0.8642 [2.000]     1.1716 [2.000]
[kpt  19  -1   2]     1.2726 [2.000]     5.0393 [2.000]     5.6507 [2.000]     5.7547 [2.000]     6.0392 [2.000]
[kpt  19  -1   3]     6.4162 [2.000]     6.8010 [2.000]     7.1475 [2.000]     7.1919 [2.000]     7.6237 [2.000]
[kpt  19  -1   4]    14.9774 [0.000]    15.2794 [0.000]    15.6453 [0.000]    17.2121 [0.000]    18.4551 [0.000]
[kpt  19  -1   5]    18.9552 [0.000]    19.7724 [0.000]    20.3519 [0.000]    21.8500 [0.000]    22.4571 [0.000]
[kpt  19  -1   6]    23.6753 [0.000]    25.0014 [0.000]    26.1077 [0.000]    28.4180 [0.000]    29.9376 [0.000]
[kpt  19  -1   7]    30.9427 [0.000]    31.9504 [0.000]    32.2059 [0.000]    33.0010 [0.000]    34.5169 [0.000]
[kpt  19  -1   8]    36.2638 [0.000]    39.0301 [0.000]    40.3175 [0.000]    47.5407 [0.000]    47.9438 [0.000]
[kpt  19  -1   9]    62.6574 [0.000]    82.0301 [0.000]   112.8873 [0.000]




KOHN SHAM EIGENVALUES [eV] AT K-POINT [ 20]:       0.000000      0.250000      0.416667

[kpt  20  -1   0]   -42.7127 [2.000]   -19.4011 [2.000]   -19.3467 [2.000]   -19.2852 [2.000]   -13.4312 [2.000]
[kpt  20  -1   1]    -8.7259 [2.000]    -8.1690 [2.000]    -7.9679 [2.000]     0.9090 [2.000]     1.0906 [2.000]
[kpt  20  -1   2]     1.3308 [2.000]     4.8637 [2.000]     5.4762 [2.000]     5.6440 [2.000]     5.9414 [2.000]
[kpt  20  -1   3]     6.4409 [2.000]     6.8934 [2.000]     7.0650 [2.000]     7.1519 [2.000]     7.5773 [2.000]
[kpt  20  -1   4]    15.0170 [0.000]    15.5338 [0.000]    15.8827 [0.000]    17.2379 [0.000]    18.6973 [0.000]
[kpt  20  -1   5]    19.3380 [0.000]    20.1655 [0.000]    20.9385 [0.000]    22.2038 [0.000]    22.5793 [0.000]
[kpt  20  -1   6]    23.8335 [0.000]    24.5324 [0.000]    26.6025 [0.000]    28.7593 [0.000]    29.3436 [0.000]
[kpt  20  -1   7]    30.8418 [0.000]    31.5370 [0.000]    32.8400 [0.000]    33.6425 [0.000]    34.3823 [0.000]
[kpt  20  -1   8]    36.5932 [0.000]    39.5002 [0.000]    40.7350 [0.000]    48.1448 [0.000]    48.6795 [0.000]
[kpt  20  -1   9]    63.1369 [0.000]    67.4519 [0.000]   110.1898 [0.000]




KOHN SHAM EIGENVALUES [eV] AT K-POINT [ 21]:       0.000000      0.250000      0.500000

[kpt  21  -1   0]   -42.7125 [2.000]   -19.4093 [2.000]   -19.3463 [2.000]   -19.2849 [2.000]   -13.4207 [2.000]
[kpt  21  -1   1]    -8.7341 [2.000]    -8.1696 [2.000]    -7.9340 [2.000]     0.9647 [2.000]     1.0218 [2.000]
[kpt  21  -1   2]     1.3528 [2.000]     4.7939 [2.000]     5.4068 [2.000]     5.6177 [2.000]     5.8987 [2.000]
[kpt  21  -1   3]     6.4743 [2.000]     6.9551 [2.000]     7.0033 [2.000]     7.1389 [2.000]     7.5512 [2.000]
[kpt  21  -1   4]    15.0522 [0.000]    15.6443 [0.000]    15.9935 [0.000]    17.2489 [0.000]    18.7943 [0.000]
[kpt  21  -1   5]    19.5805 [0.000]    20.4432 [0.000]    21.0142 [0.000]    22.7073 [0.000]    22.8769 [0.000]
[kpt  21  -1   6]    24.1253 [0.000]    24.5705 [0.000]    26.9764 [0.000]    28.3914 [0.000]    28.8837 [0.000]
[kpt  21  -1   7]    30.8086 [0.000]    31.3057 [0.000]    33.3204 [0.000]    34.2825 [0.000]    35.1648 [0.000]
[kpt  21  -1   8]    37.4644 [0.000]    40.0445 [0.000]    40.9740 [0.000]    48.8485 [0.000]    49.5129 [0.000]
[kpt  21  -1   9]    55.9258 [0.000]    63.4413 [0.000]   108.9092 [0.000]




KOHN SHAM EIGENVALUES [eV] AT K-POINT [ 22]:       0.000000      0.333333      0.333333

[kpt  22  -1   0]   -42.7126 [2.000]   -19.3789 [2.000]   -19.3758 [2.000]   -19.2849 [2.000]   -13.4281 [2.000]
[kpt  22  -1   1]    -8.6607 [2.000]    -8.0899 [2.000]    -8.0735 [2.000]     0.8202 [2.000]     1.0756 [2.000]
[kpt  22  -1   2]     1.3529 [2.000]     4.8944 [2.000]     5.4209 [2.000]     5.5034 [2.000]     6.0630 [2.000]
[kpt  22  -1   3]     6.2695 [2.000]     6.9132 [2.000]     7.0313 [2.000]     7.2386 [2.000]     7.6812 [2.000]
[kpt  22  -1   4]    15.2644 [0.000]    15.3258 [0.000]    15.8871 [0.000]    17.2871 [0.000]    18.8062 [0.000]
[kpt  22  -1   5]    19.3538 [0.000]    20.4395 [0.000]    20.7737 [0.000]    21.8229 [0.000]    22.5862 [0.000]
[kpt  22  -1   6]    23.7775 [0.000]    25.2316 [0.000]    25.5648 [0.000]    28.7056 [0.000]    29.6159 [0.000]
[kpt  22  -1   7]    31.2820 [0.000]    31.6041 [0.000]    32.5002 [0.000]    33.5598 [0.000]    34.2668 [0.000]
[kpt  22  -1   8]    36.1229 [0.000]    39.3812 [0.000]    40.5232 [0.000]    47.9825 [0.000]    48.4878 [0.000]
[kpt  22  -1   9]    63.4874 [0.000]    68.2537 [0.000]   110.6031 [0.000]




KOHN SHAM EIGENVALUES [eV] AT K-POINT [ 23]:       0.000000      0.333333      0.416667

[kpt  23  -1   0]   -42.7123 [2.000]   -19.3990 [2.000]   -19.3759 [2.000]   -19.2842 [2.000]   -13.4047 [2.000]
[kpt  23  -1   1]    -8.6399 [2.000]    -8.0984 [2.000]    -8.0065 [2.000]     0.8255 [2.000]     0.9710 [2.000]
[kpt  23  -1   2]     1.4149 [2.000]     4.7558 [2.000]     5.2018 [2.000]     5.4100 [2.000]     6.0089 [2.000]
[kpt  23  -1   3]     6.2551 [2.000]     6.8943 [2.000]     7.0644 [2.000]     7.2695 [2.000]     7.6942 [2.000]
[kpt  23  -1   4]    15.3119 [0.000]    15.5375 [0.000]    16.0900 [0.000]    17.3204 [0.000]    19.0629 [0.000]
[kpt  23  -1   5]    19.7399 [0.000]    20.6441 [0.000]    21.2724 [0.000]    22.3352 [0.000]    22.8034 [0.000]
[kpt  23  -1   6]    23.9094 [0.000]    24.7951 [0.000]    25.8307 [0.000]    28.8341 [0.000]    29.0469 [0.000]
[kpt  23  -1   7]    30.9213 [0.000]    31.5127 [0.000]    33.1019 [0.000]    33.9991 [0.000]    34.4416 [0.000]
[kpt  23  -1   8]    36.9810 [0.000]    39.8079 [0.000]    40.3216 [0.000]    48.5242 [0.000]    49.1424 [0.000]
[kpt  23  -1   9]    57.4080 [0.000]    64.2857 [0.000]   108.7457 [0.000]




KOHN SHAM EIGENVALUES [eV] AT K-POINT [ 24]:       0.000000      0.333333      0.500000

[kpt  24  -1   0]   -42.7122 [2.000]   -19.4070 [2.000]   -19.3754 [2.000]   -19.2839 [2.000]   -13.3961 [2.000]
[kpt  24  -1   1]    -8.6351 [2.000]    -8.1030 [2.000]    -7.9770 [2.000]     0.8658 [2.000]     0.8954 [2.000]
[kpt  24  -1   2]     1.4387 [2.000]     4.6961 [2.000]     5.1242 [2.000]     5.3838 [2.000]     5.9684 [2.000]
[kpt  24  -1   3]     6.2895 [2.000]     6.8268 [2.000]     7.1725 [2.000]     7.2403 [2.000]     7.6932 [2.000]
[kpt  24  -1   4]    15.3343 [0.000]    15.6363 [0.000]    16.1835 [0.000]    17.3345 [0.000]    19.1675 [0.000]
[kpt  24  -1   5]    19.9954 [0.000]    20.7254 [0.000]    21.4035 [0.000]    23.0020 [0.000]    23.0699 [0.000]
[kpt  24  -1   6]    24.1691 [0.000]    24.8059 [0.000]    26.0880 [0.000]    28.2518 [0.000]    28.6302 [0.000]
[kpt  24  -1   7]    30.6093 [0.000]    31.7577 [0.000]    33.4057 [0.000]    34.6383 [0.000]    35.4910 [0.000]
[kpt  24  -1   8]    38.0017 [0.000]    39.4229 [0.000]    40.4110 [0.000]    49.1613 [0.000]    49.7725 [0.000]
[kpt  24  -1   9]    51.4172 [0.000]    64.4618 [0.000]   107.4173 [0.000]




KOHN SHAM EIGENVALUES [eV] AT K-POINT [ 25]:       0.000000      0.416667      0.416667

[kpt  25  -1   0]   -42.7120 [2.000]   -19.3983 [2.000]   -19.3963 [2.000]   -19.2835 [2.000]   -13.3850 [2.000]
[kpt  25  -1   1]    -8.5873 [2.000]    -8.0393 [2.000]    -8.0298 [2.000]     0.7878 [2.000]     0.8684 [2.000]
[kpt  25  -1   2]     1.4803 [2.000]     4.6384 [2.000]     5.0107 [2.000]     5.2707 [2.000]     6.0693 [2.000]
[kpt  25  -1   3]     6.1293 [2.000]     6.7493 [2.000]     7.2291 [2.000]     7.3497 [2.000]     7.7499 [2.000]
[kpt  25  -1   4]    15.5150 [0.000]    15.5630 [0.000]    16.2618 [0.000]    17.3571 [0.000]    19.3376 [0.000]
[kpt  25  -1   5]    20.1406 [0.000]    20.5745 [0.000]    22.2053 [0.000]    22.5840 [0.000]    23.1283 [0.000]
[kpt  25  -1   6]    23.9847 [0.000]    24.9362 [0.000]    25.3029 [0.000]    28.5711 [0.000]    28.6925 [0.000]
[kpt  25  -1   7]    30.7285 [0.000]    31.9296 [0.000]    33.2274 [0.000]    34.1554 [0.000]    35.1051 [0.000]
[kpt  25  -1   8]    37.6828 [0.000]    39.0314 [0.000]    40.2698 [0.000]    48.9935 [0.000]    49.6371 [0.000]
[kpt  25  -1   9]    52.2239 [0.000]    64.4308 [0.000]   106.8316 [0.000]




KOHN SHAM EIGENVALUES [eV] AT K-POINT [ 26]:       0.000000      0.416667      0.500000

[kpt  26  -1   0]   -42.7119 [2.000]   -19.4053 [2.000]   -19.3965 [2.000]   -19.2833 [2.000]   -13.3778 [2.000]
[kpt  26  -1   1]    -8.5704 [2.000]    -8.0443 [2.000]    -8.0090 [2.000]     0.7994 [2.000]     0.8077 [2.000]
[kpt  26  -1   2]     1.5059 [2.000]     4.5840 [2.000]     4.9420 [2.000]     5.2308 [2.000]     6.0438 [2.000]
[kpt  26  -1   3]     6.1497 [2.000]     6.6774 [2.000]     7.3333 [2.000]     7.3485 [2.000]     7.7657 [2.000]
[kpt  26  -1   4]    15.5443 [0.000]    15.6334 [0.000]    16.3372 [0.000]    17.3730 [0.000]    19.4493 [0.000]
[kpt  26  -1   5]    20.4112 [0.000]    20.5644 [0.000]    22.4443 [0.000]    23.1892 [0.000]    23.4517 [0.000]
[kpt  26  -1   6]    24.1764 [0.000]    25.0415 [0.000]    25.3305 [0.000]    28.0496 [0.000]    28.2200 [0.000]
[kpt  26  -1   7]    30.3616 [0.000]    32.4056 [0.000]    33.2552 [0.000]    35.1302 [0.000]    36.0504 [0.000]
[kpt  26  -1   8]    36.6996 [0.000]    39.5250 [0.000]    40.7974 [0.000]    49.4503 [0.000]    49.6698 [0.000]
[kpt  26  -1   9]    50.9646 [0.000]    64.2526 [0.000]   105.7244 [0.000]




KOHN SHAM EIGENVALUES [eV] AT K-POINT [ 27]:       0.000000      0.500000      0.500000

[kpt  27  -1   0]   -42.7118 [2.000]   -19.4052 [2.000]   -19.4038 [2.000]   -19.2830 [2.000]   -13.3710 [2.000]
[kpt  27  -1   1]    -8.5484 [2.000]    -8.0210 [2.000]    -8.0202 [2.000]     0.7758 [2.000]     0.7771 [2.000]
[kpt  27  -1   2]     1.5328 [2.000]     4.5307 [2.000]     4.8784 [2.000]     5.1846 [2.000]     6.0787 [2.000]
[kpt  27  -1   3]     6.1067 [2.000]     6.6054 [2.000]     7.3962 [2.000]     7.3972 [2.000]     7.7883 [2.000]
[kpt  27  -1   4]    15.6221 [0.000]    15.6403 [0.000]    16.4018 [0.000]    17.3898 [0.000]    19.5626 [0.000]
[kpt  27  -1   5]    20.4936 [0.000]    20.7601 [0.000]    23.0535 [0.000]    23.3254 [0.000]    23.9630 [0.000]
[kpt  27  -1   6]    24.1851 [0.000]    25.0930 [0.000]    25.3435 [0.000]    27.4649 [0.000]    28.1019 [0.000]
[kpt  27  -1   7]    30.0796 [0.000]    32.5677 [0.000]    33.0910 [0.000]    35.1255 [0.000]    36.3269 [0.000]
[kpt  27  -1   8]    37.0991 [0.000]    40.7738 [0.000]    41.3266 [0.000]    49.9187 [0.000]    50.1481 [0.000]
[kpt  27  -1   9]    51.5736 [0.000]    63.2942 [0.000]   104.7526 [0.000]




KOHN SHAM EIGENVALUES [eV] AT K-POINT [ 28]:       0.083333      0.083333      0.083333

[kpt  28  -1   0]   -42.7147 [2.000]   -19.2995 [2.000]   -19.2987 [2.000]   -19.2981 [2.000]   -13.6329 [2.000]
[kpt  28  -1   1]    -8.7067 [2.000]    -8.2707 [2.000]    -8.2706 [2.000]     0.9335 [2.000]     0.9335 [2.000]
[kpt  28  -1   2]     1.0713 [2.000]     6.0480 [2.000]     6.2253 [2.000]     6.2262 [2.000]     6.7802 [2.000]
[kpt  28  -1   3]     6.7803 [2.000]     6.9873 [2.000]     7.4925 [2.000]     7.7513 [2.000]     7.7589 [2.000]
[kpt  28  -1   4]    14.3609 [0.000]    14.3609 [0.000]    14.3728 [0.000]    16.8811 [0.000]    16.8814 [0.000]
[kpt  28  -1   5]    17.5634 [0.000]    17.5703 [0.000]    17.6330 [0.000]    21.9774 [0.000]    23.1819 [0.000]
[kpt  28  -1   6]    23.1839 [0.000]    25.5994 [0.000]    26.6274 [0.000]    26.6804 [0.000]    27.7756 [0.000]
[kpt  28  -1   7]    31.1500 [0.000]    31.2284 [0.000]    31.2284 [0.000]    33.6795 [0.000]    37.0743 [0.000]
[kpt  28  -1   8]    38.5900 [0.000]    38.7328 [0.000]    38.8131 [0.000]    45.7986 [0.000]    45.7993 [0.000]
[kpt  28  -1   9]    60.5759 [0.000]   116.8866 [0.000]   138.8039 [0.000]




KOHN SHAM EIGENVALUES [eV] AT K-POINT [ 29]:       0.083333      0.083333      0.166667

[kpt  29  -1   0]   -42.7144 [2.000]   -19.3214 [2.000]   -19.2986 [2.000]   -19.2973 [2.000]   -13.5994 [2.000]
[kpt  29  -1   1]    -8.7134 [2.000]    -8.2657 [2.000]    -8.2256 [2.000]     0.9306 [2.000]     0.9654 [2.000]
[kpt  29  -1   2]     1.1640 [2.000]     5.8253 [2.000]     6.1564 [2.000]     6.1746 [2.000]     6.6611 [2.000]
[kpt  29  -1   3]     6.7067 [2.000]     6.9974 [2.000]     7.2173 [2.000]     7.6791 [2.000]     7.6865 [2.000]
[kpt  29  -1   4]    14.4010 [0.000]    14.6017 [0.000]    14.6147 [0.000]    16.9289 [0.000]    17.2137 [0.000]
[kpt  29  -1   5]    17.7865 [0.000]    17.8164 [0.000]    18.1880 [0.000]    21.9626 [0.000]    22.9700 [0.000]
[kpt  29  -1   6]    23.2546 [0.000]    25.3743 [0.000]    26.5591 [0.000]    27.0537 [0.000]    28.3970 [0.000]
[kpt  29  -1   7]    30.9400 [0.000]    31.3941 [0.000]    31.4483 [0.000]    33.4075 [0.000]    36.7536 [0.000]
[kpt  29  -1   8]    38.2625 [0.000]    38.2788 [0.000]    39.0807 [0.000]    46.0671 [0.000]    46.1449 [0.000]
[kpt  29  -1   9]    60.6207 [0.000]   112.0360 [0.000]   136.1399 [0.000]




KOHN SHAM EIGENVALUES [eV] AT K-POINT [ 30]:       0.083333      0.083333      0.250000

[kpt  30  -1   0]   -42.7140 [2.000]   -19.3520 [2.000]   -19.2974 [2.000]   -19.2963 [2.000]   -13.5528 [2.000]
[kpt  30  -1   1]    -8.7561 [2.000]    -8.2590 [2.000]    -8.1283 [2.000]     0.9718 [2.000]     1.0100 [2.000]
[kpt  30  -1   2]     1.2471 [2.000]     5.5187 [2.000]     6.0412 [2.000]     6.0767 [2.000]     6.5771 [2.000]
[kpt  30  -1   3]     6.5784 [2.000]     6.9561 [2.000]     6.9715 [2.000]     7.5642 [2.000]     7.5806 [2.000]
[kpt  30  -1   4]    14.4557 [0.000]    14.9413 [0.000]    14.9543 [0.000]    16.9650 [0.000]    17.6245 [0.000]
[kpt  30  -1   5]    18.1311 [0.000]    18.1687 [0.000]    19.0650 [0.000]    21.9856 [0.000]    22.7071 [0.000]
[kpt  30  -1   6]    23.3165 [0.000]    24.9608 [0.000]    26.8487 [0.000]    27.5483 [0.000]    29.0711 [0.000]
[kpt  30  -1   7]    30.6079 [0.000]    31.7434 [0.000]    31.8195 [0.000]    33.0207 [0.000]    35.6983 [0.000]
[kpt  30  -1   8]    37.8281 [0.000]    38.3025 [0.000]    39.4716 [0.000]    46.4922 [0.000]    46.6808 [0.000]
[kpt  30  -1   9]    60.5827 [0.000]   107.4121 [0.000]   128.7466 [0.000]




KOHN SHAM EIGENVALUES [eV] AT K-POINT [ 31]:       0.083333      0.083333      0.333333

[kpt  31  -1   0]   -42.7135 [2.000]   -19.3823 [2.000]   -19.2963 [2.000]   -19.2952 [2.000]   -13.5051 [2.000]
[kpt  31  -1   1]    -8.8200 [2.000]    -8.2523 [2.000]    -8.0069 [2.000]     1.0495 [2.000]     1.0557 [2.000]
[kpt  31  -1   2]     1.2954 [2.000]     5.2114 [2.000]     5.9089 [2.000]     5.9614 [2.000]     6.3372 [2.000]
[kpt  31  -1   3]     6.5319 [2.000]     6.8977 [2.000]     6.9472 [2.000]     7.4370 [2.000]     7.4414 [2.000]
[kpt  31  -1   4]    14.5194 [0.000]    15.2976 [0.000]    15.3047 [0.000]    16.9850 [0.000]    17.9830 [0.000]
[kpt  31  -1   5]    18.5316 [0.000]    18.6194 [0.000]    20.1235 [0.000]    22.0579 [0.000]    22.4644 [0.000]
[kpt  31  -1   6]    23.4063 [0.000]    24.5240 [0.000]    27.3401 [0.000]    28.0628 [0.000]    29.5962 [0.000]
[kpt  31  -1   7]    30.2944 [0.000]    32.2203 [0.000]    32.2861 [0.000]    32.6746 [0.000]    34.3961 [0.000]
[kpt  31  -1   8]    37.3562 [0.000]    38.6835 [0.000]    39.9974 [0.000]    47.0409 [0.000]    47.3635 [0.000]
[kpt  31  -1   9]    60.4036 [0.000]   102.9440 [0.000]   117.8800 [0.000]




KOHN SHAM EIGENVALUES [eV] AT K-POINT [ 32]:       0.083333      0.083333      0.416667

[kpt  32  -1   0]   -42.7131 [2.000]   -19.4045 [2.000]   -19.2955 [2.000]   -19.2944 [2.000]   -13.4694 [2.000]
[kpt  32  -1   1]    -8.8738 [2.000]    -8.2474 [2.000]    -7.9088 [2.000]     1.0898 [2.000]     1.1449 [2.000]
[kpt  32  -1   2]     1.2928 [2.000]     4.9829 [2.000]     5.8294 [2.000]     5.8736 [2.000]     6.1095 [2.000]
[kpt  32  -1   3]     6.5027 [2.000]     6.9521 [2.000]     6.9660 [2.000]     7.2890 [2.000]     7.3251 [2.000]
[kpt  32  -1   4]    14.5824 [0.000]    15.5766 [0.000]    15.5794 [0.000]    16.9951 [0.000]    18.2194 [0.000]
[kpt  32  -1   5]    18.8891 [0.000]    19.0805 [0.000]    21.1349 [0.000]    22.2484 [0.000]    22.3040 [0.000]
[kpt  32  -1   6]    23.5844 [0.000]    24.2162 [0.000]    27.8880 [0.000]    28.5221 [0.000]    29.4904 [0.000]
[kpt  32  -1   7]    30.1186 [0.000]    32.0632 [0.000]    32.7200 [0.000]    33.1160 [0.000]    33.8499 [0.000]
[kpt  32  -1   8]    37.0755 [0.000]    39.1933 [0.000]    40.6447 [0.000]    47.6790 [0.000]    48.1572 [0.000]
[kpt  32  -1   9]    60.2330 [0.000]    91.9865 [0.000]   111.5588 [0.000]




KOHN SHAM EIGENVALUES [eV] AT K-POINT [ 33]:       0.083333      0.083333      0.500000

[kpt  33  -1   0]   -42.7129 [2.000]   -19.4129 [2.000]   -19.2951 [2.000]   -19.2941 [2.000]   -13.4562 [2.000]
[kpt  33  -1   1]    -8.8944 [2.000]    -8.2456 [2.000]    -7.8714 [2.000]     1.1024 [2.000]     1.2197 [2.000]
[kpt  33  -1   2]     1.2523 [2.000]     4.8981 [2.000]     5.8194 [2.000]     5.8410 [2.000]     6.0069 [2.000]
[kpt  33  -1   3]     6.4937 [2.000]     6.9726 [2.000]     7.0575 [2.000]     7.1728 [2.000]     7.2676 [2.000]
[kpt  33  -1   4]    14.6363 [0.000]    15.6983 [0.000]    15.7085 [0.000]    17.0008 [0.000]    18.3072 [0.000]
[kpt  33  -1   5]    19.1060 [0.000]    19.3867 [0.000]    21.6192 [0.000]    22.2827 [0.000]    22.6251 [0.000]
[kpt  33  -1   6]    23.9577 [0.000]    24.3030 [0.000]    28.2962 [0.000]    28.6431 [0.000]    28.8666 [0.000]
[kpt  33  -1   7]    30.1880 [0.000]    31.5612 [0.000]    33.0477 [0.000]    33.9317 [0.000]    34.6330 [0.000]
[kpt  33  -1   8]    37.2924 [0.000]    39.7410 [0.000]    41.3696 [0.000]    48.4202 [0.000]    49.0382 [0.000]
[kpt  33  -1   9]    60.0587 [0.000]    74.1571 [0.000]   111.2110 [0.000]




KOHN SHAM EIGENVALUES [eV] AT K-POINT [ 34]:       0.083333      0.166667      0.166667

[kpt  34  -1   0]   -42.7141 [2.000]   -19.3215 [2.000]   -19.3193 [2.000]   -19.2971 [2.000]   -13.5689 [2.000]
[kpt  34  -1   1]    -8.6967 [2.000]    -8.2338 [2.000]    -8.2218 [2.000]     0.8969 [2.000]     0.9748 [2.000]
[kpt  34  -1   2]     1.2614 [2.000]     5.6399 [2.000]     6.0700 [2.000]     6.1322 [2.000]     6.5409 [2.000]
[kpt  34  -1   3]     6.6246 [2.000]     6.9752 [2.000]     7.0574 [2.000]     7.5970 [2.000]     7.6567 [2.000]
[kpt  34  -1   4]    14.6238 [0.000]    14.6518 [0.000]    14.8160 [0.000]    17.0974 [0.000]    17.4153 [0.000]
[kpt  34  -1   5]    18.0215 [0.000]    18.2884 [0.000]    18.4514 [0.000]    21.9600 [0.000]    22.8218 [0.000]
[kpt  34  -1   6]    23.2443 [0.000]    25.4397 [0.000]    26.3916 [0.000]    27.1978 [0.000]    29.0081 [0.000]
[kpt  34  -1   7]    31.0639 [0.000]    31.3147 [0.000]    31.6557 [0.000]    32.9848 [0.000]    36.6419 [0.000]
[kpt  34  -1   8]    37.6096 [0.000]    38.5109 [0.000]    39.2030 [0.000]    46.3506 [0.000]    46.4394 [0.000]
[kpt  34  -1   9]    60.8721 [0.000]   108.3871 [0.000]   130.4684 [0.000]




KOHN SHAM EIGENVALUES [eV] AT K-POINT [ 35]:       0.083333      0.166667      0.250000

[kpt  35  -1   0]   -42.7137 [2.000]   -19.3508 [2.000]   -19.3190 [2.000]   -19.2960 [2.000]   -13.5265 [2.000]
[kpt  35  -1   1]    -8.7104 [2.000]    -8.2256 [2.000]    -8.1424 [2.000]     0.8946 [2.000]     1.0062 [2.000]
[kpt  35  -1   2]     1.3291 [2.000]     5.3851 [2.000]     5.9396 [2.000]     6.0460 [2.000]     6.3781 [2.000]
[kpt  35  -1   3]     6.5428 [2.000]     6.7870 [2.000]     7.0772 [2.000]     7.4764 [2.000]     7.5991 [2.000]
[kpt  35  -1   4]    14.6816 [0.000]    14.9696 [0.000]    15.1154 [0.000]    17.1642 [0.000]    17.7928 [0.000]
[kpt  35  -1   5]    18.3644 [0.000]    18.6687 [0.000]    19.2136 [0.000]    21.9918 [0.000]    22.5549 [0.000]
[kpt  35  -1   6]    23.2885 [0.000]    25.2467 [0.000]    26.4336 [0.000]    27.6451 [0.000]    29.5976 [0.000]
[kpt  35  -1   7]    30.8522 [0.000]    31.6380 [0.000]    32.0345 [0.000]    32.4915 [0.000]    35.6049 [0.000]
[kpt  35  -1   8]    37.2897 [0.000]    38.5642 [0.000]    39.6537 [0.000]    46.7567 [0.000]    46.9433 [0.000]
[kpt  35  -1   9]    61.0391 [0.000]   102.9348 [0.000]   120.4010 [0.000]




KOHN SHAM EIGENVALUES [eV] AT K-POINT [ 36]:       0.083333      0.166667      0.333333

[kpt  36  -1   0]   -42.7133 [2.000]   -19.3808 [2.000]   -19.3178 [2.000]   -19.2950 [2.000]   -13.4832 [2.000]
[kpt  36  -1   1]    -8.7521 [2.000]    -8.2202 [2.000]    -8.0293 [2.000]     0.9308 [2.000]     1.0431 [2.000]
[kpt  36  -1   2]     1.3483 [2.000]     5.1268 [2.000]     5.7932 [2.000]     5.9385 [2.000]     6.1415 [2.000]
[kpt  36  -1   3]     6.5096 [2.000]     6.7857 [2.000]     7.0743 [2.000]     7.3408 [2.000]     7.5019 [2.000]
[kpt  36  -1   4]    14.7350 [0.000]    15.3115 [0.000]    15.4390 [0.000]    17.1912 [0.000]    18.1514 [0.000]
[kpt  36  -1   5]    18.7699 [0.000]    19.0746 [0.000]    20.2011 [0.000]    22.0741 [0.000]    22.3252 [0.000]
[kpt  36  -1   6]    23.3584 [0.000]    24.8515 [0.000]    26.8375 [0.000]    28.1428 [0.000]    29.8531 [0.000]
[kpt  36  -1   7]    30.5951 [0.000]    32.0276 [0.000]    32.1628 [0.000]    32.5992 [0.000]    34.5144 [0.000]
[kpt  36  -1   8]    36.9200 [0.000]    38.8560 [0.000]    40.2378 [0.000]    47.2830 [0.000]    47.6007 [0.000]
[kpt  36  -1   9]    61.1844 [0.000]    93.4151 [0.000]   112.5376 [0.000]




KOHN SHAM EIGENVALUES [eV] AT K-POINT [ 37]:       0.083333      0.166667      0.416667

[kpt  37  -1   0]   -42.7129 [2.000]   -19.4028 [2.000]   -19.3169 [2.000]   -19.2942 [2.000]   -13.4509 [2.000]
[kpt  37  -1   1]    -8.7929 [2.000]    -8.2155 [2.000]    -7.9349 [2.000]     0.9796 [2.000]     1.0840 [2.000]
[kpt  37  -1   2]     1.3225 [2.000]     4.9266 [2.000]     5.7092 [2.000]     5.8572 [2.000]     5.9402 [2.000]
[kpt  37  -1   3]     6.5101 [2.000]     6.8727 [2.000]     7.0680 [2.000]     7.2232 [2.000]     7.3857 [2.000]
[kpt  37  -1   4]    14.7877 [0.000]    15.5773 [0.000]    15.7000 [0.000]    17.2037 [0.000]    18.3937 [0.000]
[kpt  37  -1   5]    19.1408 [0.000]    19.5000 [0.000]    21.0550 [0.000]    22.1304 [0.000]    22.4257 [0.000]
[kpt  37  -1   6]    23.5163 [0.000]    24.5344 [0.000]    27.3447 [0.000]    28.5847 [0.000]    29.4494 [0.000]
[kpt  37  -1   7]    30.4572 [0.000]    31.4115 [0.000]    32.7336 [0.000]    33.2720 [0.000]    34.3110 [0.000]
[kpt  37  -1   8]    36.7567 [0.000]    39.2975 [0.000]    40.8572 [0.000]    47.9149 [0.000]    48.3730 [0.000]
[kpt  37  -1   9]    61.4253 [0.000]    79.8223 [0.000]   109.9376 [0.000]




KOHN SHAM EIGENVALUES [eV] AT K-POINT [ 38]:       0.083333      0.166667      0.500000

[kpt  38  -1   0]   -42.7127 [2.000]   -19.4111 [2.000]   -19.3165 [2.000]   -19.2939 [2.000]   -13.4389 [2.000]
[kpt  38  -1   1]    -8.8092 [2.000]    -8.2137 [2.000]    -7.8986 [2.000]     1.0007 [2.000]     1.1122 [2.000]
[kpt  38  -1   2]     1.2959 [2.000]     4.8501 [2.000]     5.7118 [2.000]     5.7979 [2.000]     5.8676 [2.000]
[kpt  38  -1   3]     6.5184 [2.000]     6.9721 [2.000]     7.0191 [2.000]     7.1886 [2.000]     7.3132 [2.000]
[kpt  38  -1   4]    14.8334 [0.000]    15.6956 [0.000]    15.8202 [0.000]    17.2105 [0.000]    18.4868 [0.000]
[kpt  38  -1   5]    19.3681 [0.000]    19.7891 [0.000]    21.3613 [0.000]    22.1809 [0.000]    22.9203 [0.000]
[kpt  38  -1   6]    23.9082 [0.000]    24.5563 [0.000]    27.7084 [0.000]    28.5309 [0.000]    28.9348 [0.000]
[kpt  38  -1   7]    30.5052 [0.000]    30.7674 [0.000]    33.0816 [0.000]    34.1695 [0.000]    35.1139 [0.000]
[kpt  38  -1   8]    37.1348 [0.000]    39.8005 [0.000]    41.4626 [0.000]    48.6482 [0.000]    49.2369 [0.000]
[kpt  38  -1   9]    61.3574 [0.000]    66.4410 [0.000]   109.3325 [0.000]




KOHN SHAM EIGENVALUES [eV] AT K-POINT [ 39]:       0.083333      0.250000      0.250000

[kpt  39  -1   0]   -42.7133 [2.000]   -19.3507 [2.000]   -19.3475 [2.000]   -19.2950 [2.000]   -13.4900 [2.000]
[kpt  39  -1   1]    -8.6772 [2.000]    -8.1561 [2.000]    -8.1541 [2.000]     0.8419 [2.000]     1.0153 [2.000]
[kpt  39  -1   2]     1.3686 [2.000]     5.2042 [2.000]     5.8022 [2.000]     5.9140 [2.000]     6.2239 [2.000]
[kpt  39  -1   3]     6.4535 [2.000]     6.6851 [2.000]     7.1517 [2.000]     7.3470 [2.000]     7.6209 [2.000]
[kpt  39  -1   4]    14.9733 [0.000]    15.0260 [0.000]    15.3670 [0.000]    17.2959 [0.000]    18.1130 [0.000]
[kpt  39  -1   5]    18.6974 [0.000]    19.4112 [0.000]    19.4989 [0.000]    22.0124 [0.000]    22.3571 [0.000]
[kpt  39  -1   6]    23.3078 [0.000]    25.4963 [0.000]    26.0441 [0.000]    27.9509 [0.000]    29.9236 [0.000]
[kpt  39  -1   7]    31.0573 [0.000]    31.6679 [0.000]    32.1169 [0.000]    32.4322 [0.000]    35.4167 [0.000]
[kpt  39  -1   8]    36.3760 [0.000]    38.8472 [0.000]    40.0424 [0.000]    47.1409 [0.000]    47.3934 [0.000]
[kpt  39  -1   9]    61.6793 [0.000]    93.0257 [0.000]   114.1372 [0.000]




KOHN SHAM EIGENVALUES [eV] AT K-POINT [ 40]:       0.083333      0.250000      0.333333

[kpt  40  -1   0]   -42.7129 [2.000]   -19.3790 [2.000]   -19.3475 [2.000]   -19.2940 [2.000]   -13.4528 [2.000]
[kpt  40  -1   1]    -8.6762 [2.000]    -8.1610 [2.000]    -8.0566 [2.000]     0.8346 [2.000]     1.0144 [2.000]
[kpt  40  -1   2]     1.3664 [2.000]     5.0134 [2.000]     5.6210 [2.000]     5.7402 [2.000]     6.0922 [2.000]
[kpt  40  -1   3]     6.4146 [2.000]     6.7316 [2.000]     7.1827 [2.000]     7.2102 [2.000]     7.6044 [2.000]
[kpt  40  -1   4]    15.0323 [0.000]    15.3290 [0.000]    15.6499 [0.000]    17.3534 [0.000]    18.4586 [0.000]
[kpt  40  -1   5]    19.0942 [0.000]    19.8068 [0.000]    20.3410 [0.000]    21.9380 [0.000]    22.3775 [0.000]
[kpt  40  -1   6]    23.3428 [0.000]    25.2321 [0.000]    26.2343 [0.000]    28.3732 [0.000]    29.7480 [0.000]
[kpt  40  -1   7]    30.9845 [0.000]    31.6415 [0.000]    32.2309 [0.000]    32.9843 [0.000]    34.6608 [0.000]
[kpt  40  -1   8]    36.2413 [0.000]    39.1202 [0.000]    40.4643 [0.000]    47.6299 [0.000]    48.0023 [0.000]
[kpt  40  -1   9]    62.3049 [0.000]    80.1521 [0.000]   110.9018 [0.000]




KOHN SHAM EIGENVALUES [eV] AT K-POINT [ 41]:       0.083333      0.250000      0.416667

[kpt  41  -1   0]   -42.7126 [2.000]   -19.4006 [2.000]   -19.3464 [2.000]   -19.2932 [2.000]   -13.4252 [2.000]
[kpt  41  -1   1]    -8.6907 [2.000]    -8.1620 [2.000]    -7.9704 [2.000]     0.8639 [2.000]     0.9948 [2.000]
[kpt  41  -1   2]     1.3452 [2.000]     4.8508 [2.000]     5.4695 [2.000]     5.6533 [2.000]     5.9705 [2.000]
[kpt  41  -1   3]     6.4427 [2.000]     6.8305 [2.000]     7.0923 [2.000]     7.1813 [2.000]     7.5615 [2.000]
[kpt  41  -1   4]    15.0706 [0.000]    15.5780 [0.000]    15.8843 [0.000]    17.3773 [0.000]    18.7049 [0.000]
[kpt  41  -1   5]    19.4720 [0.000]    20.1961 [0.000]    20.9350 [0.000]    22.0572 [0.000]    22.6562 [0.000]
[kpt  41  -1   6]    23.4741 [0.000]    24.8688 [0.000]    26.6641 [0.000]    28.6911 [0.000]    29.2799 [0.000]
[kpt  41  -1   7]    30.6520 [0.000]    31.0303 [0.000]    32.8438 [0.000]    33.6546 [0.000]    34.7119 [0.000]
[kpt  41  -1   8]    36.4508 [0.000]    39.5170 [0.000]    40.8153 [0.000]    48.2255 [0.000]    48.7366 [0.000]
[kpt  41  -1   9]    62.8443 [0.000]    68.4991 [0.000]   109.2191 [0.000]




KOHN SHAM EIGENVALUES [eV] AT K-POINT [ 42]:       0.083333      0.250000      0.500000

[kpt  42  -1   0]   -42.7124 [2.000]   -19.4088 [2.000]   -19.3459 [2.000]   -19.2929 [2.000]   -13.4150 [2.000]
[kpt  42  -1   1]    -8.6983 [2.000]    -8.1618 [2.000]    -7.9365 [2.000]     0.8920 [2.000]     0.9736 [2.000]
[kpt  42  -1   2]     1.3338 [2.000]     4.7841 [2.000]     5.4238 [2.000]     5.6233 [2.000]     5.9208 [2.000]
[kpt  42  -1   3]     6.4739 [2.000]     6.8820 [2.000]     7.0505 [2.000]     7.1622 [2.000]     7.5379 [2.000]
[kpt  42  -1   4]    15.1045 [0.000]    15.6866 [0.000]    15.9934 [0.000]    17.3880 [0.000]    18.8039 [0.000]
[kpt  42  -1   5]    19.7145 [0.000]    20.4856 [0.000]    21.0083 [0.000]    22.2561 [0.000]    23.2121 [0.000]
[kpt  42  -1   6]    23.8630 [0.000]    24.8402 [0.000]    26.9397 [0.000]    28.3873 [0.000]    28.9217 [0.000]
[kpt  42  -1   7]    30.0021 [0.000]    31.1160 [0.000]    33.1581 [0.000]    34.5434 [0.000]    35.4619 [0.000]
[kpt  42  -1   8]    37.2206 [0.000]    39.9247 [0.000]    41.0963 [0.000]    48.9214 [0.000]    49.5760 [0.000]
[kpt  42  -1   9]    59.4815 [0.000]    63.2731 [0.000]   107.8452 [0.000]




KOHN SHAM EIGENVALUES [eV] AT K-POINT [ 43]:       0.083333      0.333333      0.333333

[kpt  43  -1   0]   -42.7125 [2.000]   -19.3785 [2.000]   -19.3755 [2.000]   -19.2929 [2.000]   -13.4220 [2.000]
[kpt  43  -1   1]    -8.6243 [2.000]    -8.0852 [2.000]    -8.0736 [2.000]     0.7824 [2.000]     0.9602 [2.000]
[kpt  43  -1   2]     1.3670 [2.000]     4.8808 [2.000]     5.4391 [2.000]     5.5003 [2.000]     6.1026 [2.000]
[kpt  43  -1   3]     6.2953 [2.000]     6.7840 [2.000]     7.0979 [2.000]     7.2679 [2.000]     7.6673 [2.000]
[kpt  43  -1   4]    15.3116 [0.000]    15.3745 [0.000]    15.8905 [0.000]    17.4340 [0.000]    18.8047 [0.000]
[kpt  43  -1   5]    19.4831 [0.000]    20.3999 [0.000]    20.8008 [0.000]    21.8093 [0.000]    22.5981 [0.000]
[kpt  43  -1   6]    23.3461 [0.000]    25.5552 [0.000]    25.7220 [0.000]    28.6465 [0.000]    29.2858 [0.000]
[kpt  43  -1   7]    31.2775 [0.000]    31.3748 [0.000]    32.6832 [0.000]    33.5636 [0.000]    34.3325 [0.000]
[kpt  43  -1   8]    36.0580 [0.000]    39.4550 [0.000]    40.5594 [0.000]    48.0687 [0.000]    48.5499 [0.000]
[kpt  43  -1   9]    63.2775 [0.000]    68.7128 [0.000]   109.8762 [0.000]




KOHN SHAM EIGENVALUES [eV] AT K-POINT [ 44]:       0.083333      0.333333      0.416667

[kpt  44  -1   0]   -42.7122 [2.000]   -19.3985 [2.000]   -19.3756 [2.000]   -19.2922 [2.000]   -13.3991 [2.000]
[kpt  44  -1   1]    -8.6023 [2.000]    -8.0930 [2.000]    -8.0050 [2.000]     0.7780 [2.000]     0.8914 [2.000]
[kpt  44  -1   2]     1.3642 [2.000]     4.7493 [2.000]     5.2640 [2.000]     5.4112 [2.000]     6.0409 [2.000]
[kpt  44  -1   3]     6.2961 [2.000]     6.7724 [2.000]     7.1213 [2.000]     7.2902 [2.000]     7.6852 [2.000]
[kpt  44  -1   4]    15.3575 [0.000]    15.5818 [0.000]    16.0921 [0.000]    17.4680 [0.000]    19.0629 [0.000]
[kpt  44  -1   5]    19.8675 [0.000]    20.6147 [0.000]    21.2900 [0.000]    22.1059 [0.000]    22.9450 [0.000]
[kpt  44  -1   6]    23.4346 [0.000]    25.1724 [0.000]    25.9844 [0.000]    28.5772 [0.000]    29.1928 [0.000]
[kpt  44  -1   7]    30.2232 [0.000]    31.4742 [0.000]    33.0408 [0.000]    34.1056 [0.000]    34.6385 [0.000]
[kpt  44  -1   8]    36.8057 [0.000]    39.7625 [0.000]    40.4175 [0.000]    48.6048 [0.000]    49.2318 [0.000]
[kpt  44  -1   9]    60.4714 [0.000]    64.0189 [0.000]   108.4413 [0.000]




KOHN SHAM EIGENVALUES [eV] AT K-POINT [ 45]:       0.083333      0.333333      0.500000

[kpt  45  -1   0]   -42.7121 [2.000]   -19.4065 [2.000]   -19.3750 [2.000]   -19.2919 [2.000]   -13.3906 [2.000]
[kpt  45  -1   1]    -8.5972 [2.000]    -8.0967 [2.000]    -7.9754 [2.000]     0.8002 [2.000]     0.8434 [2.000]
[kpt  45  -1   2]     1.3631 [2.000]     4.6901 [2.000]     5.2091 [2.000]     5.3851 [2.000]     5.9981 [2.000]
[kpt  45  -1   3]     6.3381 [2.000]     6.7241 [2.000]     7.2107 [2.000]     7.2513 [2.000]     7.6868 [2.000]
[kpt  45  -1   4]    15.3794 [0.000]    15.6790 [0.000]    16.1852 [0.000]    17.4826 [0.000]    19.1696 [0.000]
[kpt  45  -1   5]    20.1272 [0.000]    20.7008 [0.000]    21.4002 [0.000]    22.4298 [0.000]    23.5022 [0.000]
[kpt  45  -1   6]    23.8080 [0.000]    25.0942 [0.000]    26.1745 [0.000]    28.2670 [0.000]    28.5125 [0.000]
[kpt  45  -1   7]    29.8344 [0.000]    31.7198 [0.000]    33.0791 [0.000]    35.0249 [0.000]    35.5554 [0.000]
[kpt  45  -1   8]    37.7074 [0.000]    39.6391 [0.000]    40.7201 [0.000]    49.2396 [0.000]    50.0446 [0.000]
[kpt  45  -1   9]    55.5855 [0.000]    64.1603 [0.000]   106.7998 [0.000]




KOHN SHAM EIGENVALUES [eV] AT K-POINT [ 46]:       0.083333      0.416667      0.416667

[kpt  46  -1   0]   -42.7119 [2.000]   -19.3979 [2.000]   -19.3959 [2.000]   -19.2914 [2.000]   -13.3797 [2.000]
[kpt  46  -1   1]    -8.5487 [2.000]    -8.0338 [2.000]    -8.0259 [2.000]     0.7371 [2.000]     0.8023 [2.000]
[kpt  46  -1   2]     1.3764 [2.000]     4.6340 [2.000]     5.1296 [2.000]     5.2704 [2.000]     6.1085 [2.000]
[kpt  46  -1   3]     6.1838 [2.000]     6.6473 [2.000]     7.2503 [2.000]     7.3639 [2.000]     7.7466 [2.000]
[kpt  46  -1   4]    15.5577 [0.000]    15.6055 [0.000]    16.2643 [0.000]    17.5064 [0.000]    19.3362 [0.000]
[kpt  46  -1   5]    20.2688 [0.000]    20.5384 [0.000]    22.1221 [0.000]    22.3052 [0.000]    23.2965 [0.000]
[kpt  46  -1   6]    23.4923 [0.000]    25.2507 [0.000]    25.5852 [0.000]    28.2423 [0.000]    29.0014 [0.000]
[kpt  46  -1   7]    30.1764 [0.000]    31.8541 [0.000]    32.7195 [0.000]    34.4468 [0.000]    35.2034 [0.000]
[kpt  46  -1   8]    37.4907 [0.000]    39.3727 [0.000]    40.4295 [0.000]    49.0752 [0.000]    49.8690 [0.000]
[kpt  46  -1   9]    55.9338 [0.000]    64.2777 [0.000]   107.0085 [0.000]




KOHN SHAM EIGENVALUES [eV] AT K-POINT [ 47]:       0.083333      0.416667      0.500000

[kpt  47  -1   0]   -42.7118 [2.000]   -19.4049 [2.000]   -19.3961 [2.000]   -19.2911 [2.000]   -13.3726 [2.000]
[kpt  47  -1   1]    -8.5315 [2.000]    -8.0385 [2.000]    -8.0044 [2.000]     0.7409 [2.000]     0.7531 [2.000]
[kpt  47  -1   2]     1.3809 [2.000]     4.5791 [2.000]     5.0852 [2.000]     5.2313 [2.000]     6.0898 [2.000]
[kpt  47  -1   3]     6.2108 [2.000]     6.5689 [2.000]     7.3493 [2.000]     7.3579 [2.000]     7.7649 [2.000]
[kpt  47  -1   4]    15.5858 [0.000]    15.6759 [0.000]    16.3400 [0.000]    17.5233 [0.000]    19.4500 [0.000]
[kpt  47  -1   5]    20.5006 [0.000]    20.5666 [0.000]    22.3147 [0.000]    22.6684 [0.000]    23.7710 [0.000]
[kpt  47  -1   6]    23.8426 [0.000]    25.1436 [0.000]    25.7236 [0.000]    27.9115 [0.000]    28.2127 [0.000]
[kpt  47  -1   7]    29.9151 [0.000]    32.2511 [0.000]    32.5799 [0.000]    35.5306 [0.000]    36.1104 [0.000]
[kpt  47  -1   8]    37.4124 [0.000]    39.6771 [0.000]    41.0409 [0.000]    49.6411 [0.000]    50.6697 [0.000]
[kpt  47  -1   9]    53.9482 [0.000]    64.1718 [0.000]   105.6754 [0.000]




KOHN SHAM EIGENVALUES [eV] AT K-POINT [ 48]:       0.083333      0.500000      0.500000

[kpt  48  -1   0]   -42.7116 [2.000]   -19.4048 [2.000]   -19.4034 [2.000]   -19.2909 [2.000]   -13.3659 [2.000]
[kpt  48  -1   1]    -8.5092 [2.000]    -8.0154 [2.000]    -8.0144 [2.000]     0.7204 [2.000]     0.7216 [2.000]
[kpt  48  -1   2]     1.3877 [2.000]     4.5259 [2.000]     5.0468 [2.000]     5.1855 [2.000]     6.1434 [2.000]
[kpt  48  -1   3]     6.1684 [2.000]     6.4821 [2.000]     7.4048 [2.000]     7.4069 [2.000]     7.7902 [2.000]
[kpt  48  -1   4]    15.6635 [0.000]    15.6821 [0.000]    16.4050 [0.000]    17.5412 [0.000]    19.5635 [0.000]
[kpt  48  -1   5]    20.4588 [0.000]    20.8836 [0.000]    22.6654 [0.000]    22.8693 [0.000]    24.1323 [0.000]
[kpt  48  -1   6]    24.1952 [0.000]    25.0293 [0.000]    25.8522 [0.000]    27.3484 [0.000]    28.1920 [0.000]
[kpt  48  -1   7]    29.9364 [0.000]    31.5942 [0.000]    33.0446 [0.000]    36.1872 [0.000]    36.7115 [0.000]
[kpt  48  -1   8]    37.2265 [0.000]    40.7129 [0.000]    41.6555 [0.000]    50.1448 [0.000]    51.4864 [0.000]
[kpt  48  -1   9]    53.6996 [0.000]    63.4875 [0.000]   104.6443 [0.000]




KOHN SHAM EIGENVALUES [eV] AT K-POINT [ 49]:       0.166667      0.166667      0.166667

[kpt  49  -1   0]   -42.7138 [2.000]   -19.3217 [2.000]   -19.3187 [2.000]   -19.3179 [2.000]   -13.5409 [2.000]
[kpt  49  -1   1]    -8.6610 [2.000]    -8.2148 [2.000]    -8.2147 [2.000]     0.8916 [2.000]     0.8916 [2.000]
[kpt  49  -1   2]     1.3695 [2.000]     5.4697 [2.000]     6.0323 [2.000]     6.0340 [2.000]     6.5237 [2.000]
[kpt  49  -1   3]     6.5239 [2.000]     6.7306 [2.000]     7.1366 [2.000]     7.5808 [2.000]     7.5846 [2.000]
[kpt  49  -1   4]    14.8223 [0.000]    14.8227 [0.000]    14.8823 [0.000]    17.4379 [0.000]    17.4417 [0.000]
[kpt  49  -1   5]    18.4828 [0.000]    18.5034 [0.000]    18.6669 [0.000]    21.9908 [0.000]    22.8928 [0.000]
[kpt  49  -1   6]    22.8995 [0.000]    25.4431 [0.000]    26.8564 [0.000]    26.9073 [0.000]    29.4926 [0.000]
[kpt  49  -1   7]    31.1353 [0.000]    31.6035 [0.000]    31.6042 [0.000]    32.4585 [0.000]    36.5951 [0.000]
[kpt  49  -1   8]    37.4065 [0.000]    38.5708 [0.000]    39.3152 [0.000]    46.6659 [0.000]    46.6691 [0.000]
[kpt  49  -1   9]    61.0010 [0.000]   103.7538 [0.000]   120.4193 [0.000]




KOHN SHAM EIGENVALUES [eV] AT K-POINT [ 50]:       0.166667      0.166667      0.250000

[kpt  50  -1   0]   -42.7134 [2.000]   -19.3497 [2.000]   -19.3195 [2.000]   -19.3168 [2.000]   -13.5021 [2.000]
[kpt  50  -1   1]    -8.6510 [2.000]    -8.2051 [2.000]    -8.1480 [2.000]     0.8606 [2.000]     0.8833 [2.000]
[kpt  50  -1   2]     1.4251 [2.000]     5.2552 [2.000]     5.8775 [2.000]     5.9741 [2.000]     6.3589 [2.000]
[kpt  50  -1   3]     6.4687 [2.000]     6.5942 [2.000]     7.1769 [2.000]     7.4771 [2.000]     7.5488 [2.000]
[kpt  50  -1   4]    14.8767 [0.000]    15.1154 [0.000]    15.1608 [0.000]    17.4627 [0.000]    17.8628 [0.000]
[kpt  50  -1   5]    18.8056 [0.000]    18.8864 [0.000]    19.3308 [0.000]    22.0759 [0.000]    22.4925 [0.000]
[kpt  50  -1   6]    22.9472 [0.000]    25.4075 [0.000]    26.6520 [0.000]    27.5031 [0.000]    29.8463 [0.000]
[kpt  50  -1   7]    31.0181 [0.000]    31.8365 [0.000]    31.9669 [0.000]    32.0605 [0.000]    35.6006 [0.000]
[kpt  50  -1   8]    37.0180 [0.000]    38.7379 [0.000]    39.7405 [0.000]    47.0372 [0.000]    47.1630 [0.000]
[kpt  50  -1   9]    61.0024 [0.000]    93.5460 [0.000]   112.4985 [0.000]




KOHN SHAM EIGENVALUES [eV] AT K-POINT [ 51]:       0.166667      0.166667      0.333333

[kpt  51  -1   0]   -42.7130 [2.000]   -19.3795 [2.000]   -19.3182 [2.000]   -19.3157 [2.000]   -13.4626 [2.000]
[kpt  51  -1   1]    -8.6754 [2.000]    -8.1954 [2.000]    -8.0439 [2.000]     0.8738 [2.000]     0.8867 [2.000]
[kpt  51  -1   2]     1.4108 [2.000]     5.0497 [2.000]     5.6872 [2.000]     5.9148 [2.000]     6.1069 [2.000]
[kpt  51  -1   3]     6.4599 [2.000]     6.6572 [2.000]     7.1793 [2.000]     7.3623 [2.000]     7.4708 [2.000]
[kpt  51  -1   4]    14.9242 [0.000]    15.4391 [0.000]    15.4631 [0.000]    17.4748 [0.000]    18.2435 [0.000]
[kpt  51  -1   5]    19.1604 [0.000]    19.2899 [0.000]    20.2519 [0.000]    22.1121 [0.000]    22.2574 [0.000]
[kpt  51  -1   6]    23.0265 [0.000]    25.1932 [0.000]    26.8091 [0.000]    28.0837 [0.000]    29.7055 [0.000]
[kpt  51  -1   7]    30.8249 [0.000]    31.6017 [0.000]    32.3038 [0.000]    32.6761 [0.000]    34.6871 [0.000]
[kpt  51  -1   8]    36.6366 [0.000]    39.0054 [0.000]    40.2989 [0.000]    47.5339 [0.000]    47.8044 [0.000]
[kpt  51  -1   9]    61.3304 [0.000]    81.1443 [0.000]   109.7541 [0.000]




KOHN SHAM EIGENVALUES [eV] AT K-POINT [ 52]:       0.166667      0.166667      0.416667

[kpt  52  -1   0]   -42.7126 [2.000]   -19.4013 [2.000]   -19.3172 [2.000]   -19.3148 [2.000]   -13.4331 [2.000]
[kpt  52  -1   1]    -8.7061 [2.000]    -8.1882 [2.000]    -7.9529 [2.000]     0.8661 [2.000]     0.9519 [2.000]
[kpt  52  -1   2]     1.3454 [2.000]     4.8816 [2.000]     5.5931 [2.000]     5.8767 [2.000]     5.9046 [2.000]
[kpt  52  -1   3]     6.4740 [2.000]     6.7675 [2.000]     7.1649 [2.000]     7.2716 [2.000]     7.3638 [2.000]
[kpt  52  -1   4]    14.9697 [0.000]    15.6973 [0.000]    15.7058 [0.000]    17.4811 [0.000]    18.4992 [0.000]
[kpt  52  -1   5]    19.4944 [0.000]    19.7279 [0.000]    21.0277 [0.000]    21.8288 [0.000]    22.6596 [0.000]
[kpt  52  -1   6]    23.2323 [0.000]    24.9342 [0.000]    27.1639 [0.000]    28.5722 [0.000]    29.1998 [0.000]
[kpt  52  -1   7]    30.7008 [0.000]    30.7307 [0.000]    32.7918 [0.000]    33.4646 [0.000]    34.7404 [0.000]
[kpt  52  -1   8]    36.5000 [0.000]    39.3937 [0.000]    40.8264 [0.000]    48.1447 [0.000]    48.5594 [0.000]
[kpt  52  -1   9]    61.7885 [0.000]    70.9221 [0.000]   108.5738 [0.000]




KOHN SHAM EIGENVALUES [eV] AT K-POINT [ 53]:       0.166667      0.166667      0.500000

[kpt  53  -1   0]   -42.7124 [2.000]   -19.4095 [2.000]   -19.3167 [2.000]   -19.3145 [2.000]   -13.4222 [2.000]
[kpt  53  -1   1]    -8.7190 [2.000]    -8.1855 [2.000]    -7.9173 [2.000]     0.8630 [2.000]     0.9963 [2.000]
[kpt  53  -1   2]     1.2993 [2.000]     4.8132 [2.000]     5.5944 [2.000]     5.8060 [2.000]     5.8643 [2.000]
[kpt  53  -1   3]     6.4885 [2.000]     6.8333 [2.000]     7.1577 [2.000]     7.2339 [2.000]     7.3007 [2.000]
[kpt  53  -1   4]    15.0092 [0.000]    15.8002 [0.000]    15.8299 [0.000]    17.4872 [0.000]    18.5990 [0.000]
[kpt  53  -1   5]    19.7127 [0.000]    20.0272 [0.000]    21.3211 [0.000]    21.7297 [0.000]    23.2723 [0.000]
[kpt  53  -1   6]    23.6978 [0.000]    24.9021 [0.000]    27.3137 [0.000]    28.6130 [0.000]    28.9167 [0.000]
[kpt  53  -1   7]    29.6866 [0.000]    30.8342 [0.000]    33.0606 [0.000]    34.4736 [0.000]    35.5505 [0.000]
[kpt  53  -1   8]    36.9320 [0.000]    39.8436 [0.000]    41.3229 [0.000]    48.8569 [0.000]    49.4083 [0.000]
[kpt  53  -1   9]    61.6557 [0.000]    63.0546 [0.000]   107.2315 [0.000]




KOHN SHAM EIGENVALUES [eV] AT K-POINT [ 54]:       0.166667      0.250000      0.250000

[kpt  54  -1   0]   -42.7131 [2.000]   -19.3497 [2.000]   -19.3466 [2.000]   -19.3169 [2.000]   -13.4684 [2.000]
[kpt  54  -1   1]    -8.6002 [2.000]    -8.1560 [2.000]    -8.1442 [2.000]     0.7875 [2.000]     0.8384 [2.000]
[kpt  54  -1   2]     1.4450 [2.000]     5.1028 [2.000]     5.7837 [2.000]     5.8479 [2.000]     6.2164 [2.000]
[kpt  54  -1   3]     6.4264 [2.000]     6.5020 [2.000]     7.2528 [2.000]     7.3956 [2.000]     7.5574 [2.000]
[kpt  54  -1   4]    15.1340 [0.000]    15.1897 [0.000]    15.3901 [0.000]    17.6628 [0.000]    18.1162 [0.000]
[kpt  54  -1   5]    19.1261 [0.000]    19.5354 [0.000]    19.5850 [0.000]    22.1589 [0.000]    22.3046 [0.000]
[kpt  54  -1   6]    22.7676 [0.000]    25.5004 [0.000]    26.7064 [0.000]    27.7167 [0.000]    29.6807 [0.000]
[kpt  54  -1   7]    31.1251 [0.000]    31.8615 [0.000]    32.0572 [0.000]    32.4410 [0.000]    35.4244 [0.000]
[kpt  54  -1   8]    36.3026 [0.000]    38.8866 [0.000]    40.0680 [0.000]    47.4237 [0.000]    47.5743 [0.000]
[kpt  54  -1   9]    61.2907 [0.000]    80.0564 [0.000]   110.1675 [0.000]




KOHN SHAM EIGENVALUES [eV] AT K-POINT [ 55]:       0.166667      0.250000      0.333333

[kpt  55  -1   0]   -42.7127 [2.000]   -19.3778 [2.000]   -19.3466 [2.000]   -19.3157 [2.000]   -13.4340 [2.000]
[kpt  55  -1   1]    -8.5868 [2.000]    -8.1464 [2.000]    -8.0606 [2.000]     0.7540 [2.000]     0.8132 [2.000]
[kpt  55  -1   2]     1.3893 [2.000]     4.9590 [2.000]     5.5857 [2.000]     5.7543 [2.000]     6.0649 [2.000]
[kpt  55  -1   3]     6.4243 [2.000]     6.5653 [2.000]     7.2634 [2.000]     7.3068 [2.000]     7.5527 [2.000]
[kpt  55  -1   4]    15.1910 [0.000]    15.4683 [0.000]    15.6621 [0.000]    17.7152 [0.000]    18.4735 [0.000]
[kpt  55  -1   5]    19.4839 [0.000]    19.8839 [0.000]    20.3840 [0.000]    21.8532 [0.000]    22.4880 [0.000]
[kpt  55  -1   6]    22.7817 [0.000]    25.4539 [0.000]    26.6894 [0.000]    28.2252 [0.000]    29.1860 [0.000]
[kpt  55  -1   7]    31.0903 [0.000]    31.4466 [0.000]    32.4927 [0.000]    33.0528 [0.000]    34.8213 [0.000]
[kpt  55  -1   8]    36.0771 [0.000]    39.1572 [0.000]    40.3329 [0.000]    47.8903 [0.000]    48.1691 [0.000]
[kpt  55  -1   9]    61.6871 [0.000]    70.2181 [0.000]   109.2323 [0.000]




KOHN SHAM EIGENVALUES [eV] AT K-POINT [ 56]:       0.166667      0.250000      0.416667

[kpt  56  -1   0]   -42.7123 [2.000]   -19.3993 [2.000]   -19.3455 [2.000]   -19.3148 [2.000]   -13.4085 [2.000]
[kpt  56  -1   1]    -8.5952 [2.000]    -8.1414 [2.000]    -7.9772 [2.000]     0.7390 [2.000]     0.8260 [2.000]
[kpt  56  -1   2]     1.2983 [2.000]     4.8212 [2.000]     5.4832 [2.000]     5.6848 [2.000]     5.9431 [2.000]
[kpt  56  -1   3]     6.4647 [2.000]     6.6573 [2.000]     7.1936 [2.000]     7.2834 [2.000]     7.5222 [2.000]
[kpt  56  -1   4]    15.2253 [0.000]    15.7032 [0.000]    15.8884 [0.000]    17.7306 [0.000]    18.7350 [0.000]
[kpt  56  -1   5]    19.8488 [0.000]    20.2603 [0.000]    20.9571 [0.000]    21.6389 [0.000]    22.8673 [0.000]
[kpt  56  -1   6]    23.0666 [0.000]    25.2463 [0.000]    26.8578 [0.000]    28.5709 [0.000]    28.8757 [0.000]
[kpt  56  -1   7]    30.1999 [0.000]    31.0949 [0.000]    32.9331 [0.000]    33.8655 [0.000]    35.0201 [0.000]
[kpt  56  -1   8]    36.2172 [0.000]    39.5030 [0.000]    40.6108 [0.000]    48.4591 [0.000]    48.8924 [0.000]
[kpt  56  -1   9]    61.9968 [0.000]    63.9561 [0.000]   108.2010 [0.000]




KOHN SHAM EIGENVALUES [eV] AT K-POINT [ 57]:       0.166667      0.250000      0.500000

[kpt  57  -1   0]   -42.7121 [2.000]   -19.4074 [2.000]   -19.3450 [2.000]   -19.3144 [2.000]   -13.3991 [2.000]
[kpt  57  -1   1]    -8.6009 [2.000]    -8.1392 [2.000]    -7.9438 [2.000]     0.7316 [2.000]     0.8471 [2.000]
[kpt  57  -1   2]     1.2489 [2.000]     4.7584 [2.000]     5.4842 [2.000]     5.6375 [2.000]     5.8975 [2.000]
[kpt  57  -1   3]     6.4969 [2.000]     6.6968 [2.000]     7.1730 [2.000]     7.2589 [2.000]     7.5066 [2.000]
[kpt  57  -1   4]    15.2555 [0.000]    15.8056 [0.000]    15.9942 [0.000]    17.7394 [0.000]    18.8414 [0.000]
[kpt  57  -1   5]    20.0979 [0.000]    20.5625 [0.000]    21.0114 [0.000]    21.6273 [0.000]    23.4737 [0.000]
[kpt  57  -1   6]    23.6250 [0.000]    25.1962 [0.000]    26.8305 [0.000]    28.5561 [0.000]    28.7241 [0.000]
[kpt  57  -1   7]    29.1922 [0.000]    31.2383 [0.000]    33.0967 [0.000]    34.9119 [0.000]    35.6830 [0.000]
[kpt  57  -1   8]    36.9159 [0.000]    39.8795 [0.000]    41.0274 [0.000]    49.1287 [0.000]    49.7209 [0.000]
[kpt  57  -1   9]    58.9108 [0.000]    63.0278 [0.000]   106.1103 [0.000]




KOHN SHAM EIGENVALUES [eV] AT K-POINT [ 58]:       0.166667      0.333333      0.333333

[kpt  58  -1   0]   -42.7123 [2.000]   -19.3774 [2.000]   -19.3745 [2.000]   -19.3146 [2.000]   -13.4051 [2.000]
[kpt  58  -1   1]    -8.5252 [2.000]    -8.0727 [2.000]    -8.0723 [2.000]     0.6815 [2.000]     0.7478 [2.000]
[kpt  58  -1   2]     1.3048 [2.000]     4.8557 [2.000]     5.4941 [2.000]     5.5268 [2.000]     6.0641 [2.000]
[kpt  58  -1   3]     6.3613 [2.000]     6.6005 [2.000]     7.2135 [2.000]     7.3475 [2.000]     7.6294 [2.000]
[kpt  58  -1   4]    15.4482 [0.000]    15.5119 [0.000]    15.8989 [0.000]    17.8185 [0.000]    18.7997 [0.000]
[kpt  58  -1   5]    19.8308 [0.000]    20.3587 [0.000]    20.8603 [0.000]    21.6130 [0.000]    22.6575 [0.000]
[kpt  58  -1   6]    22.8163 [0.000]    25.5159 [0.000]    26.5861 [0.000]    28.4412 [0.000]    28.7163 [0.000]
[kpt  58  -1   7]    31.2576 [0.000]    31.3129 [0.000]    32.9843 [0.000]    33.5565 [0.000]    34.3590 [0.000]
[kpt  58  -1   8]    35.9571 [0.000]    39.3121 [0.000]    40.4355 [0.000]    48.3213 [0.000]    48.7023 [0.000]
[kpt  58  -1   9]    61.6194 [0.000]    63.9459 [0.000]   109.0743 [0.000]




KOHN SHAM EIGENVALUES [eV] AT K-POINT [ 59]:       0.166667      0.333333      0.416667

[kpt  59  -1   0]   -42.7120 [2.000]   -19.3974 [2.000]   -19.3745 [2.000]   -19.3137 [2.000]   -13.3836 [2.000]
[kpt  59  -1   1]    -8.4991 [2.000]    -8.0778 [2.000]    -8.0007 [2.000]     0.6488 [2.000]     0.7119 [2.000]
[kpt  59  -1   2]     1.2077 [2.000]     4.7319 [2.000]     5.3940 [2.000]     5.4628 [2.000]     6.0110 [2.000]
[kpt  59  -1   3]     6.3849 [2.000]     6.6070 [2.000]     7.2185 [2.000]     7.3564 [2.000]     7.6623 [2.000]
[kpt  59  -1   4]    15.4911 [0.000]    15.7068 [0.000]    16.0973 [0.000]    17.8540 [0.000]    19.0622 [0.000]
[kpt  59  -1   5]    20.2082 [0.000]    20.5658 [0.000]    21.2560 [0.000]    21.6461 [0.000]    22.8455 [0.000]
[kpt  59  -1   6]    23.2419 [0.000]    25.3259 [0.000]    26.6058 [0.000]    28.2303 [0.000]    29.0562 [0.000]
[kpt  59  -1   7]    29.8308 [0.000]    31.4569 [0.000]    33.0379 [0.000]    34.2557 [0.000]    34.8313 [0.000]
[kpt  59  -1   8]    36.4803 [0.000]    39.5082 [0.000]    40.5625 [0.000]    48.8417 [0.000]    49.3815 [0.000]
[kpt  59  -1   9]    58.8697 [0.000]    63.3489 [0.000]   108.0937 [0.000]




KOHN SHAM EIGENVALUES [eV] AT K-POINT [ 60]:       0.166667      0.333333      0.500000

[kpt  60  -1   0]   -42.7118 [2.000]   -19.4053 [2.000]   -19.3740 [2.000]   -19.3134 [2.000]   -13.3757 [2.000]
[kpt  60  -1   1]    -8.4930 [2.000]    -8.0789 [2.000]    -7.9711 [2.000]     0.6375 [2.000]     0.7073 [2.000]
[kpt  60  -1   2]     1.1629 [2.000]     4.6711 [2.000]     5.3885 [2.000]     5.4333 [2.000]     5.9748 [2.000]
[kpt  60  -1   3]     6.4455 [2.000]     6.5638 [2.000]     7.2759 [2.000]     7.3198 [2.000]     7.6713 [2.000]
[kpt  60  -1   4]    15.5112 [0.000]    15.7993 [0.000]    16.1891 [0.000]    17.8689 [0.000]    19.1742 [0.000]
[kpt  60  -1   5]    20.4829 [0.000]    20.6465 [0.000]    21.3180 [0.000]    21.7375 [0.000]    23.3361 [0.000]
[kpt  60  -1   6]    23.9086 [0.000]    25.2460 [0.000]    26.5600 [0.000]    28.0908 [0.000]    28.4500 [0.000]
[kpt  60  -1   7]    29.4403 [0.000]    31.6964 [0.000]    32.9170 [0.000]    35.2430 [0.000]    35.6415 [0.000]
[kpt  60  -1   8]    37.1812 [0.000]    39.8435 [0.000]    41.0693 [0.000]    49.4576 [0.000]    50.1898 [0.000]
[kpt  60  -1   9]    56.7768 [0.000]    63.6134 [0.000]   105.7913 [0.000]




KOHN SHAM EIGENVALUES [eV] AT K-POINT [ 61]:       0.166667      0.416667      0.416667

[kpt  61  -1   0]   -42.7117 [2.000]   -19.3967 [2.000]   -19.3948 [2.000]   -19.3129 [2.000]   -13.3651 [2.000]
[kpt  61  -1   1]    -8.4419 [2.000]    -8.0187 [2.000]    -8.0153 [2.000]     0.6037 [2.000]     0.6340 [2.000]
[kpt  61  -1   2]     1.1188 [2.000]     4.6174 [2.000]     5.2706 [2.000]     5.4302 [2.000]     6.0659 [2.000]
[kpt  61  -1   3]     6.3190 [2.000]     6.5171 [2.000]     7.3082 [2.000]     7.4105 [2.000]     7.7386 [2.000]
[kpt  61  -1   4]    15.6812 [0.000]    15.7281 [0.000]    16.2705 [0.000]    17.8986 [0.000]    19.3323 [0.000]
[kpt  61  -1   5]    20.4450 [0.000]    20.6097 [0.000]    21.7402 [0.000]    21.7988 [0.000]    23.1002 [0.000]
[kpt  61  -1   6]    23.5492 [0.000]    25.1271 [0.000]    26.5680 [0.000]    28.0038 [0.000]    29.2935 [0.000]
[kpt  61  -1   7]    29.4961 [0.000]    31.7257 [0.000]    32.3962 [0.000]    34.5846 [0.000]    35.4813 [0.000]
[kpt  61  -1   8]    36.8491 [0.000]    39.6417 [0.000]    40.8814 [0.000]    49.3069 [0.000]    50.0286 [0.000]
[kpt  61  -1   9]    56.6366 [0.000]    63.7754 [0.000]   107.2995 [0.000]




KOHN SHAM EIGENVALUES [eV] AT K-POINT [ 62]:       0.166667      0.416667      0.500000

[kpt  62  -1   0]   -42.7115 [2.000]   -19.4038 [2.000]   -19.3950 [2.000]   -19.3125 [2.000]   -13.3583 [2.000]
[kpt  62  -1   1]    -8.4238 [2.000]    -8.0225 [2.000]    -7.9917 [2.000]     0.5888 [2.000]     0.6103 [2.000]
[kpt  62  -1   2]     1.0809 [2.000]     4.5611 [2.000]     5.2329 [2.000]     5.4353 [2.000]     6.0756 [2.000]
[kpt  62  -1   3]     6.3567 [2.000]     6.4184 [2.000]     7.3894 [2.000]     7.4017 [2.000]     7.7636 [2.000]
[kpt  62  -1   4]    15.7072 [0.000]    15.7963 [0.000]    16.3471 [0.000]    17.9176 [0.000]    19.4505 [0.000]
[kpt  62  -1   5]    20.4012 [0.000]    20.9189 [0.000]    21.7775 [0.000]    22.0016 [0.000]    23.5044 [0.000]
[kpt  62  -1   6]    24.1712 [0.000]    25.0494 [0.000]    26.5990 [0.000]    27.5614 [0.000]    28.4281 [0.000]
[kpt  62  -1   7]    29.6899 [0.000]    31.8410 [0.000]    32.4315 [0.000]    35.3377 [0.000]    36.4127 [0.000]
[kpt  62  -1   8]    37.3280 [0.000]    40.2067 [0.000]    41.5376 [0.000]    49.8648 [0.000]    50.8276 [0.000]
[kpt  62  -1   9]    55.9005 [0.000]    63.8269 [0.000]   105.5258 [0.000]




KOHN SHAM EIGENVALUES [eV] AT K-POINT [ 63]:       0.166667      0.500000      0.500000

[kpt  63  -1   0]   -42.7113 [2.000]   -19.4036 [2.000]   -19.4023 [2.000]   -19.3122 [2.000]   -13.3519 [2.000]
[kpt  63  -1   1]    -8.4008 [2.000]    -7.9998 [2.000]    -7.9986 [2.000]     0.5754 [2.000]     0.5763 [2.000]
[kpt  63  -1   2]     1.0469 [2.000]     4.5074 [2.000]     5.1879 [2.000]     5.4487 [2.000]     6.1608 [2.000]
[kpt  63  -1   3]     6.3047 [2.000]     6.3228 [2.000]     7.4368 [2.000]     7.4433 [2.000]     7.7953 [2.000]
[kpt  63  -1   4]    15.7827 [0.000]    15.8022 [0.000]    16.4135 [0.000]    17.9378 [0.000]    19.5662 [0.000]
[kpt  63  -1   5]    20.3360 [0.000]    21.2692 [0.000]    21.8664 [0.000]    22.0631 [0.000]    24.1995 [0.000]
[kpt  63  -1   6]    24.4583 [0.000]    24.9423 [0.000]    26.7347 [0.000]    27.0785 [0.000]    28.4855 [0.000]
[kpt  63  -1   7]    29.8485 [0.000]    31.0049 [0.000]    32.9216 [0.000]    35.7427 [0.000]    37.4269 [0.000]
[kpt  63  -1   8]    37.6502 [0.000]    40.9791 [0.000]    42.3152 [0.000]    50.3692 [0.000]    51.6350 [0.000]
[kpt  63  -1   9]    55.7944 [0.000]    63.5268 [0.000]   104.3583 [0.000]




KOHN SHAM EIGENVALUES [eV] AT K-POINT [ 64]:       0.250000      0.250000      0.250000

[kpt  64  -1   0]   -42.7127 [2.000]   -19.3498 [2.000]   -19.3456 [2.000]   -19.3446 [2.000]   -13.4385 [2.000]
[kpt  64  -1   1]    -8.5184 [2.000]    -8.1306 [2.000]    -8.1302 [2.000]     0.7136 [2.000]     0.7136 [2.000]
[kpt  64  -1   2]     1.4142 [2.000]     5.0035 [2.000]     5.7616 [2.000]     5.7634 [2.000]     6.0174 [2.000]
[kpt  64  -1   3]     6.4275 [2.000]     6.4281 [2.000]     7.3482 [2.000]     7.4680 [2.000]     7.4688 [2.000]
[kpt  64  -1   4]    15.3782 [0.000]    15.3793 [0.000]    15.4628 [0.000]    18.1155 [0.000]    18.1247 [0.000]
[kpt  64  -1   5]    19.6478 [0.000]    19.8023 [0.000]    19.8253 [0.000]    22.1878 [0.000]    22.2084 [0.000]
[kpt  64  -1   6]    22.4610 [0.000]    25.5200 [0.000]    27.4273 [0.000]    27.4695 [0.000]    29.0606 [0.000]
[kpt  64  -1   7]    31.1819 [0.000]    32.0531 [0.000]    32.5720 [0.000]    32.5775 [0.000]    35.2320 [0.000]
[kpt  64  -1   8]    35.8433 [0.000]    38.8114 [0.000]    40.2583 [0.000]    47.8666 [0.000]    47.8743 [0.000]
[kpt  64  -1   9]    60.9049 [0.000]    69.1604 [0.000]   109.1162 [0.000]




KOHN SHAM EIGENVALUES [eV] AT K-POINT [ 65]:       0.250000      0.250000      0.333333

[kpt  65  -1   0]   -42.7123 [2.000]   -19.3763 [2.000]   -19.3470 [2.000]   -19.3434 [2.000]   -13.4081 [2.000]
[kpt  65  -1   1]    -8.4766 [2.000]    -8.1164 [2.000]    -8.0620 [2.000]     0.6401 [2.000]     0.6584 [2.000]
[kpt  65  -1   2]     1.2979 [2.000]     4.9047 [2.000]     5.5693 [2.000]     5.7471 [2.000]     5.8829 [2.000]
[kpt  65  -1   3]     6.4613 [2.000]     6.4681 [2.000]     7.3459 [2.000]     7.4368 [2.000]     7.5031 [2.000]
[kpt  65  -1   4]    15.4223 [0.000]    15.6623 [0.000]    15.6898 [0.000]    18.1242 [0.000]    18.5395 [0.000]
[kpt  65  -1   5]    19.9503 [0.000]    20.1024 [0.000]    20.5162 [0.000]    21.7041 [0.000]    22.2406 [0.000]
[kpt  65  -1   6]    22.7736 [0.000]    25.5020 [0.000]    27.2359 [0.000]    28.1380 [0.000]    28.4703 [0.000]
[kpt  65  -1   7]    31.2059 [0.000]    31.4156 [0.000]    32.8628 [0.000]    33.3072 [0.000]    34.8484 [0.000]
[kpt  65  -1   8]    35.6584 [0.000]    38.9986 [0.000]    40.3337 [0.000]    48.2860 [0.000]    48.4572 [0.000]
[kpt  65  -1   9]    60.4368 [0.000]    63.8856 [0.000]   108.9703 [0.000]




KOHN SHAM EIGENVALUES [eV] AT K-POINT [ 66]:       0.250000      0.250000      0.416667

[kpt  66  -1   0]   -42.7120 [2.000]   -19.3975 [2.000]   -19.3458 [2.000]   -19.3425 [2.000]   -13.3856 [2.000]
[kpt  66  -1   1]    -8.4697 [2.000]    -8.1061 [2.000]    -7.9861 [2.000]     0.5865 [2.000]     0.6652 [2.000]
[kpt  66  -1   2]     1.1591 [2.000]     4.7768 [2.000]     5.5138 [2.000]     5.7387 [2.000]     5.7446 [2.000]
[kpt  66  -1   3]     6.5081 [2.000]     6.5623 [2.000]     7.2624 [2.000]     7.4698 [2.000]     7.4900 [2.000]
[kpt  66  -1   4]    15.4491 [0.000]    15.8777 [0.000]    15.9048 [0.000]    18.1227 [0.000]    18.8312 [0.000]
[kpt  66  -1   5]    20.3432 [0.000]    20.4027 [0.000]    20.9613 [0.000]    21.3045 [0.000]    22.6211 [0.000]
[kpt  66  -1   6]    23.2418 [0.000]    25.3522 [0.000]    27.1237 [0.000]    28.2473 [0.000]    28.6583 [0.000]
[kpt  66  -1   7]    30.0067 [0.000]    31.2655 [0.000]    33.1044 [0.000]    34.2244 [0.000]    35.0801 [0.000]
[kpt  66  -1   8]    35.8762 [0.000]    39.3693 [0.000]    40.5862 [0.000]    48.8075 [0.000]    49.1666 [0.000]
[kpt  66  -1   9]    59.1280 [0.000]    62.6853 [0.000]   108.1539 [0.000]




KOHN SHAM EIGENVALUES [eV] AT K-POINT [ 67]:       0.250000      0.250000      0.500000

[kpt  67  -1   0]   -42.7118 [2.000]   -19.4055 [2.000]   -19.3453 [2.000]   -19.3421 [2.000]   -13.3772 [2.000]
[kpt  67  -1   1]    -8.4706 [2.000]    -8.1023 [2.000]    -7.9543 [2.000]     0.5670 [2.000]     0.6849 [2.000]
[kpt  67  -1   2]     1.0905 [2.000]     4.7127 [2.000]     5.5899 [2.000]     5.6144 [2.000]     5.7364 [2.000]
[kpt  67  -1   3]     6.5372 [2.000]     6.6129 [2.000]     7.2226 [2.000]     7.4741 [2.000]     7.4848 [2.000]
[kpt  67  -1   4]    15.4730 [0.000]    15.9582 [0.000]    16.0184 [0.000]    18.1274 [0.000]    18.9505 [0.000]
[kpt  67  -1   5]    20.6641 [0.000]    20.6888 [0.000]    21.0112 [0.000]    21.0649 [0.000]    23.1750 [0.000]
[kpt  67  -1   6]    23.9412 [0.000]    25.2966 [0.000]    26.8678 [0.000]    28.0995 [0.000]    28.9226 [0.000]
[kpt  67  -1   7]    28.9843 [0.000]    31.4460 [0.000]    33.1353 [0.000]    35.2602 [0.000]    35.5174 [0.000]
[kpt  67  -1   8]    36.7256 [0.000]    39.9064 [0.000]    41.1095 [0.000]    49.4341 [0.000]    49.9820 [0.000]
[kpt  67  -1   9]    57.4688 [0.000]    62.9854 [0.000]   105.4689 [0.000]




KOHN SHAM EIGENVALUES [eV] AT K-POINT [ 68]:       0.250000      0.333333      0.333333

[kpt  68  -1   0]   -42.7120 [2.000]   -19.3759 [2.000]   -19.3732 [2.000]   -19.3437 [2.000]   -13.3818 [2.000]
[kpt  68  -1   1]    -8.3940 [2.000]    -8.0648 [2.000]    -8.0545 [2.000]     0.5488 [2.000]     0.5520 [2.000]
[kpt  68  -1   2]     1.1354 [2.000]     4.8210 [2.000]     5.4893 [2.000]     5.6350 [2.000]     5.8585 [2.000]
[kpt  68  -1   3]     6.4442 [2.000]     6.5281 [2.000]     7.3714 [2.000]     7.4526 [2.000]     7.5791 [2.000]
[kpt  68  -1   4]    15.6580 [0.000]    15.7079 [0.000]    15.9078 [0.000]    18.3119 [0.000]    18.7890 [0.000]
[kpt  68  -1   5]    20.1585 [0.000]    20.4783 [0.000]    20.8743 [0.000]    21.5213 [0.000]    22.1135 [0.000]
[kpt  68  -1   6]    23.0532 [0.000]    25.4135 [0.000]    27.4550 [0.000]    28.0100 [0.000]    28.3929 [0.000]
[kpt  68  -1   7]    31.2909 [0.000]    31.3337 [0.000]    33.2651 [0.000]    33.4762 [0.000]    34.5153 [0.000]
[kpt  68  -1   8]    35.4968 [0.000]    39.0670 [0.000]    40.6503 [0.000]    48.7282 [0.000]    48.9388 [0.000]
[kpt  68  -1   9]    58.3243 [0.000]    62.6123 [0.000]   109.1354 [0.000]




KOHN SHAM EIGENVALUES [eV] AT K-POINT [ 69]:       0.250000      0.333333      0.416667

[kpt  69  -1   0]   -42.7116 [2.000]   -19.3958 [2.000]   -19.3732 [2.000]   -19.3428 [2.000]   -13.3623 [2.000]
[kpt  69  -1   1]    -8.3583 [2.000]    -8.0546 [2.000]    -7.9942 [2.000]     0.4759 [2.000]     0.5264 [2.000]
[kpt  69  -1   2]     0.9736 [2.000]     4.6929 [2.000]     5.4040 [2.000]     5.6586 [2.000]     5.8096 [2.000]
[kpt  69  -1   3]     6.4874 [2.000]     6.5751 [2.000]     7.3457 [2.000]     7.4753 [2.000]     7.6363 [2.000]
[kpt  69  -1   4]    15.6900 [0.000]    15.8921 [0.000]    16.1027 [0.000]    18.3448 [0.000]    19.0648 [0.000]
[kpt  69  -1   5]    20.4761 [0.000]    20.5763 [0.000]    21.0636 [0.000]    21.4082 [0.000]    22.5684 [0.000]
[kpt  69  -1   6]    23.4439 [0.000]    25.2146 [0.000]    27.3552 [0.000]    27.9808 [0.000]    28.8269 [0.000]
[kpt  69  -1   7]    29.8711 [0.000]    31.4667 [0.000]    33.0604 [0.000]    34.1412 [0.000]    35.1183 [0.000]
[kpt  69  -1   8]    35.9687 [0.000]    39.5366 [0.000]    40.9082 [0.000]    49.2210 [0.000]    49.6046 [0.000]
[kpt  69  -1   9]    57.2908 [0.000]    62.7876 [0.000]   108.7647 [0.000]




KOHN SHAM EIGENVALUES [eV] AT K-POINT [ 70]:       0.250000      0.333333      0.500000

[kpt  70  -1   0]   -42.7114 [2.000]   -19.4037 [2.000]   -19.3726 [2.000]   -19.3423 [2.000]   -13.3551 [2.000]
[kpt  70  -1   1]    -8.3498 [2.000]    -8.0521 [2.000]    -7.9656 [2.000]     0.4491 [2.000]     0.5331 [2.000]
[kpt  70  -1   2]     0.8996 [2.000]     4.6286 [2.000]     5.3903 [2.000]     5.7246 [2.000]     5.7296 [2.000]
[kpt  70  -1   3]     6.5474 [2.000]     6.5649 [2.000]     7.3415 [2.000]     7.4779 [2.000]     7.6565 [2.000]
[kpt  70  -1   4]    15.7056 [0.000]    15.9775 [0.000]    16.1946 [0.000]    18.3559 [0.000]    19.1891 [0.000]
[kpt  70  -1   5]    20.5438 [0.000]    20.8395 [0.000]    21.0277 [0.000]    21.4063 [0.000]    23.0322 [0.000]
[kpt  70  -1   6]    24.2025 [0.000]    25.1505 [0.000]    27.1117 [0.000]    27.7018 [0.000]    28.8264 [0.000]
[kpt  70  -1   7]    29.3695 [0.000]    31.7014 [0.000]    32.9347 [0.000]    34.5560 [0.000]    36.0794 [0.000]
[kpt  70  -1   8]    36.9485 [0.000]    40.2051 [0.000]    41.5169 [0.000]    49.8051 [0.000]    50.4036 [0.000]
[kpt  70  -1   9]    56.7151 [0.000]    63.2751 [0.000]   106.3203 [0.000]




KOHN SHAM EIGENVALUES [eV] AT K-POINT [ 71]:       0.250000      0.416667      0.416667

[kpt  71  -1   0]   -42.7113 [2.000]   -19.3952 [2.000]   -19.3934 [2.000]   -19.3418 [2.000]   -13.3450 [2.000]
[kpt  71  -1   1]    -8.2933 [2.000]    -8.0003 [2.000]    -7.9979 [2.000]     0.4300 [2.000]     0.4318 [2.000]
[kpt  71  -1   2]     0.8074 [2.000]     4.5756 [2.000]     5.2721 [2.000]     5.7186 [2.000]     5.8494 [2.000]
[kpt  71  -1   3]     6.4707 [2.000]     6.5684 [2.000]     7.4206 [2.000]     7.4962 [2.000]     7.7304 [2.000]
[kpt  71  -1   4]    15.8710 [0.000]    15.9083 [0.000]    16.2778 [0.000]    18.4071 [0.000]    19.3232 [0.000]
[kpt  71  -1   5]    20.3288 [0.000]    20.7659 [0.000]    21.1053 [0.000]    21.6668 [0.000]    23.0940 [0.000]
[kpt  71  -1   6]    23.6329 [0.000]    25.0319 [0.000]    27.5096 [0.000]    27.8948 [0.000]    29.1435 [0.000]
[kpt  71  -1   7]    29.5990 [0.000]    31.6211 [0.000]    32.1811 [0.000]    34.2438 [0.000]    35.9189 [0.000]
[kpt  71  -1   8]    36.4229 [0.000]    40.1281 [0.000]    41.4446 [0.000]    49.6868 [0.000]    50.2294 [0.000]
[kpt  71  -1   9]    56.5660 [0.000]    63.2361 [0.000]   108.7867 [0.000]




KOHN SHAM EIGENVALUES [eV] AT K-POINT [ 72]:       0.250000      0.416667      0.500000

[kpt  72  -1   0]   -42.7111 [2.000]   -19.4023 [2.000]   -19.3935 [2.000]   -19.3414 [2.000]   -13.3387 [2.000]
[kpt  72  -1   1]    -8.2738 [2.000]    -8.0003 [2.000]    -7.9743 [2.000]     0.3970 [2.000]     0.4277 [2.000]
[kpt  72  -1   2]     0.7347 [2.000]     4.5177 [2.000]     5.2354 [2.000]     5.7584 [2.000]     5.8521 [2.000]
[kpt  72  -1   3]     6.5068 [2.000]     6.5197 [2.000]     7.4640 [2.000]     7.5021 [2.000]     7.7638 [2.000]
[kpt  72  -1   4]    15.8910 [0.000]    15.9771 [0.000]    16.3561 [0.000]    18.4276 [0.000]    19.4496 [0.000]
[kpt  72  -1   5]    20.2513 [0.000]    20.9868 [0.000]    21.1087 [0.000]    21.7676 [0.000]    23.4513 [0.000]
[kpt  72  -1   6]    24.3710 [0.000]    25.0225 [0.000]    27.0829 [0.000]    27.6385 [0.000]    28.8151 [0.000]
[kpt  72  -1   7]    29.7576 [0.000]    31.6038 [0.000]    32.3483 [0.000]    34.5137 [0.000]    36.9084 [0.000]
[kpt  72  -1   8]    37.4364 [0.000]    40.7642 [0.000]    42.2063 [0.000]    50.2328 [0.000]    51.0153 [0.000]
[kpt  72  -1   9]    56.5372 [0.000]    63.5233 [0.000]   107.2201 [0.000]




KOHN SHAM EIGENVALUES [eV] AT K-POINT [ 73]:       0.250000      0.500000      0.500000

[kpt  73  -1   0]   -42.7110 [2.000]   -19.4021 [2.000]   -19.4008 [2.000]   -19.3410 [2.000]   -13.3327 [2.000]
[kpt  73  -1   1]    -8.2493 [2.000]    -7.9783 [2.000]    -7.9767 [2.000]     0.3899 [2.000]     0.3905 [2.000]
[kpt  73  -1   2]     0.6642 [2.000]     4.4634 [2.000]     5.1910 [2.000]     5.7726 [2.000]     5.9135 [2.000]
[kpt  73  -1   3]     6.4838 [2.000]     6.4908 [2.000]     7.5139 [2.000]     7.5228 [2.000]     7.8027 [2.000]
[kpt  73  -1   4]    15.9643 [0.000]    15.9833 [0.000]    16.4250 [0.000]    18.4506 [0.000]    19.5693 [0.000]
[kpt  73  -1   5]    20.1623 [0.000]    21.0371 [0.000]    21.1812 [0.000]    21.8838 [0.000]    24.3642 [0.000]
[kpt  73  -1   6]    24.5046 [0.000]    25.0085 [0.000]    26.6500 [0.000]    27.7265 [0.000]    28.9107 [0.000]
[kpt  73  -1   7]    30.0386 [0.000]    30.8008 [0.000]    32.7725 [0.000]    34.9174 [0.000]    37.9343 [0.000]
[kpt  73  -1   8]    38.1807 [0.000]    41.4799 [0.000]    43.1432 [0.000]    50.7438 [0.000]    51.8114 [0.000]
[kpt  73  -1   9]    56.6048 [0.000]    63.6788 [0.000]   106.6757 [0.000]




KOHN SHAM EIGENVALUES [eV] AT K-POINT [ 74]:       0.333333      0.333333      0.333333

[kpt  74  -1   0]   -42.7116 [2.000]   -19.3758 [2.000]   -19.3721 [2.000]   -19.3709 [2.000]   -13.3582 [2.000]
[kpt  74  -1   1]    -8.2802 [2.000]    -8.0367 [2.000]    -8.0360 [2.000]     0.4214 [2.000]     0.4214 [2.000]
[kpt  74  -1   2]     0.9173 [2.000]     4.7363 [2.000]     5.4873 [2.000]     5.4883 [2.000]     5.9108 [2.000]
[kpt  74  -1   3]     6.5228 [2.000]     6.5235 [2.000]     7.5120 [2.000]     7.5120 [2.000]     7.5707 [2.000]
[kpt  74  -1   4]    15.9040 [0.000]    15.9060 [0.000]    15.9256 [0.000]    18.7682 [0.000]    18.7811 [0.000]
[kpt  74  -1   5]    20.2258 [0.000]    20.7224 [0.000]    20.7226 [0.000]    21.8676 [0.000]    21.9316 [0.000]
[kpt  74  -1   6]    23.2421 [0.000]    25.2335 [0.000]    27.8477 [0.000]    28.2146 [0.000]    28.2159 [0.000]
[kpt  74  -1   7]    31.2708 [0.000]    31.3883 [0.000]    32.9522 [0.000]    33.3400 [0.000]    34.9428 [0.000]
[kpt  74  -1   8]    35.2806 [0.000]    39.3927 [0.000]    41.1272 [0.000]    49.2632 [0.000]    49.2782 [0.000]
[kpt  74  -1   9]    56.9510 [0.000]    62.3729 [0.000]   109.9100 [0.000]




KOHN SHAM EIGENVALUES [eV] AT K-POINT [ 75]:       0.333333      0.333333      0.416667

[kpt  75  -1   0]   -42.7113 [2.000]   -19.3943 [2.000]   -19.3734 [2.000]   -19.3698 [2.000]   -13.3407 [2.000]
[kpt  75  -1   1]    -8.2240 [2.000]    -8.0226 [2.000]    -7.9863 [2.000]     0.3312 [2.000]     0.3709 [2.000]
[kpt  75  -1   2]     0.7240 [2.000]     4.6071 [2.000]     5.3772 [2.000]     5.4884 [2.000]     5.9908 [2.000]
[kpt  75  -1   3]     6.5685 [2.000]     6.5820 [2.000]     7.4787 [2.000]     7.5918 [2.000]     7.6396 [2.000]
[kpt  75  -1   4]    15.9130 [0.000]    16.0844 [0.000]    16.1227 [0.000]    18.7641 [0.000]    19.1088 [0.000]
[kpt  75  -1   5]    20.3960 [0.000]    20.4990 [0.000]    20.6876 [0.000]    21.9561 [0.000]    22.6217 [0.000]
[kpt  75  -1   6]    23.5080 [0.000]    25.0833 [0.000]    27.7486 [0.000]    28.2125 [0.000]    28.7504 [0.000]
[kpt  75  -1   7]    29.9899 [0.000]    31.5435 [0.000]    33.0526 [0.000]    33.1288 [0.000]    35.6816 [0.000]
[kpt  75  -1   8]    36.1109 [0.000]    40.0238 [0.000]    41.4418 [0.000]    49.7101 [0.000]    49.9384 [0.000]
[kpt  75  -1   9]    56.6647 [0.000]    62.6099 [0.000]   110.2927 [0.000]




KOHN SHAM EIGENVALUES [eV] AT K-POINT [ 76]:       0.333333      0.333333      0.500000

[kpt  76  -1   0]   -42.7111 [2.000]   -19.4021 [2.000]   -19.3729 [2.000]   -19.3694 [2.000]   -13.3343 [2.000]
[kpt  76  -1   1]    -8.2102 [2.000]    -8.0175 [2.000]    -7.9604 [2.000]     0.2988 [2.000]     0.3702 [2.000]
[kpt  76  -1   2]     0.6378 [2.000]     4.5439 [2.000]     5.3532 [2.000]     5.4887 [2.000]     6.0099 [2.000]
[kpt  76  -1   3]     6.6024 [2.000]     6.6081 [2.000]     7.4634 [2.000]     7.6157 [2.000]     7.6718 [2.000]
[kpt  76  -1   4]    15.9221 [0.000]    16.1527 [0.000]    16.2242 [0.000]    18.7623 [0.000]    19.2577 [0.000]
[kpt  76  -1   5]    20.4155 [0.000]    20.5124 [0.000]    20.6876 [0.000]    22.0461 [0.000]    22.9546 [0.000]
[kpt  76  -1   6]    24.3790 [0.000]    25.0786 [0.000]    27.1681 [0.000]    27.9906 [0.000]    29.0185 [0.000]
[kpt  76  -1   7]    29.6127 [0.000]    31.7908 [0.000]    33.0721 [0.000]    33.2156 [0.000]    36.7335 [0.000]
[kpt  76  -1   8]    37.2683 [0.000]    40.7012 [0.000]    42.1781 [0.000]    50.2514 [0.000]    50.7377 [0.000]
[kpt  76  -1   9]    56.6496 [0.000]    63.2210 [0.000]   108.5659 [0.000]




KOHN SHAM EIGENVALUES [eV] AT K-POINT [ 77]:       0.333333      0.416667      0.416667

[kpt  77  -1   0]   -42.7110 [2.000]   -19.3938 [2.000]   -19.3919 [2.000]   -19.3704 [2.000]   -13.3248 [2.000]
[kpt  77  -1   1]    -8.1432 [2.000]    -7.9828 [2.000]    -7.9767 [2.000]     0.2562 [2.000]     0.2700 [2.000]
[kpt  77  -1   2]     0.5205 [2.000]     4.4905 [2.000]     5.2743 [2.000]     5.4474 [2.000]     6.1671 [2.000]
[kpt  77  -1   3]     6.5841 [2.000]     6.6217 [2.000]     7.5714 [2.000]     7.6100 [2.000]     7.7271 [2.000]
[kpt  77  -1   4]    16.0937 [0.000]    16.1084 [0.000]    16.2843 [0.000]    18.8999 [0.000]    19.3018 [0.000]
[kpt  77  -1   5]    20.2109 [0.000]    20.3794 [0.000]    20.5085 [0.000]    22.3910 [0.000]    23.2337 [0.000]
[kpt  77  -1   6]    23.5432 [0.000]    25.0300 [0.000]    27.8628 [0.000]    28.3073 [0.000]    28.9673 [0.000]
[kpt  77  -1   7]    30.0015 [0.000]    31.6324 [0.000]    31.9938 [0.000]    33.2472 [0.000]    36.5253 [0.000]
[kpt  77  -1   8]    36.7921 [0.000]    40.7664 [0.000]    42.1500 [0.000]    50.2102 [0.000]    50.4980 [0.000]
[kpt  77  -1   9]    56.5071 [0.000]    62.8559 [0.000]   111.3491 [0.000]




KOHN SHAM EIGENVALUES [eV] AT K-POINT [ 78]:       0.333333      0.416667      0.500000

[kpt  78  -1   0]   -42.7108 [2.000]   -19.4009 [2.000]   -19.3920 [2.000]   -19.3699 [2.000]   -13.3189 [2.000]
[kpt  78  -1   1]    -8.1207 [2.000]    -7.9767 [2.000]    -7.9569 [2.000]     0.2240 [2.000]     0.2569 [2.000]
[kpt  78  -1   2]     0.4312 [2.000]     4.4339 [2.000]     5.2370 [2.000]     5.4464 [2.000]     6.2272 [2.000]
[kpt  78  -1   3]     6.6106 [2.000]     6.6212 [2.000]     7.5871 [2.000]     7.6370 [2.000]     7.7670 [2.000]
[kpt  78  -1   4]    16.1025 [0.000]    16.1834 [0.000]    16.3652 [0.000]    18.9180 [0.000]    19.4457 [0.000]
[kpt  78  -1   5]    20.1042 [0.000]    20.4024 [0.000]    20.4595 [0.000]    22.5289 [0.000]    23.4524 [0.000]
[kpt  78  -1   6]    24.4608 [0.000]    25.0922 [0.000]    26.9075 [0.000]    28.3444 [0.000]    29.0236 [0.000]
[kpt  78  -1   7]    30.1519 [0.000]    31.6111 [0.000]    32.2455 [0.000]    33.4242 [0.000]    37.5636 [0.000]
[kpt  78  -1   8]    37.9248 [0.000]    41.3126 [0.000]    43.0518 [0.000]    50.7408 [0.000]    51.2754 [0.000]
[kpt  78  -1   9]    56.6084 [0.000]    63.3248 [0.000]   110.7785 [0.000]




KOHN SHAM EIGENVALUES [eV] AT K-POINT [ 79]:       0.333333      0.500000      0.500000

[kpt  79  -1   0]   -42.7106 [2.000]   -19.4007 [2.000]   -19.3992 [2.000]   -19.3695 [2.000]   -13.3133 [2.000]
[kpt  79  -1   1]    -8.0937 [2.000]    -7.9566 [2.000]    -7.9545 [2.000]     0.2163 [2.000]     0.2168 [2.000]
[kpt  79  -1   2]     0.3394 [2.000]     4.3809 [2.000]     5.1942 [2.000]     5.4446 [2.000]     6.3195 [2.000]
[kpt  79  -1   3]     6.6103 [2.000]     6.6118 [2.000]     7.6389 [2.000]     7.6466 [2.000]     7.8106 [2.000]
[kpt  79  -1   4]    16.1765 [0.000]    16.1917 [0.000]    16.4369 [0.000]    18.9475 [0.000]    19.5715 [0.000]
[kpt  79  -1   5]    19.9921 [0.000]    20.3113 [0.000]    20.4229 [0.000]    22.6535 [0.000]    24.4185 [0.000]
[kpt  79  -1   6]    24.5704 [0.000]    25.1422 [0.000]    26.3989 [0.000]    28.3898 [0.000]    29.0641 [0.000]
[kpt  79  -1   7]    30.6521 [0.000]    30.9735 [0.000]    32.6507 [0.000]    33.9589 [0.000]    38.5643 [0.000]
[kpt  79  -1   8]    38.8272 [0.000]    42.0365 [0.000]    44.1042 [0.000]    51.2750 [0.000]    52.0441 [0.000]
[kpt  79  -1   9]    56.5327 [0.000]    63.7412 [0.000]   111.2521 [0.000]




KOHN SHAM EIGENVALUES [eV] AT K-POINT [ 80]:       0.416667      0.416667      0.416667

[kpt  80  -1   0]   -42.7107 [2.000]   -19.3938 [2.000]   -19.3911 [2.000]   -19.3897 [2.000]   -13.3098 [2.000]
[kpt  80  -1   1]    -8.0400 [2.000]    -7.9613 [2.000]    -7.9603 [2.000]     0.1570 [2.000]     0.1570 [2.000]
[kpt  80  -1   2]     0.3086 [2.000]     4.3820 [2.000]     5.2762 [2.000]     5.2766 [2.000]     6.4073 [2.000]
[kpt  80  -1   3]     6.6457 [2.000]     6.6458 [2.000]     7.6962 [2.000]     7.6962 [2.000]     7.7450 [2.000]
[kpt  80  -1   4]    16.2703 [0.000]    16.2915 [0.000]    16.2916 [0.000]    19.2591 [0.000]    19.2773 [0.000]
[kpt  80  -1   5]    20.0323 [0.000]    20.1044 [0.000]    20.1316 [0.000]    23.3739 [0.000]    23.4270 [0.000]
[kpt  80  -1   6]    23.4485 [0.000]    25.0755 [0.000]    27.6812 [0.000]    28.7461 [0.000]    28.7998 [0.000]
[kpt  80  -1   7]    30.4276 [0.000]    31.8393 [0.000]    31.8748 [0.000]    32.5337 [0.000]    37.3464 [0.000]
[kpt  80  -1   8]    37.5811 [0.000]    41.5146 [0.000]    43.0160 [0.000]    50.8589 [0.000]    50.8824 [0.000]
[kpt  80  -1   9]    56.4189 [0.000]    62.9390 [0.000]   113.7825 [0.000]




KOHN SHAM EIGENVALUES [eV] AT K-POINT [ 81]:       0.416667      0.416667      0.500000

[kpt  81  -1   0]   -42.7105 [2.000]   -19.3998 [2.000]   -19.3922 [2.000]   -19.3892 [2.000]   -13.3044 [2.000]
[kpt  81  -1   1]    -8.0107 [2.000]    -7.9544 [2.000]    -7.9441 [2.000]     0.1167 [2.000]     0.1382 [2.000]
[kpt  81  -1   2]     0.2180 [2.000]     4.3301 [2.000]     5.2267 [2.000]     5.2774 [2.000]     6.4889 [2.000]
[kpt  81  -1   3]     6.6581 [2.000]     6.6669 [2.000]     7.7096 [2.000]     7.7456 [2.000]     7.7815 [2.000]
[kpt  81  -1   4]    16.2840 [0.000]    16.3504 [0.000]    16.3828 [0.000]    19.2604 [0.000]    19.4641 [0.000]
[kpt  81  -1   5]    19.9698 [0.000]    19.9721 [0.000]    20.0119 [0.000]    23.3715 [0.000]    23.5895 [0.000]
[kpt  81  -1   6]    24.5504 [0.000]    25.1713 [0.000]    26.6552 [0.000]    28.7045 [0.000]    28.9524 [0.000]
[kpt  81  -1   7]    30.8770 [0.000]    31.7965 [0.000]    32.1145 [0.000]    32.8478 [0.000]    38.3785 [0.000]
[kpt  81  -1   8]    38.6730 [0.000]    41.9362 [0.000]    44.0526 [0.000]    51.3604 [0.000]    51.6763 [0.000]
[kpt  81  -1   9]    56.3438 [0.000]    63.5225 [0.000]   114.7051 [0.000]




KOHN SHAM EIGENVALUES [eV] AT K-POINT [ 82]:       0.416667      0.500000      0.500000

[kpt  82  -1   0]   -42.7103 [2.000]   -19.3998 [2.000]   -19.3981 [2.000]   -19.3899 [2.000]   -13.2991 [2.000]
[kpt  82  -1   1]    -7.9770 [2.000]    -7.9405 [2.000]    -7.9380 [2.000]     0.0956 [2.000]     0.0960 [2.000]
[kpt  82  -1   2]     0.1265 [2.000]     4.2809 [2.000]     5.1966 [2.000]     5.2546 [2.000]     6.5920 [2.000]
[kpt  82  -1   3]     6.6710 [2.000]     6.6719 [2.000]     7.7630 [2.000]     7.7676 [2.000]     7.8173 [2.000]
[kpt  82  -1   4]    16.3632 [0.000]    16.3727 [0.000]    16.4459 [0.000]    19.3381 [0.000]    19.5656 [0.000]
[kpt  82  -1   5]    19.7706 [0.000]    19.8690 [0.000]    19.9288 [0.000]    23.4178 [0.000]    24.4509 [0.000]
[kpt  82  -1   6]    24.7629 [0.000]    25.2326 [0.000]    26.1791 [0.000]    28.6283 [0.000]    28.9562 [0.000]
[kpt  82  -1   7]    31.5171 [0.000]    31.7311 [0.000]    32.6106 [0.000]    33.1958 [0.000]    39.3424 [0.000]
[kpt  82  -1   8]    39.6237 [0.000]    42.6725 [0.000]    45.1824 [0.000]    51.9731 [0.000]    52.3749 [0.000]
[kpt  82  -1   9]    55.9711 [0.000]    64.2729 [0.000]   117.0161 [0.000]




KOHN SHAM EIGENVALUES [eV] AT K-POINT [ 83]:       0.500000      0.500000      0.500000

[kpt  83  -1   0]   -42.7101 [2.000]   -19.4000 [2.000]   -19.3978 [2.000]   -19.3964 [2.000]   -13.2939 [2.000]
[kpt  83  -1   1]    -7.9369 [2.000]    -7.9322 [2.000]    -7.9310 [2.000]     0.0526 [2.000]     0.0527 [2.000]
[kpt  83  -1   2]     0.0528 [2.000]     4.2337 [2.000]     5.1973 [2.000]     5.1975 [2.000]     6.6859 [2.000]
[kpt  83  -1   3]     6.6899 [2.000]     6.6901 [2.000]     7.8209 [2.000]     7.8218 [2.000]     7.8219 [2.000]
[kpt  83  -1   4]    16.4461 [0.000]    16.4469 [0.000]    16.4538 [0.000]    19.5149 [0.000]    19.5717 [0.000]
[kpt  83  -1   5]    19.6099 [0.000]    19.7590 [0.000]    19.7752 [0.000]    23.7538 [0.000]    24.8925 [0.000]
[kpt  83  -1   6]    24.9001 [0.000]    25.2868 [0.000]    25.8306 [0.000]    28.5695 [0.000]    29.0065 [0.000]
[kpt  83  -1   7]    32.3456 [0.000]    32.7631 [0.000]    32.8445 [0.000]    32.9241 [0.000]    40.2512 [0.000]
[kpt  83  -1   8]    40.5687 [0.000]    43.4172 [0.000]    46.3467 [0.000]    52.8326 [0.000]    52.8602 [0.000]
[kpt  83  -1   9]    55.1133 [0.000]    65.3094 [0.000]   120.7321 [0.000]


spinup:  valence band maximum = 7.842821 eV, conduction band minumm = 14.168879 eV
spinup:  Band gap = 6.326058 eV
WriteRestart: Restart file Waves/wave.out_init opened...
WriteData: total size of each of the 1 files = 247.8 Mb
WriteData: writing took 0.2 seconds, writing speed 1081.360 Mbps 
WriteRestart: writing took 0.2 seconds 
Davidson converged in 6 steps
Davidson converged in 5 steps
Davidson converged in 5 steps
Davidson converged in 6 steps
Davidson converged in 5 steps
Davidson converged in 5 steps
Davidson converged in 7 steps

FERMI ENERGY =     11.02456943 eV
@@ EIGENVALUE SUM     =       -5.803648 Ha
@@ ION_ION            =     -103.531057 Ha
@@ ELECTROSTATIC      =      -28.952300 Ha
@@ VXC                =      -27.722854 Ha
@@ EXC                =      -21.317217 Ha
@@ TOTAL ENERGY       =     -131.881369 Ha
@@ estimated error    =   ****************
Charge density mixing: Broyden
WriteRestart: Restart file Waves/wave.out opened...
WriteData: total size of each of the 1 files = 247.8 Mb
WriteData: writing took 0.2 seconds, writing speed 1136.775 Mbps 
WriteRestart: writing took 0.2 seconds 


KOHN SHAM EIGENVALUES [eV] AT K-POINT [  0]:       0.000000      0.000000      0.000000

[kpt   0   0   0]   -42.7172 [2.000]   -19.2963 [2.000]   -19.2963 [2.000]   -19.2963 [2.000]   -13.6713 [2.000]
[kpt   0   0   1]    -8.7189 [2.000]    -8.3110 [2.000]    -8.3110 [2.000]     0.9247 [2.000]     0.9247 [2.000]
[kpt   0   0   2]     0.9247 [2.000]     6.2568 [2.000]     6.2568 [2.000]     6.2568 [2.000]     6.8751 [2.000]
[kpt   0   0   3]     6.8751 [2.000]     6.8751 [2.000]     7.7806 [2.000]     7.7806 [2.000]     7.7806 [2.000]
[kpt   0   0   4]    13.9537 [0.000]    13.9537 [0.000]    13.9540 [0.000]    15.3156 [0.000]    15.3179 [0.000]
[kpt   0   0   5]    16.6884 [0.000]    16.6894 [0.000]    16.9705 [0.000]    19.6290 [0.000]    19.6393 [0.000]
[kpt   0   0   6]    19.6393 [0.000]    22.6565 [0.000]    22.7099 [0.000]    22.7175 [0.000]    22.7219 [0.000]
[kpt   0   0   7]    22.8543 [0.000]    22.8633 [0.000]    23.2675 [0.000]    25.4924 [0.000]    27.3423 [0.000]
[kpt   0   0   8]    27.3652 [0.000]    27.3700 [0.000]    31.6594 [0.000]    31.6594 [0.000]    31.6905 [0.000]
[kpt   0   0   9]    32.6285 [0.000]    32.6376 [0.000]    32.6396 [0.000]




KOHN SHAM EIGENVALUES [eV] AT K-POINT [  1]:       0.000000      0.000000      0.083333

[kpt   1   0   0]   -42.7171 [2.000]   -19.3052 [2.000]   -19.2960 [2.000]   -19.2960 [2.000]   -13.6584 [2.000]
[kpt   1   0   1]    -8.7208 [2.000]    -8.3094 [2.000]    -8.2973 [2.000]     0.9408 [2.000]     0.9408 [2.000]
[kpt   1   0   2]     0.9474 [2.000]     6.1666 [2.000]     6.2399 [2.000]     6.2399 [2.000]     6.8419 [2.000]
[kpt   1   0   3]     6.8424 [2.000]     6.8425 [2.000]     7.6614 [2.000]     7.7495 [2.000]     7.7496 [2.000]
[kpt   1   0   4]    13.9721 [0.000]    14.0564 [0.000]    14.0568 [0.000]    15.4124 [0.000]    15.4538 [0.000]
[kpt   1   0   5]    16.6900 [0.000]    16.8058 [0.000]    17.1266 [0.000]    19.5717 [0.000]    19.6309 [0.000]
[kpt   1   0   6]    19.6406 [0.000]    23.4717 [0.000]    23.6900 [0.000]    23.7368 [0.000]    23.8485 [0.000]
[kpt   1   0   7]    24.1564 [0.000]    24.3589 [0.000]    24.9038 [0.000]    25.7724 [0.000]    28.2760 [0.000]
[kpt   1   0   8]    28.4812 [0.000]    28.5207 [0.000]    31.5383 [0.000]    31.5530 [0.000]    31.6844 [0.000]
[kpt   1   0   9]    33.1042 [0.000]    33.1902 [0.000]    33.2528 [0.000]




KOHN SHAM EIGENVALUES [eV] AT K-POINT [  2]:       0.000000      0.000000      0.166667

[kpt   2   0   0]   -42.7168 [2.000]   -19.3294 [2.000]   -19.2954 [2.000]   -19.2954 [2.000]   -13.6227 [2.000]
[kpt   2   0   1]    -8.7448 [2.000]    -8.3052 [2.000]    -8.2403 [2.000]     0.9857 [2.000]     0.9857 [2.000]
[kpt   2   0   2]     1.0105 [2.000]     5.9202 [2.000]     6.1762 [2.000]     6.1762 [2.000]     6.7512 [2.000]
[kpt   2   0   3]     6.7730 [2.000]     6.7731 [2.000]     7.3563 [2.000]     7.6631 [2.000]     7.6631 [2.000]
[kpt   2   0   4]    14.0228 [0.000]    14.3377 [0.000]    14.3390 [0.000]    15.6769 [0.000]    15.8344 [0.000]
[kpt   2   0   5]    16.6839 [0.000]    17.0756 [0.000]    17.6185 [0.000]    19.4338 [0.000]    19.6452 [0.000]
[kpt   2   0   6]    19.6700 [0.000]    23.6032 [0.000]    23.7212 [0.000]    23.7958 [0.000]    23.9145 [0.000]
[kpt   2   0   7]    24.3457 [0.000]    24.4423 [0.000]    24.9527 [0.000]    26.4202 [0.000]    28.1135 [0.000]
[kpt   2   0   8]    28.4229 [0.000]    28.4782 [0.000]    31.2203 [0.000]    31.2396 [0.000]    31.7166 [0.000]
[kpt   2   0   9]    32.4954 [0.000]    33.1243 [0.000]    33.3126 [0.000]




KOHN SHAM EIGENVALUES [eV] AT K-POINT [  3]:       0.000000      0.000000      0.250000

[kpt   3   0   0]   -42.7163 [2.000]   -19.3620 [2.000]   -19.2945 [2.000]   -19.2945 [2.000]   -13.5730 [2.000]
[kpt   3   0   1]    -8.8056 [2.000]    -8.2994 [2.000]    -8.1318 [2.000]     1.0495 [2.000]     1.0495 [2.000]
[kpt   3   0   2]     1.0996 [2.000]     5.5843 [2.000]     6.0517 [2.000]     6.0517 [2.000]     6.6316 [2.000]
[kpt   3   0   3]     6.7297 [2.000]     6.7297 [2.000]     6.9796 [2.000]     7.5402 [2.000]     7.5402 [2.000]
[kpt   3   0   4]    14.0951 [0.000]    14.7285 [0.000]    14.7300 [0.000]    16.0630 [0.000]    16.3760 [0.000]
[kpt   3   0   5]    16.6883 [0.000]    17.4091 [0.000]    18.3979 [0.000]    19.2607 [0.000]    19.6701 [0.000]
[kpt   3   0   6]    19.6823 [0.000]    23.0144 [0.000]    23.5181 [0.000]    23.5487 [0.000]    24.2878 [0.000]
[kpt   3   0   7]    24.5783 [0.000]    24.8809 [0.000]    25.0616 [0.000]    26.4768 [0.000]    27.5406 [0.000]
[kpt   3   0   8]    28.5612 [0.000]    28.6795 [0.000]    30.8079 [0.000]    30.8416 [0.000]    31.4743 [0.000]
[kpt   3   0   9]    32.0512 [0.000]    33.3030 [0.000]    33.3192 [0.000]




KOHN SHAM EIGENVALUES [eV] AT K-POINT [  4]:       0.000000      0.000000      0.333333

[kpt   4   0   0]   -42.7159 [2.000]   -19.3942 [2.000]   -19.2936 [2.000]   -19.2936 [2.000]   -13.5221 [2.000]
[kpt   4   0   1]    -8.8826 [2.000]    -8.2936 [2.000]    -8.0040 [2.000]     1.1165 [2.000]     1.1165 [2.000]
[kpt   4   0   2]     1.1928 [2.000]     5.2485 [2.000]     5.8976 [2.000]     5.8976 [2.000]     6.5173 [2.000]
[kpt   4   0   3]     6.6381 [2.000]     6.7352 [2.000]     6.7352 [2.000]     7.4072 [2.000]     7.4072 [2.000]
[kpt   4   0   4]    14.1731 [0.000]    15.1322 [0.000]    15.1343 [0.000]    16.4464 [0.000]    16.7015 [0.000]
[kpt   4   0   5]    16.9566 [0.000]    17.7310 [0.000]    19.0557 [0.000]    19.3880 [0.000]    19.6653 [0.000]
[kpt   4   0   6]    19.6721 [0.000]    22.6593 [0.000]    23.7057 [0.000]    23.8386 [0.000]    24.0988 [0.000]
[kpt   4   0   7]    24.2741 [0.000]    25.2028 [0.000]    25.2939 [0.000]    25.5022 [0.000]    28.2577 [0.000]
[kpt   4   0   8]    28.6146 [0.000]    28.8244 [0.000]    30.3438 [0.000]    30.4624 [0.000]    31.6548 [0.000]
[kpt   4   0   9]    32.3999 [0.000]    32.4636 [0.000]    33.9232 [0.000]




KOHN SHAM EIGENVALUES [eV] AT K-POINT [  5]:       0.000000      0.000000      0.416667

[kpt   5   0   0]   -42.7156 [2.000]   -19.4174 [2.000]   -19.2929 [2.000]   -19.2929 [2.000]   -13.4839 [2.000]
[kpt   5   0   1]    -8.9442 [2.000]    -8.2893 [2.000]    -7.9031 [2.000]     1.1679 [2.000]     1.1679 [2.000]
[kpt   5   0   2]     1.2639 [2.000]     5.0030 [2.000]     5.7746 [2.000]     5.7746 [2.000]     6.4048 [2.000]
[kpt   5   0   3]     6.4367 [2.000]     6.7662 [2.000]     6.7665 [2.000]     7.2967 [2.000]     7.2968 [2.000]
[kpt   5   0   4]    14.2404 [0.000]    15.4415 [0.000]    15.4432 [0.000]    16.6593 [0.000]    16.8000 [0.000]
[kpt   5   0   5]    17.4375 [0.000]    17.9566 [0.000]    18.9596 [0.000]    19.6387 [0.000]    19.6396 [0.000]
[kpt   5   0   6]    20.5447 [0.000]    22.6599 [0.000]    23.6889 [0.000]    23.8549 [0.000]    24.0231 [0.000]
[kpt   5   0   7]    24.1417 [0.000]    24.8038 [0.000]    25.2528 [0.000]    26.4962 [0.000]    28.7484 [0.000]
[kpt   5   0   8]    28.8339 [0.000]    29.7715 [0.000]    29.9213 [0.000]    30.0720 [0.000]    32.7075 [0.000]
[kpt   5   0   9]    32.7725 [0.000]    33.9824 [0.000]    34.0317 [0.000]




KOHN SHAM EIGENVALUES [eV] AT K-POINT [  6]:       0.000000      0.000000      0.500000

[kpt   6   0   0]   -42.7155 [2.000]   -19.4259 [2.000]   -19.2927 [2.000]   -19.2927 [2.000]   -13.4698 [2.000]
[kpt   6   0   1]    -8.9675 [2.000]    -8.2877 [2.000]    -7.8649 [2.000]     1.1872 [2.000]     1.1872 [2.000]
[kpt   6   0   2]     1.2906 [2.000]     4.9132 [2.000]     5.7283 [2.000]     5.7283 [2.000]     6.3222 [2.000]
[kpt   6   0   3]     6.4078 [2.000]     6.7845 [2.000]     6.7845 [2.000]     7.2510 [2.000]     7.2511 [2.000]
[kpt   6   0   4]    14.2562 [0.000]    15.5564 [0.000]    15.5572 [0.000]    16.6750 [0.000]    16.9002 [0.000]
[kpt   6   0   5]    17.6209 [0.000]    18.0379 [0.000]    18.8567 [0.000]    19.6241 [0.000]    19.6255 [0.000]
[kpt   6   0   6]    21.2887 [0.000]    22.3762 [0.000]    22.6352 [0.000]    22.7933 [0.000]    22.8013 [0.000]
[kpt   6   0   7]    23.1590 [0.000]    23.2120 [0.000]    23.4238 [0.000]    24.7303 [0.000]    28.8779 [0.000]
[kpt   6   0   8]    28.8821 [0.000]    29.0337 [0.000]    29.0625 [0.000]    30.1832 [0.000]    31.1000 [0.000]
[kpt   6   0   9]    31.9670 [0.000]    32.3220 [0.000]    33.9069 [0.000]




KOHN SHAM EIGENVALUES [eV] AT K-POINT [  7]:       0.000000      0.083333      0.083333

[kpt   7   0   0]   -42.7170 [2.000]   -19.3053 [2.000]   -19.3046 [2.000]   -19.2958 [2.000]   -13.6459 [2.000]
[kpt   7   0   1]    -8.7194 [2.000]    -8.3006 [2.000]    -8.2930 [2.000]     0.9169 [2.000]     0.9571 [2.000]
[kpt   7   0   2]     1.0041 [2.000]     6.0886 [2.000]     6.2094 [2.000]     6.2265 [2.000]     6.7407 [2.000]
[kpt   7   0   3]     6.8054 [2.000]     6.8882 [2.000]     7.5415 [2.000]     7.7176 [2.000]     7.7303 [2.000]
[kpt   7   0   4]    14.0685 [0.000]    14.0782 [0.000]    14.1482 [0.000]    15.5274 [0.000]    15.5726 [0.000]
[kpt   7   0   5]    16.7476 [0.000]    16.8778 [0.000]    17.2599 [0.000]    19.5046 [0.000]    19.6411 [0.000]
[kpt   7   0   6]    19.6664 [0.000]    23.5113 [0.000]    23.6217 [0.000]    23.7051 [0.000]    23.8946 [0.000]
[kpt   7   0   7]    24.0579 [0.000]    24.4007 [0.000]    24.9643 [0.000]    26.0192 [0.000]    28.2350 [0.000]
[kpt   7   0   8]    28.5148 [0.000]    28.5412 [0.000]    31.4277 [0.000]    31.4647 [0.000]    31.7229 [0.000]
[kpt   7   0   9]    32.8700 [0.000]    33.0869 [0.000]    33.1386 [0.000]




KOHN SHAM EIGENVALUES [eV] AT K-POINT [  8]:       0.000000      0.083333      0.166667

[kpt   8   0   0]   -42.7167 [2.000]   -19.3291 [2.000]   -19.3042 [2.000]   -19.2951 [2.000]   -13.6113 [2.000]
[kpt   8   0   1]    -8.7348 [2.000]    -8.2944 [2.000]    -8.2433 [2.000]     0.9284 [2.000]     1.0025 [2.000]
[kpt   8   0   2]     1.0835 [2.000]     5.8535 [2.000]     6.1375 [2.000]     6.1727 [2.000]     6.6179 [2.000]
[kpt   8   0   3]     6.7273 [2.000]     6.8725 [2.000]     7.2535 [2.000]     7.6289 [2.000]     7.6599 [2.000]
[kpt   8   0   4]    14.1206 [0.000]    14.3523 [0.000]    14.4056 [0.000]    15.7955 [0.000]    15.9491 [0.000]
[kpt   8   0   5]    16.7654 [0.000]    17.1444 [0.000]    17.6982 [0.000]    19.3869 [0.000]    19.6592 [0.000]
[kpt   8   0   6]    19.7178 [0.000]    23.5674 [0.000]    23.6802 [0.000]    23.7760 [0.000]    23.9128 [0.000]
[kpt   8   0   7]    23.9878 [0.000]    24.4323 [0.000]    24.9616 [0.000]    26.6662 [0.000]    28.0041 [0.000]
[kpt   8   0   8]    28.4696 [0.000]    28.6475 [0.000]    31.1181 [0.000]    31.1893 [0.000]    31.7586 [0.000]
[kpt   8   0   9]    32.4184 [0.000]    32.7712 [0.000]    33.1390 [0.000]




KOHN SHAM EIGENVALUES [eV] AT K-POINT [  9]:       0.000000      0.083333      0.250000

[kpt   9   0   0]   -42.7162 [2.000]   -19.3616 [2.000]   -19.3032 [2.000]   -19.2942 [2.000]   -13.5632 [2.000]
[kpt   9   0   1]    -8.7867 [2.000]    -8.2887 [2.000]    -8.1393 [2.000]     0.9756 [2.000]     1.0671 [2.000]
[kpt   9   0   2]     1.1634 [2.000]     5.5327 [2.000]     6.0133 [2.000]     6.0575 [2.000]     6.4974 [2.000]
[kpt   9   0   3]     6.6769 [2.000]     6.7929 [2.000]     6.9642 [2.000]     7.5030 [2.000]     7.5449 [2.000]
[kpt   9   0   4]    14.1881 [0.000]    14.7382 [0.000]    14.7746 [0.000]    16.1735 [0.000]    16.4920 [0.000]
[kpt   9   0   5]    16.7750 [0.000]    17.4737 [0.000]    18.4179 [0.000]    19.2435 [0.000]    19.6845 [0.000]
[kpt   9   0   6]    19.7335 [0.000]    23.0731 [0.000]    23.6205 [0.000]    23.8664 [0.000]    24.0051 [0.000]
[kpt   9   0   7]    24.2547 [0.000]    24.6715 [0.000]    25.2088 [0.000]    26.5230 [0.000]    27.5044 [0.000]
[kpt   9   0   8]    28.4023 [0.000]    28.6828 [0.000]    30.6147 [0.000]    30.9083 [0.000]    31.5247 [0.000]
[kpt   9   0   9]    31.9771 [0.000]    32.8740 [0.000]    33.1735 [0.000]




KOHN SHAM EIGENVALUES [eV] AT K-POINT [ 10]:       0.000000      0.083333      0.333333

[kpt  10   0   0]   -42.7158 [2.000]   -19.3937 [2.000]   -19.3022 [2.000]   -19.2933 [2.000]   -13.5140 [2.000]
[kpt  10   0   1]    -8.8570 [2.000]    -8.2827 [2.000]    -8.0138 [2.000]     1.0461 [2.000]     1.1351 [2.000]
[kpt  10   0   2]     1.2235 [2.000]     5.2119 [2.000]     5.8756 [2.000]     5.9071 [2.000]     6.3363 [2.000]
[kpt  10   0   3]     6.6095 [2.000]     6.6802 [2.000]     6.9036 [2.000]     7.3667 [2.000]     7.4038 [2.000]
[kpt  10   0   4]    14.2587 [0.000]    15.1351 [0.000]    15.1673 [0.000]    16.5446 [0.000]    16.7900 [0.000]
[kpt  10   0   5]    17.0852 [0.000]    17.7855 [0.000]    19.1088 [0.000]    19.2298 [0.000]    19.7170 [0.000]
[kpt  10   0   6]    19.7999 [0.000]    22.6634 [0.000]    23.7236 [0.000]    23.9061 [0.000]    24.1975 [0.000]
[kpt  10   0   7]    24.4125 [0.000]    24.8765 [0.000]    25.2537 [0.000]    25.4710 [0.000]    27.9821 [0.000]
[kpt  10   0   8]    28.5079 [0.000]    28.9457 [0.000]    30.1296 [0.000]    30.5003 [0.000]    31.5165 [0.000]
[kpt  10   0   9]    32.2298 [0.000]    33.0118 [0.000]    33.3312 [0.000]




KOHN SHAM EIGENVALUES [eV] AT K-POINT [ 11]:       0.000000      0.083333      0.416667

[kpt  11   0   0]   -42.7155 [2.000]   -19.4169 [2.000]   -19.3015 [2.000]   -19.2927 [2.000]   -13.4771 [2.000]
[kpt  11   0   1]    -8.9146 [2.000]    -8.2782 [2.000]    -7.9139 [2.000]     1.1176 [2.000]     1.1872 [2.000]
[kpt  11   0   2]     1.2498 [2.000]     4.9756 [2.000]     5.7802 [2.000]     5.7849 [2.000]     6.1602 [2.000]
[kpt  11   0   3]     6.4984 [2.000]     6.7123 [2.000]     6.9507 [2.000]     7.2536 [2.000]     7.2634 [2.000]
[kpt  11   0   4]    14.3200 [0.000]    15.4378 [0.000]    15.4747 [0.000]    16.7458 [0.000]    16.8905 [0.000]
[kpt  11   0   5]    17.5588 [0.000]    18.0119 [0.000]    19.0392 [0.000]    19.4616 [0.000]    19.6753 [0.000]
[kpt  11   0   6]    20.6076 [0.000]    22.3707 [0.000]    23.7808 [0.000]    24.0997 [0.000]    24.2668 [0.000]
[kpt  11   0   7]    24.5928 [0.000]    25.0200 [0.000]    25.4712 [0.000]    25.9643 [0.000]    28.4060 [0.000]
[kpt  11   0   8]    28.9560 [0.000]    29.5587 [0.000]    29.7368 [0.000]    30.0539 [0.000]    32.0487 [0.000]
[kpt  11   0   9]    33.0175 [0.000]    33.9560 [0.000]    34.0705 [0.000]




KOHN SHAM EIGENVALUES [eV] AT K-POINT [ 12]:       0.000000      0.083333      0.500000

[kpt  12   0   0]   -42.7154 [2.000]   -19.4254 [2.000]   -19.3013 [2.000]   -19.2924 [2.000]   -13.4634 [2.000]
[kpt  12   0   1]    -8.9366 [2.000]    -8.2766 [2.000]    -7.8760 [2.000]     1.1528 [2.000]     1.2068 [2.000]
[kpt  12   0   2]     1.2509 [2.000]     4.8889 [2.000]     5.7386 [2.000]     5.7490 [2.000]     6.0864 [2.000]
[kpt  12   0   3]     6.4639 [2.000]     6.7316 [2.000]     6.9999 [2.000]     7.1845 [2.000]     7.2067 [2.000]
[kpt  12   0   4]    14.3458 [0.000]    15.5521 [0.000]    15.5925 [0.000]    16.7624 [0.000]    16.9881 [0.000]
[kpt  12   0   5]    17.7439 [0.000]    18.0925 [0.000]    19.0409 [0.000]    19.4562 [0.000]    19.6529 [0.000]
[kpt  12   0   6]    21.4412 [0.000]    22.5357 [0.000]    23.1022 [0.000]    23.7196 [0.000]    23.9957 [0.000]
[kpt  12   0   7]    24.1772 [0.000]    24.9289 [0.000]    25.1929 [0.000]    26.0681 [0.000]    28.6135 [0.000]
[kpt  12   0   8]    29.2449 [0.000]    29.5871 [0.000]    29.7108 [0.000]    30.9129 [0.000]    32.1371 [0.000]
[kpt  12   0   9]    32.5100 [0.000]    33.4211 [0.000]    34.4072 [0.000]




KOHN SHAM EIGENVALUES [eV] AT K-POINT [ 13]:       0.000000      0.166667      0.166667

[kpt  13   0   0]   -42.7163 [2.000]   -19.3293 [2.000]   -19.3271 [2.000]   -19.2945 [2.000]   -13.5799 [2.000]
[kpt  13   0   1]    -8.7247 [2.000]    -8.2547 [2.000]    -8.2436 [2.000]     0.8929 [2.000]     1.0496 [2.000]
[kpt  13   0   2]     1.1614 [2.000]     5.6597 [2.000]     6.0483 [2.000]     6.1494 [2.000]     6.4527 [2.000]
[kpt  13   0   3]     6.6225 [2.000]     6.9391 [2.000]     7.0022 [2.000]     7.5344 [2.000]     7.6415 [2.000]
[kpt  13   0   4]    14.3727 [0.000]    14.4072 [0.000]    14.6079 [0.000]    16.0959 [0.000]    16.3040 [0.000]
[kpt  13   0   5]    16.8781 [0.000]    17.3836 [0.000]    17.9749 [0.000]    19.3168 [0.000]    19.6799 [0.000]
[kpt  13   0   6]    19.8170 [0.000]    23.5388 [0.000]    23.6443 [0.000]    23.8664 [0.000]    23.8873 [0.000]
[kpt  13   0   7]    24.0246 [0.000]    24.4832 [0.000]    25.1395 [0.000]    26.9794 [0.000]    27.8706 [0.000]
[kpt  13   0   8]    28.5309 [0.000]    28.5875 [0.000]    30.7481 [0.000]    30.9683 [0.000]    32.0658 [0.000]
[kpt  13   0   9]    32.2374 [0.000]    32.5650 [0.000]    32.8068 [0.000]




KOHN SHAM EIGENVALUES [eV] AT K-POINT [ 14]:       0.000000      0.166667      0.250000

[kpt  14   0   0]   -42.7159 [2.000]   -19.3606 [2.000]   -19.3269 [2.000]   -19.2936 [2.000]   -13.5362 [2.000]
[kpt  14   0   1]    -8.7460 [2.000]    -8.2504 [2.000]    -8.1568 [2.000]     0.8978 [2.000]     1.1166 [2.000]
[kpt  14   0   2]     1.2119 [2.000]     5.3933 [2.000]     5.9179 [2.000]     6.0696 [2.000]     6.2540 [2.000]
[kpt  14   0   3]     6.5403 [2.000]     6.7755 [2.000]     6.9654 [2.000]     7.4004 [2.000]     7.5826 [2.000]
[kpt  14   0   4]    14.4412 [0.000]    14.7619 [0.000]    14.9216 [0.000]    16.4491 [0.000]    16.8460 [0.000]
[kpt  14   0   5]    16.9365 [0.000]    17.7068 [0.000]    18.4886 [0.000]    19.2540 [0.000]    19.7253 [0.000]
[kpt  14   0   6]    19.8640 [0.000]    23.2406 [0.000]    23.4368 [0.000]    23.7106 [0.000]    23.7788 [0.000]
[kpt  14   0   7]    23.8287 [0.000]    24.4454 [0.000]    25.1855 [0.000]    26.6892 [0.000]    27.3423 [0.000]
[kpt  14   0   8]    28.4569 [0.000]    28.7715 [0.000]    30.1799 [0.000]    30.5575 [0.000]    31.6490 [0.000]
[kpt  14   0   9]    32.0704 [0.000]    32.3715 [0.000]    32.4735 [0.000]




KOHN SHAM EIGENVALUES [eV] AT K-POINT [ 15]:       0.000000      0.166667      0.333333

[kpt  15   0   0]   -42.7155 [2.000]   -19.3925 [2.000]   -19.3258 [2.000]   -19.2927 [2.000]   -13.4916 [2.000]
[kpt  15   0   1]    -8.7929 [2.000]    -8.2478 [2.000]    -8.0395 [2.000]     0.9416 [2.000]     1.1871 [2.000]
[kpt  15   0   2]     1.2202 [2.000]     5.1201 [2.000]     5.7903 [2.000]     5.9348 [2.000]     6.0104 [2.000]
[kpt  15   0   3]     6.5323 [2.000]     6.6855 [2.000]     6.9824 [2.000]     7.2557 [2.000]     7.4801 [2.000]
[kpt  15   0   4]    14.4984 [0.000]    15.1413 [0.000]    15.2803 [0.000]    16.7842 [0.000]    16.9753 [0.000]
[kpt  15   0   5]    17.4510 [0.000]    17.9955 [0.000]    18.9907 [0.000]    19.2261 [0.000]    19.8555 [0.000]
[kpt  15   0   6]    19.9958 [0.000]    22.7934 [0.000]    23.5081 [0.000]    23.8172 [0.000]    23.9249 [0.000]
[kpt  15   0   7]    24.0340 [0.000]    24.5123 [0.000]    25.4070 [0.000]    25.4999 [0.000]    27.4907 [0.000]
[kpt  15   0   8]    28.5534 [0.000]    29.1849 [0.000]    29.7169 [0.000]    30.3141 [0.000]    31.5138 [0.000]
[kpt  15   0   9]    32.1894 [0.000]    32.3216 [0.000]    32.5825 [0.000]




KOHN SHAM EIGENVALUES [eV] AT K-POINT [ 16]:       0.000000      0.166667      0.416667

[kpt  16   0   0]   -42.7152 [2.000]   -19.4156 [2.000]   -19.3249 [2.000]   -19.2920 [2.000]   -13.4583 [2.000]
[kpt  16   0   1]    -8.8367 [2.000]    -8.2446 [2.000]    -7.9433 [2.000]     1.0111 [2.000]     1.1865 [2.000]
[kpt  16   0   2]     1.2413 [2.000]     4.9108 [2.000]     5.7151 [2.000]     5.8156 [2.000]     5.8178 [2.000]
[kpt  16   0   3]     6.5648 [2.000]     6.6552 [2.000]     7.0298 [2.000]     7.1356 [2.000]     7.3589 [2.000]
[kpt  16   0   4]    14.5437 [0.000]    15.4270 [0.000]    15.5777 [0.000]    16.9271 [0.000]    17.1195 [0.000]
[kpt  16   0   5]    17.9379 [0.000]    18.1984 [0.000]    19.1070 [0.000]    19.2394 [0.000]    19.7850 [0.000]
[kpt  16   0   6]    20.7866 [0.000]    22.3598 [0.000]    23.6748 [0.000]    23.8343 [0.000]    24.0480 [0.000]
[kpt  16   0   7]    24.3017 [0.000]    24.3942 [0.000]    24.8339 [0.000]    25.5296 [0.000]    27.8392 [0.000]
[kpt  16   0   8]    28.6550 [0.000]    29.1582 [0.000]    29.8016 [0.000]    30.1264 [0.000]    31.5623 [0.000]
[kpt  16   0   9]    32.2067 [0.000]    32.6727 [0.000]    32.9218 [0.000]




KOHN SHAM EIGENVALUES [eV] AT K-POINT [ 17]:       0.000000      0.166667      0.500000

[kpt  17   0   0]   -42.7151 [2.000]   -19.4239 [2.000]   -19.3246 [2.000]   -19.2918 [2.000]   -13.4460 [2.000]
[kpt  17   0   1]    -8.8540 [2.000]    -8.2433 [2.000]    -7.9065 [2.000]     1.0641 [2.000]     1.1461 [2.000]
[kpt  17   0   2]     1.2617 [2.000]     4.8321 [2.000]     5.7054 [2.000]     5.7343 [2.000]     5.7696 [2.000]
[kpt  17   0   3]     6.5859 [2.000]     6.6448 [2.000]     7.0746 [2.000]     7.0857 [2.000]     7.2876 [2.000]
[kpt  17   0   4]    14.5611 [0.000]    15.5342 [0.000]    15.6953 [0.000]    16.9406 [0.000]    17.2191 [0.000]
[kpt  17   0   5]    18.1297 [0.000]    18.2706 [0.000]    19.0979 [0.000]    19.2516 [0.000]    19.7327 [0.000]
[kpt  17   0   6]    21.6296 [0.000]    22.5633 [0.000]    22.9614 [0.000]    24.0576 [0.000]    24.1499 [0.000]
[kpt  17   0   7]    24.3307 [0.000]    24.7496 [0.000]    25.0090 [0.000]    25.6249 [0.000]    28.1573 [0.000]
[kpt  17   0   8]    28.6469 [0.000]    29.3926 [0.000]    29.9900 [0.000]    31.3711 [0.000]    31.8438 [0.000]
[kpt  17   0   9]    32.2880 [0.000]    32.9886 [0.000]    33.7945 [0.000]




KOHN SHAM EIGENVALUES [eV] AT K-POINT [ 18]:       0.000000      0.250000      0.250000

[kpt  18   0   0]   -42.7155 [2.000]   -19.3605 [2.000]   -19.3577 [2.000]   -19.2927 [2.000]   -13.4988 [2.000]
[kpt  18   0   1]    -8.7191 [2.000]    -8.1752 [2.000]    -8.1725 [2.000]     0.8547 [2.000]     1.1871 [2.000]
[kpt  18   0   2]     1.2106 [2.000]     5.2039 [2.000]     5.7745 [2.000]     5.9617 [2.000]     6.0606 [2.000]
[kpt  18   0   3]     6.3927 [2.000]     6.6953 [2.000]     7.0456 [2.000]     7.2557 [2.000]     7.6095 [2.000]
[kpt  18   0   4]    14.7648 [0.000]    14.8218 [0.000]    15.1712 [0.000]    16.7755 [0.000]    17.0464 [0.000]
[kpt  18   0   5]    17.4052 [0.000]    18.0811 [0.000]    18.6218 [0.000]    19.2913 [0.000]    19.8430 [0.000]
[kpt  18   0   6]    19.9980 [0.000]    23.0278 [0.000]    23.5895 [0.000]    23.6139 [0.000]    23.9915 [0.000]
[kpt  18   0   7]    24.0864 [0.000]    24.5559 [0.000]    25.3215 [0.000]    26.5670 [0.000]    26.8977 [0.000]
[kpt  18   0   8]    28.5061 [0.000]    28.8188 [0.000]    29.8140 [0.000]    30.2266 [0.000]    31.3780 [0.000]
[kpt  18   0   9]    32.0842 [0.000]    32.4604 [0.000]    32.5938 [0.000]




KOHN SHAM EIGENVALUES [eV] AT K-POINT [ 19]:       0.000000      0.250000      0.333333

[kpt  19   0   0]   -42.7150 [2.000]   -19.3908 [2.000]   -19.3576 [2.000]   -19.2918 [2.000]   -13.4607 [2.000]
[kpt  19   0   1]    -8.7223 [2.000]    -8.1842 [2.000]    -8.0711 [2.000]     0.8563 [2.000]     1.1606 [2.000]
[kpt  19   0   2]     1.2615 [2.000]     4.9982 [2.000]     5.6074 [2.000]     5.6971 [2.000]     5.9751 [2.000]
[kpt  19   0   3]     6.3392 [2.000]     6.7342 [2.000]     7.0892 [2.000]     7.1003 [2.000]     7.5885 [2.000]
[kpt  19   0   4]    14.8258 [0.000]    15.1517 [0.000]    15.4808 [0.000]    17.0077 [0.000]    17.1892 [0.000]
[kpt  19   0   5]    18.0387 [0.000]    18.3750 [0.000]    18.7685 [0.000]    19.3724 [0.000]    20.0394 [0.000]
[kpt  19   0   6]    20.2315 [0.000]    22.9279 [0.000]    23.3871 [0.000]    23.6241 [0.000]    24.1768 [0.000]
[kpt  19   0   7]    24.3517 [0.000]    24.7829 [0.000]    25.3790 [0.000]    25.6052 [0.000]    26.9024 [0.000]
[kpt  19   0   8]    28.4958 [0.000]    28.6873 [0.000]    29.9309 [0.000]    30.0124 [0.000]    31.2703 [0.000]
[kpt  19   0   9]    31.9382 [0.000]    32.4950 [0.000]    32.8917 [0.000]




KOHN SHAM EIGENVALUES [eV] AT K-POINT [ 20]:       0.000000      0.250000      0.416667

[kpt  20   0   0]   -42.7147 [2.000]   -19.4137 [2.000]   -19.3565 [2.000]   -19.2912 [2.000]   -13.4323 [2.000]
[kpt  20   0   1]    -8.7389 [2.000]    -8.1880 [2.000]    -7.9831 [2.000]     0.8999 [2.000]     1.0795 [2.000]
[kpt  20   0   2]     1.3187 [2.000]     4.8266 [2.000]     5.4195 [2.000]     5.5996 [2.000]     5.8655 [2.000]
[kpt  20   0   3]     6.3653 [2.000]     6.8287 [2.000]     6.9719 [2.000]     7.0918 [2.000]     7.5379 [2.000]
[kpt  20   0   4]    14.8545 [0.000]    15.4154 [0.000]    15.7543 [0.000]    17.0580 [0.000]    17.4179 [0.000]
[kpt  20   0   5]    18.4679 [0.000]    18.5759 [0.000]    18.8372 [0.000]    19.5029 [0.000]    19.9725 [0.000]
[kpt  20   0   6]    21.0221 [0.000]    22.5512 [0.000]    23.4386 [0.000]    23.5248 [0.000]    24.2578 [0.000]
[kpt  20   0   7]    24.3211 [0.000]    24.7135 [0.000]    25.1389 [0.000]    25.7271 [0.000]    27.1847 [0.000]
[kpt  20   0   8]    28.0450 [0.000]    28.9312 [0.000]    29.7194 [0.000]    30.6276 [0.000]    31.5372 [0.000]
[kpt  20   0   9]    31.8265 [0.000]    32.8337 [0.000]    33.4198 [0.000]




KOHN SHAM EIGENVALUES [eV] AT K-POINT [ 21]:       0.000000      0.250000      0.500000

[kpt  21   0   0]   -42.7146 [2.000]   -19.4220 [2.000]   -19.3562 [2.000]   -19.2910 [2.000]   -13.4218 [2.000]
[kpt  21   0   1]    -8.7473 [2.000]    -8.1888 [2.000]    -7.9488 [2.000]     0.9542 [2.000]     1.0111 [2.000]
[kpt  21   0   2]     1.3403 [2.000]     4.7583 [2.000]     5.3486 [2.000]     5.5749 [2.000]     5.8203 [2.000]
[kpt  21   0   3]     6.3867 [2.000]     6.8844 [2.000]     6.9187 [2.000]     7.0799 [2.000]     7.5097 [2.000]
[kpt  21   0   4]    14.8648 [0.000]    15.5141 [0.000]    15.8665 [0.000]    17.0662 [0.000]    17.5238 [0.000]
[kpt  21   0   5]    18.4764 [0.000]    18.7944 [0.000]    18.8491 [0.000]    19.6067 [0.000]    19.8670 [0.000]
[kpt  21   0   6]    21.7102 [0.000]    22.5647 [0.000]    22.7998 [0.000]    23.3749 [0.000]    24.0859 [0.000]
[kpt  21   0   7]    24.7927 [0.000]    24.8969 [0.000]    25.4706 [0.000]    25.7515 [0.000]    27.4680 [0.000]
[kpt  21   0   8]    27.7736 [0.000]    28.9321 [0.000]    29.8678 [0.000]    30.5874 [0.000]    31.5368 [0.000]
[kpt  21   0   9]    32.0643 [0.000]    32.9074 [0.000]    33.9877 [0.000]




KOHN SHAM EIGENVALUES [eV] AT K-POINT [ 22]:       0.000000      0.333333      0.333333

[kpt  22   0   0]   -42.7146 [2.000]   -19.3901 [2.000]   -19.3880 [2.000]   -19.2910 [2.000]   -13.4292 [2.000]
[kpt  22   0   1]    -8.6749 [2.000]    -8.1059 [2.000]    -8.0912 [2.000]     0.8119 [2.000]     1.0641 [2.000]
[kpt  22   0   2]     1.3401 [2.000]     4.8541 [2.000]     5.3582 [2.000]     5.4691 [2.000]     5.9965 [2.000]
[kpt  22   0   3]     6.1815 [2.000]     6.8555 [2.000]     6.9346 [2.000]     7.1872 [2.000]     7.6471 [2.000]
[kpt  22   0   4]    15.1343 [0.000]    15.1811 [0.000]    15.7367 [0.000]    17.0817 [0.000]    17.4674 [0.000]
[kpt  22   0   5]    18.5474 [0.000]    18.6422 [0.000]    18.8801 [0.000]    19.5524 [0.000]    20.1784 [0.000]
[kpt  22   0   6]    20.5497 [0.000]    22.0098 [0.000]    22.3379 [0.000]    22.4103 [0.000]    23.0413 [0.000]
[kpt  22   0   7]    23.3564 [0.000]    23.4364 [0.000]    23.9080 [0.000]    25.0731 [0.000]    25.8348 [0.000]
[kpt  22   0   8]    27.5129 [0.000]    27.9042 [0.000]    28.7993 [0.000]    28.9340 [0.000]    29.0742 [0.000]
[kpt  22   0   9]    31.1074 [0.000]    32.6093 [0.000]    32.7200 [0.000]




KOHN SHAM EIGENVALUES [eV] AT K-POINT [ 23]:       0.000000      0.333333      0.416667

[kpt  23   0   0]   -42.7143 [2.000]   -19.4118 [2.000]   -19.3877 [2.000]   -19.2903 [2.000]   -13.4058 [2.000]
[kpt  23   0   1]    -8.6551 [2.000]    -8.1156 [2.000]    -8.0220 [2.000]     0.8164 [2.000]     0.9595 [2.000]
[kpt  23   0   2]     1.4008 [2.000]     4.7187 [2.000]     5.1405 [2.000]     5.3749 [2.000]     5.9293 [2.000]
[kpt  23   0   3]     6.1674 [2.000]     6.7989 [2.000]     7.0142 [2.000]     7.2211 [2.000]     7.6558 [2.000]
[kpt  23   0   4]    15.1690 [0.000]    15.4078 [0.000]    15.9732 [0.000]    17.0917 [0.000]    17.7208 [0.000]
[kpt  23   0   5]    18.3931 [0.000]    18.9890 [0.000]    19.4723 [0.000]    19.7768 [0.000]    20.1908 [0.000]
[kpt  23   0   6]    21.2668 [0.000]    22.5873 [0.000]    23.0515 [0.000]    23.1553 [0.000]    23.9086 [0.000]
[kpt  23   0   7]    24.8162 [0.000]    24.8781 [0.000]    25.4386 [0.000]    25.6507 [0.000]    26.0081 [0.000]
[kpt  23   0   8]    27.6066 [0.000]    28.9985 [0.000]    29.7057 [0.000]    30.8190 [0.000]    31.1105 [0.000]
[kpt  23   0   9]    31.5972 [0.000]    33.0659 [0.000]    33.9392 [0.000]




KOHN SHAM EIGENVALUES [eV] AT K-POINT [ 24]:       0.000000      0.333333      0.500000

[kpt  24   0   0]   -42.7142 [2.000]   -19.4201 [2.000]   -19.3873 [2.000]   -19.2901 [2.000]   -13.3972 [2.000]
[kpt  24   0   1]    -8.6508 [2.000]    -8.1206 [2.000]    -7.9918 [2.000]     0.8553 [2.000]     0.8847 [2.000]
[kpt  24   0   2]     1.4237 [2.000]     4.6609 [2.000]     5.0637 [2.000]     5.3484 [2.000]     5.8863 [2.000]
[kpt  24   0   3]     6.1873 [2.000]     6.7428 [2.000]     7.1179 [2.000]     7.1935 [2.000]     7.6509 [2.000]
[kpt  24   0   4]    15.1743 [0.000]    15.4990 [0.000]    16.0723 [0.000]    17.0881 [0.000]    17.8366 [0.000]
[kpt  24   0   5]    18.3176 [0.000]    19.0942 [0.000]    19.7051 [0.000]    19.9856 [0.000]    20.0660 [0.000]
[kpt  24   0   6]    21.9956 [0.000]    22.6370 [0.000]    22.6765 [0.000]    23.0556 [0.000]    23.5978 [0.000]
[kpt  24   0   7]    24.9363 [0.000]    25.2702 [0.000]    25.7130 [0.000]    25.9306 [0.000]    26.1009 [0.000]
[kpt  24   0   8]    27.4700 [0.000]    29.1696 [0.000]    29.9312 [0.000]    31.1243 [0.000]    31.4105 [0.000]
[kpt  24   0   9]    31.9597 [0.000]    33.3634 [0.000]    34.3127 [0.000]




KOHN SHAM EIGENVALUES [eV] AT K-POINT [ 25]:       0.000000      0.416667      0.416667

[kpt  25   0   0]   -42.7140 [2.000]   -19.4107 [2.000]   -19.4100 [2.000]   -19.2897 [2.000]   -13.3862 [2.000]
[kpt  25   0   1]    -8.6045 [2.000]    -8.0544 [2.000]    -8.0458 [2.000]     0.7785 [2.000]     0.8571 [2.000]
[kpt  25   0   2]     1.4642 [2.000]     4.6037 [2.000]     4.9487 [2.000]     5.2377 [2.000]     5.9790 [2.000]
[kpt  25   0   3]     6.0372 [2.000]     6.6572 [2.000]     7.1885 [2.000]     7.3082 [2.000]     7.7080 [2.000]
[kpt  25   0   4]    15.3934 [0.000]    15.4121 [0.000]    16.1671 [0.000]    17.0719 [0.000]    17.9829 [0.000]
[kpt  25   0   5]    18.2433 [0.000]    19.2684 [0.000]    20.0408 [0.000]    20.3240 [0.000]    20.3767 [0.000]
[kpt  25   0   6]    21.6592 [0.000]    22.4217 [0.000]    22.6943 [0.000]    22.8605 [0.000]    23.6207 [0.000]
[kpt  25   0   7]    24.9009 [0.000]    25.1547 [0.000]    25.6447 [0.000]    25.8867 [0.000]    26.1043 [0.000]
[kpt  25   0   8]    27.3860 [0.000]    28.8109 [0.000]    29.6871 [0.000]    30.9524 [0.000]    31.4780 [0.000]
[kpt  25   0   9]    31.9485 [0.000]    33.2892 [0.000]    34.0219 [0.000]




KOHN SHAM EIGENVALUES [eV] AT K-POINT [ 26]:       0.000000      0.416667      0.500000

[kpt  26   0   0]   -42.7139 [2.000]   -19.4186 [2.000]   -19.4099 [2.000]   -19.2895 [2.000]   -13.3789 [2.000]
[kpt  26   0   1]    -8.5883 [2.000]    -8.0601 [2.000]    -8.0237 [2.000]     0.7890 [2.000]     0.7970 [2.000]
[kpt  26   0   2]     1.4883 [2.000]     4.5510 [2.000]     4.8805 [2.000]     5.1980 [2.000]     5.9536 [2.000]
[kpt  26   0   3]     6.0403 [2.000]     6.5987 [2.000]     7.2896 [2.000]     7.3084 [2.000]     7.7194 [2.000]
[kpt  26   0   4]    15.4020 [0.000]    15.4898 [0.000]    16.2460 [0.000]    17.0533 [0.000]    18.0895 [0.000]
[kpt  26   0   5]    18.1705 [0.000]    19.3728 [0.000]    20.2529 [0.000]    20.2802 [0.000]    20.8050 [0.000]
[kpt  26   0   6]    22.1820 [0.000]    22.5641 [0.000]    22.6402 [0.000]    22.9079 [0.000]    22.9950 [0.000]
[kpt  26   0   7]    24.6131 [0.000]    25.0328 [0.000]    25.2452 [0.000]    26.0305 [0.000]    26.2559 [0.000]
[kpt  26   0   8]    27.3053 [0.000]    29.3867 [0.000]    30.7842 [0.000]    31.3088 [0.000]    31.9710 [0.000]
[kpt  26   0   9]    32.8696 [0.000]    33.7346 [0.000]    34.9993 [0.000]




KOHN SHAM EIGENVALUES [eV] AT K-POINT [ 27]:       0.000000      0.500000      0.500000

[kpt  27   0   0]   -42.7138 [2.000]   -19.4181 [2.000]   -19.4181 [2.000]   -19.2893 [2.000]   -13.3722 [2.000]
[kpt  27   0   1]    -8.5674 [2.000]    -8.0354 [2.000]    -8.0354 [2.000]     0.7660 [2.000]     0.7660 [2.000]
[kpt  27   0   2]     1.5127 [2.000]     4.4993 [2.000]     4.8173 [2.000]     5.1524 [2.000]     5.9861 [2.000]
[kpt  27   0   3]     5.9861 [2.000]     6.5389 [2.000]     7.3540 [2.000]     7.3543 [2.000]     7.7372 [2.000]
[kpt  27   0   4]    15.4847 [0.000]    15.4873 [0.000]    16.3146 [0.000]    17.0326 [0.000]    18.1259 [0.000]
[kpt  27   0   5]    18.1987 [0.000]    19.4787 [0.000]    20.3597 [0.000]    20.3806 [0.000]    21.7564 [0.000]
[kpt  27   0   6]    22.1835 [0.000]    22.2911 [0.000]    22.5026 [0.000]    22.6647 [0.000]    22.7680 [0.000]
[kpt  27   0   7]    24.0842 [0.000]    24.7480 [0.000]    25.7030 [0.000]    25.9046 [0.000]    26.7228 [0.000]
[kpt  27   0   8]    27.2570 [0.000]    29.2189 [0.000]    30.6226 [0.000]    31.0382 [0.000]    32.2634 [0.000]
[kpt  27   0   9]    33.4113 [0.000]    33.6183 [0.000]    34.2213 [0.000]




KOHN SHAM EIGENVALUES [eV] AT K-POINT [ 28]:       0.083333      0.083333      0.083333

[kpt  28   0   0]   -42.7169 [2.000]   -19.3054 [2.000]   -19.3043 [2.000]   -19.3043 [2.000]   -13.6337 [2.000]
[kpt  28   0   1]    -8.7150 [2.000]    -8.2912 [2.000]    -8.2912 [2.000]     0.9281 [2.000]     0.9281 [2.000]
[kpt  28   0   2]     1.0652 [2.000]     6.0156 [2.000]     6.1929 [2.000]     6.1930 [2.000]     6.7122 [2.000]
[kpt  28   0   3]     6.7123 [2.000]     6.9312 [2.000]     7.4284 [2.000]     7.6994 [2.000]     7.6995 [2.000]
[kpt  28   0   4]    14.1579 [0.000]    14.1584 [0.000]    14.1793 [0.000]    15.6654 [0.000]    15.6658 [0.000]
[kpt  28   0   5]    16.8783 [0.000]    16.8783 [0.000]    17.3772 [0.000]    19.4677 [0.000]    19.6788 [0.000]
[kpt  28   0   6]    19.6890 [0.000]    23.6515 [0.000]    23.8239 [0.000]    23.9228 [0.000]    23.9906 [0.000]
[kpt  28   0   7]    24.1965 [0.000]    24.3352 [0.000]    24.9195 [0.000]    26.3630 [0.000]    28.3077 [0.000]
[kpt  28   0   8]    28.3189 [0.000]    28.8641 [0.000]    31.3062 [0.000]    31.6204 [0.000]    31.6213 [0.000]
[kpt  28   0   9]    32.8298 [0.000]    32.8584 [0.000]    32.9832 [0.000]




KOHN SHAM EIGENVALUES [eV] AT K-POINT [ 29]:       0.083333      0.083333      0.166667

[kpt  29   0   0]   -42.7165 [2.000]   -19.3288 [2.000]   -19.3042 [2.000]   -19.3036 [2.000]   -13.6003 [2.000]
[kpt  29   0   1]    -8.7224 [2.000]    -8.2863 [2.000]    -8.2449 [2.000]     0.9248 [2.000]     0.9592 [2.000]
[kpt  29   0   2]     1.1569 [2.000]     5.7899 [2.000]     6.1234 [2.000]     6.1318 [2.000]     6.5889 [2.000]
[kpt  29   0   3]     6.6376 [2.000]     6.9392 [2.000]     7.1547 [2.000]     7.6135 [2.000]     7.6374 [2.000]
[kpt  29   0   4]    14.2090 [0.000]    14.4079 [0.000]    14.4346 [0.000]    15.9200 [0.000]    16.0488 [0.000]
[kpt  29   0   5]    16.8736 [0.000]    17.1817 [0.000]    17.7625 [0.000]    19.3990 [0.000]    19.6726 [0.000]
[kpt  29   0   6]    19.7214 [0.000]    23.3367 [0.000]    23.6610 [0.000]    23.6751 [0.000]    23.8987 [0.000]
[kpt  29   0   7]    24.0205 [0.000]    24.5048 [0.000]    24.8798 [0.000]    26.5902 [0.000]    27.7783 [0.000]
[kpt  29   0   8]    28.3738 [0.000]    28.5106 [0.000]    30.8644 [0.000]    31.2984 [0.000]    31.7047 [0.000]
[kpt  29   0   9]    32.1358 [0.000]    32.6421 [0.000]    32.9256 [0.000]




KOHN SHAM EIGENVALUES [eV] AT K-POINT [ 30]:       0.083333      0.083333      0.250000

[kpt  30   0   0]   -42.7161 [2.000]   -19.3612 [2.000]   -19.3032 [2.000]   -19.3027 [2.000]   -13.5537 [2.000]
[kpt  30   0   1]    -8.7660 [2.000]    -8.2795 [2.000]    -8.1456 [2.000]     0.9651 [2.000]     1.0026 [2.000]
[kpt  30   0   2]     1.2390 [2.000]     5.4825 [2.000]     6.0014 [2.000]     6.0181 [2.000]     6.5060 [2.000]
[kpt  30   0   3]     6.5139 [2.000]     6.8971 [2.000]     6.9090 [2.000]     7.4902 [2.000]     7.5278 [2.000]
[kpt  30   0   4]    14.2741 [0.000]    14.7696 [0.000]    14.8018 [0.000]    16.2847 [0.000]    16.5951 [0.000]
[kpt  30   0   5]    16.8771 [0.000]    17.5208 [0.000]    18.4050 [0.000]    19.3226 [0.000]    19.6328 [0.000]
[kpt  30   0   6]    19.7906 [0.000]    23.1832 [0.000]    23.6794 [0.000]    23.9000 [0.000]    23.9220 [0.000]
[kpt  30   0   7]    24.0110 [0.000]    24.8524 [0.000]    24.9642 [0.000]    26.6858 [0.000]    27.5133 [0.000]
[kpt  30   0   8]    28.5423 [0.000]    28.5656 [0.000]    30.5275 [0.000]    30.8518 [0.000]    31.5492 [0.000]
[kpt  30   0   9]    32.0527 [0.000]    32.4708 [0.000]    32.9455 [0.000]




KOHN SHAM EIGENVALUES [eV] AT K-POINT [ 31]:       0.083333      0.083333      0.333333

[kpt  31   0   0]   -42.7157 [2.000]   -19.3933 [2.000]   -19.3022 [2.000]   -19.3018 [2.000]   -13.5060 [2.000]
[kpt  31   0   1]    -8.8304 [2.000]    -8.2728 [2.000]    -8.0226 [2.000]     1.0417 [2.000]     1.0472 [2.000]
[kpt  31   0   2]     1.2863 [2.000]     5.1770 [2.000]     5.8597 [2.000]     5.8906 [2.000]     6.2825 [2.000]
[kpt  31   0   3]     6.4529 [2.000]     6.8421 [2.000]     6.8851 [2.000]     7.3540 [2.000]     7.3815 [2.000]
[kpt  31   0   4]    14.3404 [0.000]    15.1592 [0.000]    15.1829 [0.000]    16.6435 [0.000]    16.8901 [0.000]
[kpt  31   0   5]    17.1815 [0.000]    17.8309 [0.000]    19.0035 [0.000]    19.3607 [0.000]    19.5547 [0.000]
[kpt  31   0   6]    19.9786 [0.000]    22.7018 [0.000]    23.6992 [0.000]    23.9176 [0.000]    24.1021 [0.000]
[kpt  31   0   7]    24.5979 [0.000]    24.9643 [0.000]    25.1565 [0.000]    25.5064 [0.000]    27.7942 [0.000]
[kpt  31   0   8]    28.7006 [0.000]    28.8212 [0.000]    30.0672 [0.000]    30.3921 [0.000]    31.4809 [0.000]
[kpt  31   0   9]    32.3037 [0.000]    32.7282 [0.000]    33.4573 [0.000]




KOHN SHAM EIGENVALUES [eV] AT K-POINT [ 32]:       0.083333      0.083333      0.416667

[kpt  32   0   0]   -42.7154 [2.000]   -19.4164 [2.000]   -19.3015 [2.000]   -19.3011 [2.000]   -13.4704 [2.000]
[kpt  32   0   1]    -8.8844 [2.000]    -8.2678 [2.000]    -7.9236 [2.000]     1.0806 [2.000]     1.1362 [2.000]
[kpt  32   0   2]     1.2832 [2.000]     4.9507 [2.000]     5.7729 [2.000]     5.7972 [2.000]     6.0593 [2.000]
[kpt  32   0   3]     6.4116 [2.000]     6.8947 [2.000]     6.9167 [2.000]     7.2205 [2.000]     7.2352 [2.000]
[kpt  32   0   4]    14.3952 [0.000]    15.4695 [0.000]    15.4740 [0.000]    16.8406 [0.000]    16.9841 [0.000]
[kpt  32   0   5]    17.6586 [0.000]    18.0567 [0.000]    19.1095 [0.000]    19.4621 [0.000]    19.5263 [0.000]
[kpt  32   0   6]    20.7182 [0.000]    22.3770 [0.000]    23.7617 [0.000]    23.8842 [0.000]    24.2999 [0.000]
[kpt  32   0   7]    24.4674 [0.000]    24.5753 [0.000]    25.2105 [0.000]    25.5270 [0.000]    28.3603 [0.000]
[kpt  32   0   8]    28.8327 [0.000]    29.3567 [0.000]    29.7290 [0.000]    30.1096 [0.000]    31.8469 [0.000]
[kpt  32   0   9]    32.3137 [0.000]    32.7643 [0.000]    34.1256 [0.000]




KOHN SHAM EIGENVALUES [eV] AT K-POINT [ 33]:       0.083333      0.083333      0.500000

[kpt  33   0   0]   -42.7152 [2.000]   -19.4249 [2.000]   -19.3012 [2.000]   -19.3009 [2.000]   -13.4572 [2.000]
[kpt  33   0   1]    -8.9050 [2.000]    -8.2660 [2.000]    -7.8859 [2.000]     1.0931 [2.000]     1.2099 [2.000]
[kpt  33   0   2]     1.2429 [2.000]     4.8672 [2.000]     5.7564 [2.000]     5.7636 [2.000]     5.9620 [2.000]
[kpt  33   0   3]     6.3943 [2.000]     6.9111 [2.000]     7.0117 [2.000]     7.0992 [2.000]     7.1817 [2.000]
[kpt  33   0   4]    14.4157 [0.000]    15.5831 [0.000]    15.5898 [0.000]    16.8576 [0.000]    17.0792 [0.000]
[kpt  33   0   5]    17.8415 [0.000]    18.1379 [0.000]    19.1012 [0.000]    19.4204 [0.000]    19.5333 [0.000]
[kpt  33   0   6]    21.5587 [0.000]    22.6047 [0.000]    23.0623 [0.000]    23.8412 [0.000]    24.1738 [0.000]
[kpt  33   0   7]    24.3444 [0.000]    24.7079 [0.000]    25.1184 [0.000]    25.8430 [0.000]    28.6673 [0.000]
[kpt  33   0   8]    28.9471 [0.000]    29.3322 [0.000]    30.0805 [0.000]    31.0468 [0.000]    32.2596 [0.000]
[kpt  33   0   9]    32.4990 [0.000]    32.7310 [0.000]    34.3354 [0.000]




KOHN SHAM EIGENVALUES [eV] AT K-POINT [ 34]:       0.083333      0.166667      0.166667

[kpt  34   0   0]   -42.7162 [2.000]   -19.3289 [2.000]   -19.3268 [2.000]   -19.3032 [2.000]   -13.5698 [2.000]
[kpt  34   0   1]    -8.7060 [2.000]    -8.2537 [2.000]    -8.2411 [2.000]     0.8908 [2.000]     0.9679 [2.000]
[kpt  34   0   2]     1.2531 [2.000]     5.6003 [2.000]     6.0345 [2.000]     6.0868 [2.000]     6.4694 [2.000]
[kpt  34   0   3]     6.5513 [2.000]     6.9097 [2.000]     7.0011 [2.000]     7.5307 [2.000]     7.6118 [2.000]
[kpt  34   0   4]    14.4375 [0.000]    14.4774 [0.000]    14.6291 [0.000]    16.2247 [0.000]    16.3786 [0.000]
[kpt  34   0   5]    17.0215 [0.000]    17.3838 [0.000]    17.9856 [0.000]    19.4147 [0.000]    19.6753 [0.000]
[kpt  34   0   6]    19.7819 [0.000]    23.5204 [0.000]    23.6684 [0.000]    23.7933 [0.000]    23.9529 [0.000]
[kpt  34   0   7]    24.1141 [0.000]    24.4312 [0.000]    24.9217 [0.000]    26.8024 [0.000]    27.7449 [0.000]
[kpt  34   0   8]    28.2473 [0.000]    28.7646 [0.000]    30.3755 [0.000]    31.1474 [0.000]    31.8825 [0.000]
[kpt  34   0   9]    32.0519 [0.000]    32.2808 [0.000]    32.6801 [0.000]




KOHN SHAM EIGENVALUES [eV] AT K-POINT [ 35]:       0.083333      0.166667      0.250000

[kpt  35   0   0]   -42.7158 [2.000]   -19.3602 [2.000]   -19.3267 [2.000]   -19.3023 [2.000]   -13.5274 [2.000]
[kpt  35   0   1]    -8.7206 [2.000]    -8.2455 [2.000]    -8.1601 [2.000]     0.8878 [2.000]     0.9982 [2.000]
[kpt  35   0   2]     1.3198 [2.000]     5.3442 [2.000]     5.9020 [2.000]     5.9879 [2.000]     6.3143 [2.000]
[kpt  35   0   3]     6.4716 [2.000]     6.7197 [2.000]     7.0176 [2.000]     7.4020 [2.000]     7.5557 [2.000]
[kpt  35   0   4]    14.5104 [0.000]    14.8093 [0.000]    14.9411 [0.000]    16.5659 [0.000]    16.9161 [0.000]
[kpt  35   0   5]    17.0761 [0.000]    17.7162 [0.000]    18.4104 [0.000]    19.3934 [0.000]    19.6954 [0.000]
[kpt  35   0   6]    19.8695 [0.000]    23.2372 [0.000]    23.5284 [0.000]    23.5995 [0.000]    23.8332 [0.000]
[kpt  35   0   7]    24.1633 [0.000]    24.4366 [0.000]    25.1037 [0.000]    26.8299 [0.000]    27.3120 [0.000]
[kpt  35   0   8]    28.4111 [0.000]    28.7645 [0.000]    29.9424 [0.000]    30.7499 [0.000]    31.6193 [0.000]
[kpt  35   0   9]    32.0065 [0.000]    32.2483 [0.000]    32.3765 [0.000]




KOHN SHAM EIGENVALUES [eV] AT K-POINT [ 36]:       0.083333      0.166667      0.333333

[kpt  36   0   0]   -42.7154 [2.000]   -19.3920 [2.000]   -19.3255 [2.000]   -19.3013 [2.000]   -13.4841 [2.000]
[kpt  36   0   1]    -8.7632 [2.000]    -8.2403 [2.000]    -8.0454 [2.000]     0.9229 [2.000]     1.0341 [2.000]
[kpt  36   0   2]     1.3379 [2.000]     5.0883 [2.000]     5.7508 [2.000]     5.8706 [2.000]     6.0810 [2.000]
[kpt  36   0   3]     6.4417 [2.000]     6.7196 [2.000]     7.0109 [2.000]     7.2580 [2.000]     7.4549 [2.000]
[kpt  36   0   4]    14.5667 [0.000]    15.1777 [0.000]    15.2904 [0.000]    16.8884 [0.000]    17.1013 [0.000]
[kpt  36   0   5]    17.5080 [0.000]    18.0076 [0.000]    18.8810 [0.000]    19.3165 [0.000]    19.6832 [0.000]
[kpt  36   0   6]    20.1874 [0.000]    22.7837 [0.000]    23.5498 [0.000]    23.7299 [0.000]    24.0206 [0.000]
[kpt  36   0   7]    24.1488 [0.000]    24.5239 [0.000]    25.0753 [0.000]    25.5655 [0.000]    27.4909 [0.000]
[kpt  36   0   8]    28.4539 [0.000]    29.0256 [0.000]    29.4195 [0.000]    30.2076 [0.000]    31.5058 [0.000]
[kpt  36   0   9]    32.0468 [0.000]    32.2593 [0.000]    32.3539 [0.000]




KOHN SHAM EIGENVALUES [eV] AT K-POINT [ 37]:       0.083333      0.166667      0.416667

[kpt  37   0   0]   -42.7150 [2.000]   -19.4151 [2.000]   -19.3247 [2.000]   -19.3006 [2.000]   -13.4519 [2.000]
[kpt  37   0   1]    -8.8043 [2.000]    -8.2358 [2.000]    -7.9500 [2.000]     0.9703 [2.000]     1.0745 [2.000]
[kpt  37   0   2]     1.3117 [2.000]     4.8914 [2.000]     5.6625 [2.000]     5.7913 [2.000]     5.8752 [2.000]
[kpt  37   0   3]     6.4371 [2.000]     6.8093 [2.000]     7.0024 [2.000]     7.1352 [2.000]     7.3347 [2.000]
[kpt  37   0   4]    14.6103 [0.000]    15.4639 [0.000]    15.5780 [0.000]    17.0447 [0.000]    17.2231 [0.000]
[kpt  37   0   5]    17.9760 [0.000]    18.2161 [0.000]    19.1019 [0.000]    19.2820 [0.000]    19.6265 [0.000]
[kpt  37   0   6]    20.9181 [0.000]    22.4268 [0.000]    23.7407 [0.000]    23.9386 [0.000]    24.4567 [0.000]
[kpt  37   0   7]    24.6916 [0.000]    24.7899 [0.000]    25.4024 [0.000]    25.9143 [0.000]    27.9056 [0.000]
[kpt  37   0   8]    28.7101 [0.000]    28.9394 [0.000]    29.4192 [0.000]    30.1251 [0.000]    31.8436 [0.000]
[kpt  37   0   9]    32.5627 [0.000]    33.3296 [0.000]    34.0809 [0.000]




KOHN SHAM EIGENVALUES [eV] AT K-POINT [ 38]:       0.083333      0.166667      0.500000

[kpt  38   0   0]   -42.7149 [2.000]   -19.4235 [2.000]   -19.3244 [2.000]   -19.3004 [2.000]   -13.4399 [2.000]
[kpt  38   0   1]    -8.8207 [2.000]    -8.2340 [2.000]    -7.9133 [2.000]     0.9907 [2.000]     1.1019 [2.000]
[kpt  38   0   2]     1.2854 [2.000]     4.8161 [2.000]     5.6597 [2.000]     5.7438 [2.000]     5.7946 [2.000]
[kpt  38   0   3]     6.4363 [2.000]     6.9028 [2.000]     6.9490 [2.000]     7.1052 [2.000]     7.2665 [2.000]
[kpt  38   0   4]    14.6277 [0.000]    15.5705 [0.000]    15.6930 [0.000]    17.0597 [0.000]    17.3156 [0.000]
[kpt  38   0   5]    18.1489 [0.000]    18.2922 [0.000]    19.0782 [0.000]    19.3735 [0.000]    19.5619 [0.000]
[kpt  38   0   6]    21.5211 [0.000]    22.4649 [0.000]    22.9549 [0.000]    24.1479 [0.000]    24.2138 [0.000]
[kpt  38   0   7]    24.4501 [0.000]    24.7960 [0.000]    25.0131 [0.000]    26.1338 [0.000]    28.2695 [0.000]
[kpt  38   0   8]    28.6328 [0.000]    29.0430 [0.000]    29.7141 [0.000]    29.9301 [0.000]    32.1015 [0.000]
[kpt  38   0   9]    32.3295 [0.000]    33.0544 [0.000]    34.0833 [0.000]




KOHN SHAM EIGENVALUES [eV] AT K-POINT [ 39]:       0.083333      0.250000      0.250000

[kpt  39   0   0]   -42.7154 [2.000]   -19.3601 [2.000]   -19.3574 [2.000]   -19.3014 [2.000]   -13.4910 [2.000]
[kpt  39   0   1]    -8.6885 [2.000]    -8.1751 [2.000]    -8.1718 [2.000]     0.8347 [2.000]     1.0062 [2.000]
[kpt  39   0   2]     1.3579 [2.000]     5.1613 [2.000]     5.7658 [2.000]     5.8495 [2.000]     6.1744 [2.000]
[kpt  39   0   3]     6.3753 [2.000]     6.6152 [2.000]     7.0955 [2.000]     7.2649 [2.000]     7.5845 [2.000]
[kpt  39   0   4]    14.8143 [0.000]    14.8777 [0.000]    15.1873 [0.000]    16.8862 [0.000]    17.1924 [0.000]
[kpt  39   0   5]    17.4477 [0.000]    18.0824 [0.000]    18.5071 [0.000]    19.3157 [0.000]    19.8952 [0.000]
[kpt  39   0   6]    20.0082 [0.000]    23.4163 [0.000]    23.5205 [0.000]    23.9051 [0.000]    24.0456 [0.000]
[kpt  39   0   7]    24.3045 [0.000]    24.5649 [0.000]    25.3479 [0.000]    26.7401 [0.000]    26.9618 [0.000]
[kpt  39   0   8]    28.3758 [0.000]    28.9751 [0.000]    29.5587 [0.000]    30.5346 [0.000]    31.5771 [0.000]
[kpt  39   0   9]    32.0000 [0.000]    32.2877 [0.000]    32.3488 [0.000]




KOHN SHAM EIGENVALUES [eV] AT K-POINT [ 40]:       0.083333      0.250000      0.333333

[kpt  40   0   0]   -42.7149 [2.000]   -19.3904 [2.000]   -19.3573 [2.000]   -19.3004 [2.000]   -13.4539 [2.000]
[kpt  40   0   1]    -8.6885 [2.000]    -8.1799 [2.000]    -8.0732 [2.000]     0.8266 [2.000]     1.0043 [2.000]
[kpt  40   0   2]     1.3548 [2.000]     4.9727 [2.000]     5.5742 [2.000]     5.6852 [2.000]     6.0341 [2.000]
[kpt  40   0   3]     6.3420 [2.000]     6.6654 [2.000]     7.1164 [2.000]     7.1300 [2.000]     7.5674 [2.000]
[kpt  40   0   4]    14.8789 [0.000]    15.1938 [0.000]    15.4894 [0.000]    17.1306 [0.000]    17.3099 [0.000]
[kpt  40   0   5]    18.0499 [0.000]    18.3624 [0.000]    18.7351 [0.000]    19.2601 [0.000]    19.9023 [0.000]
[kpt  40   0   6]    20.4532 [0.000]    22.6698 [0.000]    23.4427 [0.000]    23.7525 [0.000]    24.0894 [0.000]
[kpt  40   0   7]    24.1882 [0.000]    24.5805 [0.000]    25.5313 [0.000]    25.6103 [0.000]    26.8845 [0.000]
[kpt  40   0   8]    28.4092 [0.000]    28.6232 [0.000]    29.2945 [0.000]    30.3336 [0.000]    31.0837 [0.000]
[kpt  40   0   9]    31.7765 [0.000]    32.4236 [0.000]    32.6777 [0.000]




KOHN SHAM EIGENVALUES [eV] AT K-POINT [ 41]:       0.083333      0.250000      0.416667

[kpt  41   0   0]   -42.7146 [2.000]   -19.4132 [2.000]   -19.3562 [2.000]   -19.2998 [2.000]   -13.4262 [2.000]
[kpt  41   0   1]    -8.7036 [2.000]    -8.1814 [2.000]    -7.9858 [2.000]     0.8548 [2.000]     0.9843 [2.000]
[kpt  41   0   2]     1.3331 [2.000]     4.8138 [2.000]     5.4154 [2.000]     5.6073 [2.000]     5.9009 [2.000]
[kpt  41   0   3]     6.3725 [2.000]     6.7653 [2.000]     7.0064 [2.000]     7.1169 [2.000]     7.5205 [2.000]
[kpt  41   0   4]    14.9087 [0.000]    15.4546 [0.000]    15.7565 [0.000]    17.1936 [0.000]    17.5194 [0.000]
[kpt  41   0   5]    18.4661 [0.000]    18.5256 [0.000]    18.8252 [0.000]    19.4467 [0.000]    19.8308 [0.000]
[kpt  41   0   6]    21.1695 [0.000]    22.5156 [0.000]    23.5309 [0.000]    23.6378 [0.000]    24.1038 [0.000]
[kpt  41   0   7]    24.4248 [0.000]    24.8788 [0.000]    25.4764 [0.000]    25.7923 [0.000]    27.2293 [0.000]
[kpt  41   0   8]    28.1215 [0.000]    28.7568 [0.000]    29.4723 [0.000]    30.3705 [0.000]    31.3920 [0.000]
[kpt  41   0   9]    31.9371 [0.000]    32.6806 [0.000]    33.6761 [0.000]




KOHN SHAM EIGENVALUES [eV] AT K-POINT [ 42]:       0.083333      0.250000      0.500000

[kpt  42   0   0]   -42.7145 [2.000]   -19.4216 [2.000]   -19.3559 [2.000]   -19.2995 [2.000]   -13.4160 [2.000]
[kpt  42   0   1]    -8.7115 [2.000]    -8.1814 [2.000]    -7.9515 [2.000]     0.8817 [2.000]     0.9630 [2.000]
[kpt  42   0   2]     1.3216 [2.000]     4.7486 [2.000]     5.3670 [2.000]     5.5805 [2.000]     5.8487 [2.000]
[kpt  42   0   3]     6.3933 [2.000]     6.8097 [2.000]     6.9795 [2.000]     7.0920 [2.000]     7.4949 [2.000]
[kpt  42   0   4]    14.9210 [0.000]    15.5524 [0.000]    15.8673 [0.000]    17.2018 [0.000]    17.6237 [0.000]
[kpt  42   0   5]    18.4725 [0.000]    18.6995 [0.000]    18.8201 [0.000]    19.6540 [0.000]    19.7235 [0.000]
[kpt  42   0   6]    21.7672 [0.000]    22.6143 [0.000]    22.8574 [0.000]    23.7489 [0.000]    24.1077 [0.000]
[kpt  42   0   7]    24.5121 [0.000]    24.8138 [0.000]    25.1743 [0.000]    26.1842 [0.000]    27.4490 [0.000]
[kpt  42   0   8]    27.8789 [0.000]    29.1108 [0.000]    29.6402 [0.000]    30.4063 [0.000]    31.4846 [0.000]
[kpt  42   0   9]    32.1587 [0.000]    33.2287 [0.000]    34.5181 [0.000]




KOHN SHAM EIGENVALUES [eV] AT K-POINT [ 43]:       0.083333      0.333333      0.333333

[kpt  43   0   0]   -42.7145 [2.000]   -19.3897 [2.000]   -19.3877 [2.000]   -19.2995 [2.000]   -13.4231 [2.000]
[kpt  43   0   1]    -8.6383 [2.000]    -8.1015 [2.000]    -8.0916 [2.000]     0.7742 [2.000]     0.9493 [2.000]
[kpt  43   0   2]     1.3543 [2.000]     4.8410 [2.000]     5.3777 [2.000]     5.4654 [2.000]     6.0453 [2.000]
[kpt  43   0   3]     6.2124 [2.000]     6.7195 [2.000]     7.0088 [2.000]     7.2176 [2.000]     7.6320 [2.000]
[kpt  43   0   4]    15.1776 [0.000]    15.2318 [0.000]    15.7454 [0.000]    17.2174 [0.000]    17.5736 [0.000]
[kpt  43   0   5]    18.5322 [0.000]    18.6366 [0.000]    18.9144 [0.000]    19.3276 [0.000]    20.0105 [0.000]
[kpt  43   0   6]    20.8558 [0.000]    22.7989 [0.000]    23.3295 [0.000]    23.7089 [0.000]    24.1128 [0.000]
[kpt  43   0   7]    24.6722 [0.000]    24.7916 [0.000]    25.6343 [0.000]    25.9130 [0.000]    26.1816 [0.000]
[kpt  43   0   8]    28.0636 [0.000]    28.7023 [0.000]    29.4617 [0.000]    31.0035 [0.000]    31.1348 [0.000]
[kpt  43   0   9]    31.5900 [0.000]    32.5257 [0.000]    34.4316 [0.000]




KOHN SHAM EIGENVALUES [eV] AT K-POINT [ 44]:       0.083333      0.333333      0.416667

[kpt  44   0   0]   -42.7142 [2.000]   -19.4114 [2.000]   -19.3874 [2.000]   -19.2989 [2.000]   -13.4002 [2.000]
[kpt  44   0   1]    -8.6174 [2.000]    -8.1106 [2.000]    -8.0207 [2.000]     0.7690 [2.000]     0.8804 [2.000]
[kpt  44   0   2]     1.3505 [2.000]     4.7127 [2.000]     5.2055 [2.000]     5.3753 [2.000]     5.9697 [2.000]
[kpt  44   0   3]     6.2163 [2.000]     6.6907 [2.000]     7.0561 [2.000]     7.2408 [2.000]     7.6462 [2.000]
[kpt  44   0   4]    15.2132 [0.000]    15.4482 [0.000]    15.9770 [0.000]    17.2215 [0.000]    17.8157 [0.000]
[kpt  44   0   5]    18.3832 [0.000]    18.9743 [0.000]    19.3032 [0.000]    19.6330 [0.000]    20.0582 [0.000]
[kpt  44   0   6]    21.4541 [0.000]    22.4714 [0.000]    23.2872 [0.000]    23.3255 [0.000]    23.8998 [0.000]
[kpt  44   0   7]    24.7981 [0.000]    24.8569 [0.000]    25.3952 [0.000]    25.8037 [0.000]    26.1796 [0.000]
[kpt  44   0   8]    27.7049 [0.000]    28.6963 [0.000]    29.3894 [0.000]    30.9099 [0.000]    31.0845 [0.000]
[kpt  44   0   9]    31.3415 [0.000]    32.8294 [0.000]    33.8500 [0.000]




KOHN SHAM EIGENVALUES [eV] AT K-POINT [ 45]:       0.083333      0.333333      0.500000

[kpt  45   0   0]   -42.7141 [2.000]   -19.4197 [2.000]   -19.3870 [2.000]   -19.2986 [2.000]   -13.3918 [2.000]
[kpt  45   0   1]    -8.6128 [2.000]    -8.1147 [2.000]    -7.9904 [2.000]     0.7899 [2.000]     0.8330 [2.000]
[kpt  45   0   2]     1.3488 [2.000]     4.6552 [2.000]     5.1507 [2.000]     5.3495 [2.000]     5.9238 [2.000]
[kpt  45   0   3]     6.2451 [2.000]     6.6462 [2.000]     7.1536 [2.000]     7.1983 [2.000]     7.6440 [2.000]
[kpt  45   0   4]    15.2185 [0.000]    15.5379 [0.000]    16.0759 [0.000]    17.2139 [0.000]    17.9393 [0.000]
[kpt  45   0   5]    18.3040 [0.000]    19.0788 [0.000]    19.4048 [0.000]    19.7825 [0.000]    20.1384 [0.000]
[kpt  45   0   6]    22.0445 [0.000]    22.5976 [0.000]    22.8287 [0.000]    23.3574 [0.000]    23.6044 [0.000]
[kpt  45   0   7]    24.8292 [0.000]    25.3798 [0.000]    25.5990 [0.000]    25.9188 [0.000]    26.4474 [0.000]
[kpt  45   0   8]    27.5635 [0.000]    28.9555 [0.000]    29.6538 [0.000]    31.0454 [0.000]    31.2339 [0.000]
[kpt  45   0   9]    32.0360 [0.000]    33.1986 [0.000]    34.4706 [0.000]




KOHN SHAM EIGENVALUES [eV] AT K-POINT [ 46]:       0.083333      0.416667      0.416667

[kpt  46   0   0]   -42.7139 [2.000]   -19.4103 [2.000]   -19.4097 [2.000]   -19.2982 [2.000]   -13.3809 [2.000]
[kpt  46   0   1]    -8.5657 [2.000]    -8.0493 [2.000]    -8.0422 [2.000]     0.7280 [2.000]     0.7915 [2.000]
[kpt  46   0   2]     1.3612 [2.000]     4.5998 [2.000]     5.0707 [2.000]     5.2374 [2.000]     6.0307 [2.000]
[kpt  46   0   3]     6.0975 [2.000]     6.5587 [2.000]     7.2022 [2.000]     7.3215 [2.000]     7.7046 [2.000]
[kpt  46   0   4]    15.4339 [0.000]    15.4517 [0.000]    16.1719 [0.000]    17.1830 [0.000]    18.0699 [0.000]
[kpt  46   0   5]    18.2478 [0.000]    19.2605 [0.000]    19.7248 [0.000]    19.8933 [0.000]    20.4897 [0.000]
[kpt  46   0   6]    21.8261 [0.000]    22.2886 [0.000]    22.9145 [0.000]    23.2671 [0.000]    23.7043 [0.000]
[kpt  46   0   7]    24.7567 [0.000]    25.1966 [0.000]    25.5981 [0.000]    25.9870 [0.000]    26.2195 [0.000]
[kpt  46   0   8]    27.4644 [0.000]    28.5971 [0.000]    29.5255 [0.000]    30.7956 [0.000]    31.3489 [0.000]
[kpt  46   0   9]    31.7396 [0.000]    32.8852 [0.000]    34.5911 [0.000]




KOHN SHAM EIGENVALUES [eV] AT K-POINT [ 47]:       0.083333      0.416667      0.500000

[kpt  47   0   0]   -42.7138 [2.000]   -19.4183 [2.000]   -19.4096 [2.000]   -19.2980 [2.000]   -13.3737 [2.000]
[kpt  47   0   1]    -8.5494 [2.000]    -8.0546 [2.000]    -8.0193 [2.000]     0.7309 [2.000]     0.7428 [2.000]
[kpt  47   0   2]     1.3645 [2.000]     4.5465 [2.000]     5.0263 [2.000]     5.1985 [2.000]     6.0086 [2.000]
[kpt  47   0   3]     6.1095 [2.000]     6.4927 [2.000]     7.3029 [2.000]     7.3142 [2.000]     7.7188 [2.000]
[kpt  47   0   4]    15.4419 [0.000]    15.5289 [0.000]    16.2517 [0.000]    17.1544 [0.000]    18.1672 [0.000]
[kpt  47   0   5]    18.1929 [0.000]    19.3671 [0.000]    19.8566 [0.000]    19.9009 [0.000]    20.8935 [0.000]
[kpt  47   0   6]    22.1952 [0.000]    22.5100 [0.000]    22.8501 [0.000]    23.1056 [0.000]    23.1843 [0.000]
[kpt  47   0   7]    24.5216 [0.000]    25.1665 [0.000]    25.3294 [0.000]    26.0873 [0.000]    26.3022 [0.000]
[kpt  47   0   8]    27.3778 [0.000]    28.9636 [0.000]    29.7430 [0.000]    30.6431 [0.000]    31.7134 [0.000]
[kpt  47   0   9]    32.3769 [0.000]    33.5361 [0.000]    34.1204 [0.000]




KOHN SHAM EIGENVALUES [eV] AT K-POINT [ 48]:       0.083333      0.500000      0.500000

[kpt  48   0   0]   -42.7136 [2.000]   -19.4178 [2.000]   -19.4178 [2.000]   -19.2978 [2.000]   -13.3671 [2.000]
[kpt  48   0   1]    -8.5282 [2.000]    -8.0300 [2.000]    -8.0300 [2.000]     0.7108 [2.000]     0.7108 [2.000]
[kpt  48   0   2]     1.3694 [2.000]     4.4948 [2.000]     4.9871 [2.000]     5.1533 [2.000]     6.0562 [2.000]
[kpt  48   0   3]     6.0562 [2.000]     6.4199 [2.000]     7.3609 [2.000]     7.3610 [2.000]     7.7392 [2.000]
[kpt  48   0   4]    15.5244 [0.000]    15.5266 [0.000]    16.3213 [0.000]    17.1214 [0.000]    18.1308 [0.000]
[kpt  48   0   5]    18.3045 [0.000]    19.4792 [0.000]    19.9511 [0.000]    19.9631 [0.000]    21.6743 [0.000]
[kpt  48   0   6]    22.1633 [0.000]    22.3420 [0.000]    22.4955 [0.000]    23.1571 [0.000]    23.2049 [0.000]
[kpt  48   0   7]    23.9144 [0.000]    25.3044 [0.000]    25.7608 [0.000]    25.9836 [0.000]    26.4275 [0.000]
[kpt  48   0   8]    27.3230 [0.000]    28.9076 [0.000]    30.1381 [0.000]    30.5466 [0.000]    31.9050 [0.000]
[kpt  48   0   9]    32.1975 [0.000]    33.4102 [0.000]    33.6480 [0.000]




KOHN SHAM EIGENVALUES [eV] AT K-POINT [ 49]:       0.166667      0.166667      0.166667

[kpt  49   0   0]   -42.7159 [2.000]   -19.3289 [2.000]   -19.3261 [2.000]   -19.3261 [2.000]   -13.5418 [2.000]
[kpt  49   0   1]    -8.6704 [2.000]    -8.2343 [2.000]    -8.2343 [2.000]     0.8848 [2.000]     0.8848 [2.000]
[kpt  49   0   2]     1.3602 [2.000]     5.4281 [2.000]     5.9890 [2.000]     5.9890 [2.000]     6.4509 [2.000]
[kpt  49   0   3]     6.4510 [2.000]     6.6663 [2.000]     7.0847 [2.000]     7.5295 [2.000]     7.5295 [2.000]
[kpt  49   0   4]    14.6290 [0.000]    14.6299 [0.000]    14.7313 [0.000]    16.5954 [0.000]    16.5973 [0.000]
[kpt  49   0   5]    17.3849 [0.000]    17.3852 [0.000]    18.0645 [0.000]    19.6641 [0.000]    19.6675 [0.000]
[kpt  49   0   6]    19.6781 [0.000]    23.4632 [0.000]    23.6108 [0.000]    23.7976 [0.000]    23.8263 [0.000]
[kpt  49   0   7]    24.0496 [0.000]    24.6379 [0.000]    24.7099 [0.000]    26.9780 [0.000]    27.8335 [0.000]
[kpt  49   0   8]    28.0651 [0.000]    29.0321 [0.000]    29.7992 [0.000]    31.4265 [0.000]    31.4571 [0.000]
[kpt  49   0   9]    32.0012 [0.000]    32.2987 [0.000]    32.3502 [0.000]




KOHN SHAM EIGENVALUES [eV] AT K-POINT [ 50]:       0.166667      0.166667      0.250000

[kpt  50   0   0]   -42.7155 [2.000]   -19.3592 [2.000]   -19.3266 [2.000]   -19.3251 [2.000]   -13.5031 [2.000]
[kpt  50   0   1]    -8.6612 [2.000]    -8.2250 [2.000]    -8.1660 [2.000]     0.8534 [2.000]     0.8756 [2.000]
[kpt  50   0   2]     1.4146 [2.000]     5.2117 [2.000]     5.8363 [2.000]     5.9183 [2.000]     6.2967 [2.000]
[kpt  50   0   3]     6.4016 [2.000]     6.5243 [2.000]     7.1233 [2.000]     7.4129 [2.000]     7.5023 [2.000]
[kpt  50   0   4]    14.7051 [0.000]    14.9282 [0.000]    15.0146 [0.000]    16.8795 [0.000]    17.1355 [0.000]
[kpt  50   0   5]    17.3884 [0.000]    17.7849 [0.000]    18.3160 [0.000]    19.4986 [0.000]    19.6507 [0.000]
[kpt  50   0   6]    20.0175 [0.000]    23.4080 [0.000]    23.6119 [0.000]    23.8652 [0.000]    24.0592 [0.000]
[kpt  50   0   7]    24.1589 [0.000]    24.5923 [0.000]    24.9439 [0.000]    26.9400 [0.000]    27.3685 [0.000]
[kpt  50   0   8]    28.0978 [0.000]    29.0224 [0.000]    29.4611 [0.000]    30.8363 [0.000]    31.4700 [0.000]
[kpt  50   0   9]    31.9261 [0.000]    32.0016 [0.000]    32.6335 [0.000]




KOHN SHAM EIGENVALUES [eV] AT K-POINT [ 51]:       0.166667      0.166667      0.333333

[kpt  51   0   0]   -42.7150 [2.000]   -19.3909 [2.000]   -19.3254 [2.000]   -19.3241 [2.000]   -13.4636 [2.000]
[kpt  51   0   1]    -8.6866 [2.000]    -8.2156 [2.000]    -8.0604 [2.000]     0.8650 [2.000]     0.8787 [2.000]
[kpt  51   0   2]     1.3994 [2.000]     5.0090 [2.000]     5.6420 [2.000]     5.8528 [2.000]     6.0519 [2.000]
[kpt  51   0   3]     6.3959 [2.000]     6.5900 [2.000]     7.1179 [2.000]     7.2913 [2.000]     7.4227 [2.000]
[kpt  51   0   4]    14.7593 [0.000]    15.2797 [0.000]    15.3294 [0.000]    17.1621 [0.000]    17.4081 [0.000]
[kpt  51   0   5]    17.7096 [0.000]    18.0781 [0.000]    18.7526 [0.000]    19.2648 [0.000]    19.6247 [0.000]
[kpt  51   0   6]    20.4934 [0.000]    22.8185 [0.000]    23.6167 [0.000]    23.8979 [0.000]    24.0564 [0.000]
[kpt  51   0   7]    24.2298 [0.000]    24.5742 [0.000]    25.1253 [0.000]    25.6143 [0.000]    27.5422 [0.000]
[kpt  51   0   8]    28.1788 [0.000]    28.8789 [0.000]    29.1107 [0.000]    30.1689 [0.000]    31.5111 [0.000]
[kpt  51   0   9]    31.6331 [0.000]    32.1995 [0.000]    32.5461 [0.000]




KOHN SHAM EIGENVALUES [eV] AT K-POINT [ 52]:       0.166667      0.166667      0.416667

[kpt  52   0   0]   -42.7147 [2.000]   -19.4138 [2.000]   -19.3245 [2.000]   -19.3234 [2.000]   -13.4342 [2.000]
[kpt  52   0   1]    -8.7179 [2.000]    -8.2087 [2.000]    -7.9683 [2.000]     0.8565 [2.000]     0.9428 [2.000]
[kpt  52   0   2]     1.3337 [2.000]     4.8449 [2.000]     5.5445 [2.000]     5.8135 [2.000]     5.8512 [2.000]
[kpt  52   0   3]     6.4072 [2.000]     6.7048 [2.000]     7.0913 [2.000]     7.2018 [2.000]     7.3117 [2.000]
[kpt  52   0   4]    14.7979 [0.000]    15.5704 [0.000]    15.5824 [0.000]    17.3142 [0.000]    17.5006 [0.000]
[kpt  52   0   5]    18.1133 [0.000]    18.2915 [0.000]    19.0411 [0.000]    19.1622 [0.000]    19.6064 [0.000]
[kpt  52   0   6]    21.1794 [0.000]    22.5504 [0.000]    23.7724 [0.000]    23.8492 [0.000]    24.4392 [0.000]
[kpt  52   0   7]    24.4704 [0.000]    24.6766 [0.000]    25.1034 [0.000]    25.4782 [0.000]    27.8782 [0.000]
[kpt  52   0   8]    28.5623 [0.000]    28.6789 [0.000]    29.4311 [0.000]    29.5500 [0.000]    31.7336 [0.000]
[kpt  52   0   9]    31.9938 [0.000]    32.6010 [0.000]    32.6468 [0.000]




KOHN SHAM EIGENVALUES [eV] AT K-POINT [ 53]:       0.166667      0.166667      0.500000

[kpt  53   0   0]   -42.7146 [2.000]   -19.4222 [2.000]   -19.3242 [2.000]   -19.3232 [2.000]   -13.4233 [2.000]
[kpt  53   0   1]    -8.7310 [2.000]    -8.2061 [2.000]    -7.9325 [2.000]     0.8532 [2.000]     0.9859 [2.000]
[kpt  53   0   2]     1.2880 [2.000]     4.7779 [2.000]     5.5409 [2.000]     5.7566 [2.000]     5.8013 [2.000]
[kpt  53   0   3]     6.4141 [2.000]     6.7696 [2.000]     7.0750 [2.000]     7.1709 [2.000]     7.2487 [2.000]
[kpt  53   0   4]    14.8134 [0.000]    15.6602 [0.000]    15.7063 [0.000]    17.3336 [0.000]    17.5883 [0.000]
[kpt  53   0   5]    18.2535 [0.000]    18.3727 [0.000]    18.9229 [0.000]    19.3201 [0.000]    19.6216 [0.000]
[kpt  53   0   6]    21.7256 [0.000]    22.6660 [0.000]    22.9283 [0.000]    24.0385 [0.000]    24.2965 [0.000]
[kpt  53   0   7]    24.4098 [0.000]    24.6785 [0.000]    25.2099 [0.000]    26.5688 [0.000]    28.2041 [0.000]
[kpt  53   0   8]    28.5311 [0.000]    28.9421 [0.000]    29.3105 [0.000]    29.6803 [0.000]    31.8413 [0.000]
[kpt  53   0   9]    31.9504 [0.000]    32.9269 [0.000]    34.3479 [0.000]




KOHN SHAM EIGENVALUES [eV] AT K-POINT [ 54]:       0.166667      0.250000      0.250000

[kpt  54   0   0]   -42.7150 [2.000]   -19.3591 [2.000]   -19.3566 [2.000]   -19.3248 [2.000]   -13.4694 [2.000]
[kpt  54   0   1]    -8.6110 [2.000]    -8.1753 [2.000]    -8.1624 [2.000]     0.7801 [2.000]     0.8301 [2.000]
[kpt  54   0   2]     1.4335 [2.000]     5.0580 [2.000]     5.7434 [2.000]     5.7904 [2.000]     6.1673 [2.000]
[kpt  54   0   3]     6.3541 [2.000]     6.4341 [2.000]     7.2016 [2.000]     7.3281 [2.000]     7.5143 [2.000]
[kpt  54   0   4]    14.9630 [0.000]    15.0296 [0.000]    15.2279 [0.000]    17.2162 [0.000]    17.5537 [0.000]
[kpt  54   0   5]    17.5881 [0.000]    18.0868 [0.000]    18.3348 [0.000]    19.3253 [0.000]    19.6537 [0.000]
[kpt  54   0   6]    20.3877 [0.000]    22.9246 [0.000]    23.3483 [0.000]    23.5487 [0.000]    24.1123 [0.000]
[kpt  54   0   7]    24.1573 [0.000]    24.3951 [0.000]    25.3120 [0.000]    26.8464 [0.000]    27.0190 [0.000]
[kpt  54   0   8]    27.9187 [0.000]    28.7085 [0.000]    29.0612 [0.000]    30.5936 [0.000]    31.3888 [0.000]
[kpt  54   0   9]    31.5658 [0.000]    31.8057 [0.000]    32.5004 [0.000]




KOHN SHAM EIGENVALUES [eV] AT K-POINT [ 55]:       0.166667      0.250000      0.333333

[kpt  55   0   0]   -42.7146 [2.000]   -19.3893 [2.000]   -19.3564 [2.000]   -19.3238 [2.000]   -13.4351 [2.000]
[kpt  55   0   1]    -8.5988 [2.000]    -8.1660 [2.000]    -8.0776 [2.000]     0.7459 [2.000]     0.8042 [2.000]
[kpt  55   0   2]     1.3770 [2.000]     4.9169 [2.000]     5.5397 [2.000]     5.7014 [2.000]     6.0159 [2.000]
[kpt  55   0   3]     6.3593 [2.000]     6.5015 [2.000]     7.1926 [2.000]     7.2483 [2.000]     7.5104 [2.000]
[kpt  55   0   4]    15.0336 [0.000]    15.3211 [0.000]    15.5103 [0.000]    17.4447 [0.000]    17.6741 [0.000]
[kpt  55   0   5]    18.0861 [0.000]    18.3194 [0.000]    18.6755 [0.000]    19.0928 [0.000]    19.6461 [0.000]
[kpt  55   0   6]    20.8616 [0.000]    22.8256 [0.000]    23.7426 [0.000]    24.0343 [0.000]    24.2220 [0.000]
[kpt  55   0   7]    24.2835 [0.000]    24.5860 [0.000]    25.6448 [0.000]    25.7901 [0.000]    27.1044 [0.000]
[kpt  55   0   8]    28.3875 [0.000]    28.5028 [0.000]    29.0872 [0.000]    30.1500 [0.000]    31.0915 [0.000]
[kpt  55   0   9]    31.4972 [0.000]    32.0639 [0.000]    32.7387 [0.000]




KOHN SHAM EIGENVALUES [eV] AT K-POINT [ 56]:       0.166667      0.250000      0.416667

[kpt  56   0   0]   -42.7143 [2.000]   -19.4121 [2.000]   -19.3555 [2.000]   -19.3230 [2.000]   -13.4097 [2.000]
[kpt  56   0   1]    -8.6081 [2.000]    -8.1615 [2.000]    -7.9930 [2.000]     0.7297 [2.000]     0.8166 [2.000]
[kpt  56   0   2]     1.2859 [2.000]     4.7839 [2.000]     5.4333 [2.000]     5.6374 [2.000]     5.8881 [2.000]
[kpt  56   0   3]     6.4048 [2.000]     6.5963 [2.000]     7.1116 [2.000]     7.2256 [2.000]     7.4768 [2.000]
[kpt  56   0   4]    15.0618 [0.000]    15.5699 [0.000]    15.7616 [0.000]    17.5275 [0.000]    17.8266 [0.000]
[kpt  56   0   5]    18.4074 [0.000]    18.4713 [0.000]    18.7685 [0.000]    19.1813 [0.000]    19.7558 [0.000]
[kpt  56   0   6]    21.4472 [0.000]    22.4322 [0.000]    23.7003 [0.000]    23.9838 [0.000]    24.0675 [0.000]
[kpt  56   0   7]    24.6006 [0.000]    24.8718 [0.000]    25.2576 [0.000]    26.0279 [0.000]    27.2212 [0.000]
[kpt  56   0   8]    28.1860 [0.000]    28.4326 [0.000]    28.9505 [0.000]    29.8432 [0.000]    31.2173 [0.000]
[kpt  56   0   9]    31.5072 [0.000]    32.2083 [0.000]    32.8964 [0.000]




KOHN SHAM EIGENVALUES [eV] AT K-POINT [ 57]:       0.166667      0.250000      0.500000

[kpt  57   0   0]   -42.7142 [2.000]   -19.4204 [2.000]   -19.3551 [2.000]   -19.3227 [2.000]   -13.4003 [2.000]
[kpt  57   0   1]    -8.6141 [2.000]    -8.1595 [2.000]    -7.9592 [2.000]     0.7220 [2.000]     0.8369 [2.000]
[kpt  57   0   2]     1.2368 [2.000]     4.7227 [2.000]     5.4295 [2.000]     5.5953 [2.000]     5.8407 [2.000]
[kpt  57   0   3]     6.4311 [2.000]     6.6352 [2.000]     7.0963 [2.000]     7.1948 [2.000]     7.4588 [2.000]
[kpt  57   0   4]    15.0729 [0.000]    15.6617 [0.000]    15.8712 [0.000]    17.5384 [0.000]    17.9287 [0.000]
[kpt  57   0   5]    18.4672 [0.000]    18.5451 [0.000]    18.7028 [0.000]    19.2753 [0.000]    19.9111 [0.000]
[kpt  57   0   6]    21.9457 [0.000]    22.7226 [0.000]    22.9298 [0.000]    24.0020 [0.000]    24.2448 [0.000]
[kpt  57   0   7]    24.8418 [0.000]    25.1550 [0.000]    25.7163 [0.000]    26.4514 [0.000]    27.4172 [0.000]
[kpt  57   0   8]    28.1701 [0.000]    28.7585 [0.000]    28.9542 [0.000]    30.0464 [0.000]    31.3838 [0.000]
[kpt  57   0   9]    31.6787 [0.000]    32.6087 [0.000]    34.8099 [0.000]




KOHN SHAM EIGENVALUES [eV] AT K-POINT [ 58]:       0.166667      0.333333      0.333333

[kpt  58   0   0]   -42.7142 [2.000]   -19.3886 [2.000]   -19.3868 [2.000]   -19.3228 [2.000]   -13.4062 [2.000]
[kpt  58   0   1]    -8.5388 [2.000]    -8.0912 [2.000]    -8.0894 [2.000]     0.6735 [2.000]     0.7383 [2.000]
[kpt  58   0   2]     1.2919 [2.000]     4.8156 [2.000]     5.4579 [2.000]     5.4699 [2.000]     6.0203 [2.000]
[kpt  58   0   3]     6.2907 [2.000]     6.5426 [2.000]     7.1323 [2.000]     7.2988 [2.000]     7.5904 [2.000]
[kpt  58   0   4]    15.3047 [0.000]    15.3596 [0.000]    15.7585 [0.000]    17.5496 [0.000]    17.8907 [0.000]
[kpt  58   0   5]    18.4825 [0.000]    18.5617 [0.000]    18.8974 [0.000]    18.9946 [0.000]    19.6903 [0.000]
[kpt  58   0   6]    21.2703 [0.000]    22.5598 [0.000]    23.7247 [0.000]    24.0683 [0.000]    24.2353 [0.000]
[kpt  58   0   7]    24.3735 [0.000]    24.5662 [0.000]    25.8059 [0.000]    25.8819 [0.000]    26.4633 [0.000]
[kpt  58   0   8]    28.0581 [0.000]    28.5372 [0.000]    28.9696 [0.000]    30.3524 [0.000]    30.9233 [0.000]
[kpt  58   0   9]    31.2586 [0.000]    32.1284 [0.000]    33.7532 [0.000]




KOHN SHAM EIGENVALUES [eV] AT K-POINT [ 59]:       0.166667      0.333333      0.416667

[kpt  59   0   0]   -42.7139 [2.000]   -19.4104 [2.000]   -19.3866 [2.000]   -19.3220 [2.000]   -13.3848 [2.000]
[kpt  59   0   1]    -8.5139 [2.000]    -8.0964 [2.000]    -8.0170 [2.000]     0.6401 [2.000]     0.7024 [2.000]
[kpt  59   0   2]     1.1947 [2.000]     4.6959 [2.000]     5.3551 [2.000]     5.4123 [2.000]     5.9601 [2.000]
[kpt  59   0   3]     6.3205 [2.000]     6.5410 [2.000]     7.1457 [2.000]     7.3063 [2.000]     7.6212 [2.000]
[kpt  59   0   4]    15.3402 [0.000]    15.5640 [0.000]    15.9857 [0.000]    17.5239 [0.000]    18.1035 [0.000]
[kpt  59   0   5]    18.3926 [0.000]    18.8581 [0.000]    18.9544 [0.000]    19.2586 [0.000]    19.9808 [0.000]
[kpt  59   0   6]    21.7493 [0.000]    22.4491 [0.000]    23.5857 [0.000]    23.8686 [0.000]    24.1497 [0.000]
[kpt  59   0   7]    25.0930 [0.000]    25.1842 [0.000]    25.3349 [0.000]    25.8131 [0.000]    26.6384 [0.000]
[kpt  59   0   8]    27.8507 [0.000]    28.7527 [0.000]    28.7768 [0.000]    30.3534 [0.000]    30.7970 [0.000]
[kpt  59   0   9]    30.9941 [0.000]    32.0102 [0.000]    34.3026 [0.000]




KOHN SHAM EIGENVALUES [eV] AT K-POINT [ 60]:       0.166667      0.333333      0.500000

[kpt  60   0   0]   -42.7138 [2.000]   -19.4186 [2.000]   -19.3862 [2.000]   -19.3218 [2.000]   -13.3769 [2.000]
[kpt  60   0   1]    -8.5084 [2.000]    -8.0979 [2.000]    -7.9868 [2.000]     0.6282 [2.000]     0.6975 [2.000]
[kpt  60   0   2]     1.1501 [2.000]     4.6368 [2.000]     5.3530 [2.000]     5.3801 [2.000]     5.9201 [2.000]
[kpt  60   0   3]     6.3760 [2.000]     6.4957 [2.000]     7.2148 [2.000]     7.2605 [2.000]     7.6267 [2.000]
[kpt  60   0   4]    15.3446 [0.000]    15.6501 [0.000]    16.0839 [0.000]    17.5002 [0.000]    18.2142 [0.000]
[kpt  60   0   5]    18.3179 [0.000]    18.9324 [0.000]    18.9670 [0.000]    19.3168 [0.000]    20.2702 [0.000]
[kpt  60   0   6]    22.2086 [0.000]    22.6573 [0.000]    22.9309 [0.000]    23.9929 [0.000]    24.0612 [0.000]
[kpt  60   0   7]    24.8324 [0.000]    25.1842 [0.000]    25.4449 [0.000]    25.9300 [0.000]    26.4662 [0.000]
[kpt  60   0   8]    27.8906 [0.000]    28.5345 [0.000]    29.0773 [0.000]    30.5942 [0.000]    30.7747 [0.000]
[kpt  60   0   9]    31.3592 [0.000]    32.2955 [0.000]    33.2292 [0.000]




KOHN SHAM EIGENVALUES [eV] AT K-POINT [ 61]:       0.166667      0.416667      0.416667

[kpt  61   0   0]   -42.7136 [2.000]   -19.4094 [2.000]   -19.4088 [2.000]   -19.3213 [2.000]   -13.3664 [2.000]
[kpt  61   0   1]    -8.4587 [2.000]    -8.0352 [2.000]    -8.0324 [2.000]     0.5953 [2.000]     0.6244 [2.000]
[kpt  61   0   2]     1.1054 [2.000]     4.5842 [2.000]     5.2375 [2.000]     5.3790 [2.000]     6.0182 [2.000]
[kpt  61   0   3]     6.2487 [2.000]     6.4371 [2.000]     7.2501 [2.000]     7.3652 [2.000]     7.6962 [2.000]
[kpt  61   0   4]    15.5512 [0.000]    15.5661 [0.000]    16.1823 [0.000]    17.3999 [0.000]    18.2417 [0.000]
[kpt  61   0   5]    18.3865 [0.000]    19.0983 [0.000]    19.1424 [0.000]    19.3661 [0.000]    20.5318 [0.000]
[kpt  61   0   6]    22.0495 [0.000]    22.4554 [0.000]    23.2647 [0.000]    23.7667 [0.000]    24.1276 [0.000]
[kpt  61   0   7]    24.4871 [0.000]    25.0273 [0.000]    25.5089 [0.000]    26.0389 [0.000]    26.2196 [0.000]
[kpt  61   0   8]    27.6439 [0.000]    28.5334 [0.000]    29.1082 [0.000]    30.3643 [0.000]    30.7510 [0.000]
[kpt  61   0   9]    31.0098 [0.000]    31.8813 [0.000]    33.6707 [0.000]




KOHN SHAM EIGENVALUES [eV] AT K-POINT [ 62]:       0.166667      0.416667      0.500000

[kpt  62   0   0]   -42.7134 [2.000]   -19.4173 [2.000]   -19.4087 [2.000]   -19.3211 [2.000]   -13.3596 [2.000]
[kpt  62   0   1]    -8.4417 [2.000]    -8.0397 [2.000]    -8.0075 [2.000]     0.5798 [2.000]     0.6010 [2.000]
[kpt  62   0   2]     1.0675 [2.000]     4.5293 [2.000]     5.2002 [2.000]     5.3844 [2.000]     6.0240 [2.000]
[kpt  62   0   3]     6.2800 [2.000]     6.3403 [2.000]     7.3395 [2.000]     7.3500 [2.000]     7.7174 [2.000]
[kpt  62   0   4]    15.5565 [0.000]    15.6423 [0.000]    16.2655 [0.000]    17.3319 [0.000]    18.2483 [0.000]
[kpt  62   0   5]    18.4773 [0.000]    19.1265 [0.000]    19.1766 [0.000]    19.4162 [0.000]    20.9372 [0.000]
[kpt  62   0   6]    22.3220 [0.000]    22.6059 [0.000]    22.8194 [0.000]    23.6678 [0.000]    24.0868 [0.000]
[kpt  62   0   7]    24.3054 [0.000]    25.1179 [0.000]    25.5391 [0.000]    25.8897 [0.000]    26.1982 [0.000]
[kpt  62   0   8]    27.5748 [0.000]    28.4229 [0.000]    29.2351 [0.000]    30.1909 [0.000]    31.1073 [0.000]
[kpt  62   0   9]    31.1995 [0.000]    32.4166 [0.000]    32.5818 [0.000]




KOHN SHAM EIGENVALUES [eV] AT K-POINT [ 63]:       0.166667      0.500000      0.500000

[kpt  63   0   0]   -42.7133 [2.000]   -19.4169 [2.000]   -19.4169 [2.000]   -19.3208 [2.000]   -13.3532 [2.000]
[kpt  63   0   1]    -8.4198 [2.000]    -8.0152 [2.000]    -8.0152 [2.000]     0.5667 [2.000]     0.5667 [2.000]
[kpt  63   0   2]     1.0328 [2.000]     4.4771 [2.000]     5.1559 [2.000]     5.3962 [2.000]     6.1114 [2.000]
[kpt  63   0   3]     6.2329 [2.000]     6.2329 [2.000]     7.3897 [2.000]     7.3898 [2.000]     7.7445 [2.000]
[kpt  63   0   4]    15.6384 [0.000]    15.6398 [0.000]    16.3378 [0.000]    17.2538 [0.000]    18.2386 [0.000]
[kpt  63   0   5]    18.6113 [0.000]    19.1779 [0.000]    19.1809 [0.000]    19.4806 [0.000]    21.5667 [0.000]
[kpt  63   0   6]    22.3246 [0.000]    22.4377 [0.000]    22.6029 [0.000]    23.5320 [0.000]    23.9989 [0.000]
[kpt  63   0   7]    24.0799 [0.000]    25.6251 [0.000]    25.8033 [0.000]    26.1061 [0.000]    26.2473 [0.000]
[kpt  63   0   8]    27.4906 [0.000]    28.3909 [0.000]    29.5597 [0.000]    30.0489 [0.000]    31.1171 [0.000]
[kpt  63   0   9]    31.2343 [0.000]    32.2157 [0.000]    32.3963 [0.000]




KOHN SHAM EIGENVALUES [eV] AT K-POINT [ 64]:       0.250000      0.250000      0.250000

[kpt  64   0   0]   -42.7146 [2.000]   -19.3586 [2.000]   -19.3555 [2.000]   -19.3555 [2.000]   -13.4395 [2.000]
[kpt  64   0   1]    -8.5293 [2.000]    -8.1494 [2.000]    -8.1494 [2.000]     0.7057 [2.000]     0.7057 [2.000]
[kpt  64   0   2]     1.4018 [2.000]     4.9581 [2.000]     5.7183 [2.000]     5.7183 [2.000]     5.9645 [2.000]
[kpt  64   0   3]     6.3638 [2.000]     6.3638 [2.000]     7.3019 [2.000]     7.4148 [2.000]     7.4148 [2.000]
[kpt  64   0   4]    15.2055 [0.000]    15.2057 [0.000]    15.3212 [0.000]    17.6943 [0.000]    17.7016 [0.000]
[kpt  64   0   5]    18.1024 [0.000]    18.1029 [0.000]    18.2563 [0.000]    19.3324 [0.000]    19.3368 [0.000]
[kpt  64   0   6]    20.8199 [0.000]    22.7627 [0.000]    23.6526 [0.000]    24.0433 [0.000]    24.2553 [0.000]
[kpt  64   0   7]    24.4148 [0.000]    25.1124 [0.000]    25.3059 [0.000]    27.0041 [0.000]    27.1393 [0.000]
[kpt  64   0   8]    27.2715 [0.000]    28.2808 [0.000]    29.0903 [0.000]    30.7251 [0.000]    30.7687 [0.000]
[kpt  64   0   9]    31.4957 [0.000]    32.2507 [0.000]    32.3551 [0.000]




KOHN SHAM EIGENVALUES [eV] AT K-POINT [ 65]:       0.250000      0.250000      0.333333

[kpt  65   0   0]   -42.7142 [2.000]   -19.3879 [2.000]   -19.3561 [2.000]   -19.3545 [2.000]   -13.4092 [2.000]
[kpt  65   0   1]    -8.4885 [2.000]    -8.1364 [2.000]    -8.0797 [2.000]     0.6318 [2.000]     0.6505 [2.000]
[kpt  65   0   2]     1.2852 [2.000]     4.8628 [2.000]     5.5272 [2.000]     5.7005 [2.000]     5.8367 [2.000]
[kpt  65   0   3]     6.4057 [2.000]     6.4080 [2.000]     7.2831 [2.000]     7.3878 [2.000]     7.4545 [2.000]
[kpt  65   0   4]    15.2641 [0.000]    15.5080 [0.000]    15.5395 [0.000]    17.8019 [0.000]    18.1448 [0.000]
[kpt  65   0   5]    18.1703 [0.000]    18.2679 [0.000]    18.6711 [0.000]    18.9833 [0.000]    19.4282 [0.000]
[kpt  65   0   6]    21.2576 [0.000]    22.8309 [0.000]    23.9079 [0.000]    24.1254 [0.000]    24.3192 [0.000]
[kpt  65   0   7]    24.5649 [0.000]    24.6753 [0.000]    25.6453 [0.000]    25.8936 [0.000]    27.1253 [0.000]
[kpt  65   0   8]    27.3779 [0.000]    28.4027 [0.000]    29.2848 [0.000]    29.9649 [0.000]    30.8381 [0.000]
[kpt  65   0   9]    31.2406 [0.000]    31.6662 [0.000]    32.9548 [0.000]




KOHN SHAM EIGENVALUES [eV] AT K-POINT [ 66]:       0.250000      0.250000      0.416667

[kpt  66   0   0]   -42.7139 [2.000]   -19.4106 [2.000]   -19.3551 [2.000]   -19.3537 [2.000]   -13.3867 [2.000]
[kpt  66   0   1]    -8.4828 [2.000]    -8.1267 [2.000]    -8.0026 [2.000]     0.5780 [2.000]     0.6567 [2.000]
[kpt  66   0   2]     1.1468 [2.000]     4.7400 [2.000]     5.4706 [2.000]     5.6919 [2.000]     5.6989 [2.000]
[kpt  66   0   3]     6.4584 [2.000]     6.5098 [2.000]     7.1868 [2.000]     7.4200 [2.000]     7.4395 [2.000]
[kpt  66   0   4]    15.2852 [0.000]    15.7229 [0.000]    15.7906 [0.000]    17.8330 [0.000]    18.2450 [0.000]
[kpt  66   0   5]    18.3459 [0.000]    18.4324 [0.000]    18.6610 [0.000]    19.0237 [0.000]    19.8098 [0.000]
[kpt  66   0   6]    21.7325 [0.000]    22.5304 [0.000]    23.7470 [0.000]    24.1426 [0.000]    24.5119 [0.000]
[kpt  66   0   7]    24.9273 [0.000]    25.0652 [0.000]    25.2400 [0.000]    26.2677 [0.000]    26.9793 [0.000]
[kpt  66   0   8]    27.8158 [0.000]    28.3101 [0.000]    29.2516 [0.000]    29.3872 [0.000]    30.8949 [0.000]
[kpt  66   0   9]    31.0011 [0.000]    31.6745 [0.000]    35.2829 [0.000]




KOHN SHAM EIGENVALUES [eV] AT K-POINT [ 67]:       0.250000      0.250000      0.500000

[kpt  67   0   0]   -42.7138 [2.000]   -19.4188 [2.000]   -19.3547 [2.000]   -19.3534 [2.000]   -13.3785 [2.000]
[kpt  67   0   1]    -8.4844 [2.000]    -8.1232 [2.000]    -7.9703 [2.000]     0.5583 [2.000]     0.6754 [2.000]
[kpt  67   0   2]     1.0788 [2.000]     4.6777 [2.000]     5.5395 [2.000]     5.5749 [2.000]     5.6897 [2.000]
[kpt  67   0   3]     6.4842 [2.000]     6.5628 [2.000]     7.1452 [2.000]     7.4213 [2.000]     7.4300 [2.000]
[kpt  67   0   4]    15.2913 [0.000]    15.7926 [0.000]    15.9137 [0.000]    17.8269 [0.000]    18.3579 [0.000]
[kpt  67   0   5]    18.4402 [0.000]    18.4503 [0.000]    18.4573 [0.000]    19.1161 [0.000]    20.0824 [0.000]
[kpt  67   0   6]    22.1832 [0.000]    22.7236 [0.000]    22.8974 [0.000]    24.4456 [0.000]    24.4724 [0.000]
[kpt  67   0   7]    24.7469 [0.000]    24.8817 [0.000]    25.6467 [0.000]    26.5767 [0.000]    27.0757 [0.000]
[kpt  67   0   8]    28.1376 [0.000]    28.3036 [0.000]    28.8135 [0.000]    29.8195 [0.000]    30.7947 [0.000]
[kpt  67   0   9]    30.8894 [0.000]    31.6654 [0.000]    35.4527 [0.000]




KOHN SHAM EIGENVALUES [eV] AT K-POINT [ 68]:       0.250000      0.333333      0.333333

[kpt  68   0   0]   -42.7138 [2.000]   -19.3872 [2.000]   -19.3857 [2.000]   -19.3541 [2.000]   -13.3830 [2.000]
[kpt  68   0   1]    -8.4070 [2.000]    -8.0842 [2.000]    -8.0727 [2.000]     0.5413 [2.000]     0.5440 [2.000]
[kpt  68   0   2]     1.1228 [2.000]     4.7820 [2.000]     5.4526 [2.000]     5.5887 [2.000]     5.8166 [2.000]
[kpt  68   0   3]     6.3887 [2.000]     6.4808 [2.000]     7.3043 [2.000]     7.4052 [2.000]     7.5348 [2.000]
[kpt  68   0   4]    15.5079 [0.000]    15.5479 [0.000]    15.7639 [0.000]    17.8798 [0.000]    18.2478 [0.000]
[kpt  68   0   5]    18.3528 [0.000]    18.4691 [0.000]    18.8644 [0.000]    18.9434 [0.000]    19.4885 [0.000]
[kpt  68   0   6]    21.5972 [0.000]    22.4261 [0.000]    24.1374 [0.000]    24.2818 [0.000]    24.4468 [0.000]
[kpt  68   0   7]    24.5206 [0.000]    24.9252 [0.000]    25.4858 [0.000]    26.0783 [0.000]    26.3564 [0.000]
[kpt  68   0   8]    27.3658 [0.000]    28.1840 [0.000]    29.1220 [0.000]    29.8175 [0.000]    30.5100 [0.000]
[kpt  68   0   9]    30.7292 [0.000]    31.9311 [0.000]    32.4381 [0.000]




KOHN SHAM EIGENVALUES [eV] AT K-POINT [ 69]:       0.250000      0.333333      0.416667

[kpt  69   0   0]   -42.7134 [2.000]   -19.4090 [2.000]   -19.3854 [2.000]   -19.3533 [2.000]   -13.3635 [2.000]
[kpt  69   0   1]    -8.3727 [2.000]    -8.0745 [2.000]    -8.0114 [2.000]     0.4682 [2.000]     0.5185 [2.000]
[kpt  69   0   2]     0.9618 [2.000]     4.6579 [2.000]     5.3689 [2.000]     5.6136 [2.000]     5.7674 [2.000]
[kpt  69   0   3]     6.4382 [2.000]     6.5306 [2.000]     7.2762 [2.000]     7.4250 [2.000]     7.5922 [2.000]
[kpt  69   0   4]    15.5302 [0.000]    15.7390 [0.000]    15.9897 [0.000]    17.7368 [0.000]    18.3120 [0.000]
[kpt  69   0   5]    18.4404 [0.000]    18.5027 [0.000]    18.8782 [0.000]    19.1152 [0.000]    20.0198 [0.000]
[kpt  69   0   6]    21.9159 [0.000]    22.3994 [0.000]    23.7877 [0.000]    24.3729 [0.000]    24.7104 [0.000]
[kpt  69   0   7]    24.8258 [0.000]    24.9487 [0.000]    25.2212 [0.000]    25.7261 [0.000]    26.3798 [0.000]
[kpt  69   0   8]    27.5895 [0.000]    28.1663 [0.000]    28.8671 [0.000]    29.7354 [0.000]    30.3063 [0.000]
[kpt  69   0   9]    30.6021 [0.000]    31.2706 [0.000]    32.6256 [0.000]




KOHN SHAM EIGENVALUES [eV] AT K-POINT [ 70]:       0.250000      0.333333      0.500000

[kpt  70   0   0]   -42.7133 [2.000]   -19.4172 [2.000]   -19.3851 [2.000]   -19.3530 [2.000]   -13.3564 [2.000]
[kpt  70   0   1]    -8.3651 [2.000]    -8.0724 [2.000]    -7.9821 [2.000]     0.4414 [2.000]     0.5246 [2.000]
[kpt  70   0   2]     0.8886 [2.000]     4.5955 [2.000]     5.3552 [2.000]     5.6795 [2.000]     5.6865 [2.000]
[kpt  70   0   3]     6.5004 [2.000]     6.5159 [2.000]     7.2752 [2.000]     7.4216 [2.000]     7.6090 [2.000]
[kpt  70   0   4]    15.5306 [0.000]    15.8175 [0.000]    16.0957 [0.000]    17.6575 [0.000]    18.3884 [0.000]
[kpt  70   0   5]    18.4105 [0.000]    18.5069 [0.000]    18.8414 [0.000]    19.2095 [0.000]    20.3392 [0.000]
[kpt  70   0   6]    22.4199 [0.000]    22.6650 [0.000]    22.8149 [0.000]    23.9460 [0.000]    24.7457 [0.000]
[kpt  70   0   7]    24.8271 [0.000]    25.1919 [0.000]    25.4023 [0.000]    25.7810 [0.000]    26.3697 [0.000]
[kpt  70   0   8]    27.8108 [0.000]    28.1277 [0.000]    28.7404 [0.000]    29.5078 [0.000]    30.0062 [0.000]
[kpt  70   0   9]    30.2900 [0.000]    30.6865 [0.000]    31.2953 [0.000]




KOHN SHAM EIGENVALUES [eV] AT K-POINT [ 71]:       0.250000      0.416667      0.416667

[kpt  71   0   0]   -42.7131 [2.000]   -19.4081 [2.000]   -19.4076 [2.000]   -19.3525 [2.000]   -13.3463 [2.000]
[kpt  71   0   1]    -8.3098 [2.000]    -8.0185 [2.000]    -8.0157 [2.000]     0.4225 [2.000]     0.4248 [2.000]
[kpt  71   0   2]     0.7963 [2.000]     4.5435 [2.000]     5.2392 [2.000]     5.6765 [2.000]     5.8106 [2.000]
[kpt  71   0   3]     6.4215 [2.000]     6.5196 [2.000]     7.3582 [2.000]     7.4480 [2.000]     7.6873 [2.000]
[kpt  71   0   4]    15.7321 [0.000]    15.7345 [0.000]    16.1918 [0.000]    17.4823 [0.000]    18.3462 [0.000]
[kpt  71   0   5]    18.4361 [0.000]    18.5640 [0.000]    19.0837 [0.000]    19.3075 [0.000]    20.5778 [0.000]
[kpt  71   0   6]    22.1268 [0.000]    22.4462 [0.000]    23.7904 [0.000]    24.2193 [0.000]    24.7488 [0.000]
[kpt  71   0   7]    24.9225 [0.000]    25.2197 [0.000]    25.4464 [0.000]    25.9301 [0.000]    26.3622 [0.000]
[kpt  71   0   8]    27.6172 [0.000]    28.0433 [0.000]    28.6339 [0.000]    29.8432 [0.000]    30.1862 [0.000]
[kpt  71   0   9]    30.6180 [0.000]    31.0224 [0.000]    32.3199 [0.000]




KOHN SHAM EIGENVALUES [eV] AT K-POINT [ 72]:       0.250000      0.416667      0.500000

[kpt  72   0   0]   -42.7130 [2.000]   -19.4161 [2.000]   -19.4075 [2.000]   -19.3523 [2.000]   -13.3400 [2.000]
[kpt  72   0   1]    -8.2914 [2.000]    -8.0188 [2.000]    -7.9912 [2.000]     0.3898 [2.000]     0.4201 [2.000]
[kpt  72   0   2]     0.7245 [2.000]     4.4870 [2.000]     5.2029 [2.000]     5.7172 [2.000]     5.8123 [2.000]
[kpt  72   0   3]     6.4595 [2.000]     6.4641 [2.000]     7.4088 [2.000]     7.4468 [2.000]     7.7172 [2.000]
[kpt  72   0   4]    15.7296 [0.000]    15.8152 [0.000]    16.2816 [0.000]    17.3439 [0.000]    18.3913 [0.000]
[kpt  72   0   5]    18.3999 [0.000]    18.5697 [0.000]    19.1084 [0.000]    19.3963 [0.000]    20.9327 [0.000]
[kpt  72   0   6]    22.4257 [0.000]    22.7513 [0.000]    22.8332 [0.000]    23.9353 [0.000]    24.6514 [0.000]
[kpt  72   0   7]    25.0162 [0.000]    25.3737 [0.000]    25.6881 [0.000]    25.8827 [0.000]    26.3809 [0.000]
[kpt  72   0   8]    27.7823 [0.000]    27.8382 [0.000]    28.8648 [0.000]    29.6813 [0.000]    30.3257 [0.000]
[kpt  72   0   9]    30.4824 [0.000]    31.1078 [0.000]    31.8981 [0.000]




KOHN SHAM EIGENVALUES [eV] AT K-POINT [ 73]:       0.250000      0.500000      0.500000

[kpt  73   0   0]   -42.7129 [2.000]   -19.4156 [2.000]   -19.4156 [2.000]   -19.3520 [2.000]   -13.3340 [2.000]
[kpt  73   0   1]    -8.2684 [2.000]    -7.9946 [2.000]    -7.9946 [2.000]     0.3829 [2.000]     0.3829 [2.000]
[kpt  73   0   2]     0.6543 [2.000]     4.4340 [2.000]     5.1594 [2.000]     5.7312 [2.000]     5.8730 [2.000]
[kpt  73   0   3]     6.4339 [2.000]     6.4339 [2.000]     7.4627 [2.000]     7.4630 [2.000]     7.7516 [2.000]
[kpt  73   0   4]    15.8115 [0.000]    15.8129 [0.000]    16.3586 [0.000]    17.2193 [0.000]    18.3955 [0.000]
[kpt  73   0   5]    18.3994 [0.000]    18.5870 [0.000]    19.1511 [0.000]    19.4825 [0.000]    21.4222 [0.000]
[kpt  73   0   6]    22.4099 [0.000]    22.7589 [0.000]    22.8445 [0.000]    23.1539 [0.000]    24.7837 [0.000]
[kpt  73   0   7]    25.0266 [0.000]    25.4154 [0.000]    25.6093 [0.000]    26.1982 [0.000]    26.2607 [0.000]
[kpt  73   0   8]    27.6907 [0.000]    27.7112 [0.000]    29.0188 [0.000]    29.5006 [0.000]    30.3603 [0.000]
[kpt  73   0   9]    30.4645 [0.000]    30.8459 [0.000]    31.3323 [0.000]




KOHN SHAM EIGENVALUES [eV] AT K-POINT [ 74]:       0.333333      0.333333      0.333333

[kpt  74   0   0]   -42.7133 [2.000]   -19.3864 [2.000]   -19.3846 [2.000]   -19.3845 [2.000]   -13.3594 [2.000]
[kpt  74   0   1]    -8.2933 [2.000]    -8.0558 [2.000]    -8.0558 [2.000]     0.4146 [2.000]     0.4146 [2.000]
[kpt  74   0   2]     0.9057 [2.000]     4.6999 [2.000]     5.4508 [2.000]     5.4508 [2.000]     5.8716 [2.000]
[kpt  74   0   3]     6.4813 [2.000]     6.4813 [2.000]     7.4570 [2.000]     7.4570 [2.000]     7.5292 [2.000]
[kpt  74   0   4]    15.7437 [0.000]    15.7671 [0.000]    15.7678 [0.000]    18.0164 [0.000]    18.0233 [0.000]
[kpt  74   0   5]    18.1454 [0.000]    18.8392 [0.000]    18.8400 [0.000]    19.4224 [0.000]    19.4413 [0.000]
[kpt  74   0   6]    21.8161 [0.000]    22.4374 [0.000]    24.3739 [0.000]    24.5306 [0.000]    24.6491 [0.000]
[kpt  74   0   7]    25.1758 [0.000]    25.4060 [0.000]    25.8027 [0.000]    25.9431 [0.000]    26.6403 [0.000]
[kpt  74   0   8]    26.6865 [0.000]    28.1678 [0.000]    29.3257 [0.000]    29.7946 [0.000]    29.7966 [0.000]
[kpt  74   0   9]    30.4167 [0.000]    30.9794 [0.000]    31.4241 [0.000]




KOHN SHAM EIGENVALUES [eV] AT K-POINT [ 75]:       0.333333      0.333333      0.416667

[kpt  75   0   0]   -42.7130 [2.000]   -19.4077 [2.000]   -19.3847 [2.000]   -19.3837 [2.000]   -13.3420 [2.000]
[kpt  75   0   1]    -8.2383 [2.000]    -8.0433 [2.000]    -8.0045 [2.000]     0.3250 [2.000]     0.3644 [2.000]
[kpt  75   0   2]     0.7138 [2.000]     4.5742 [2.000]     5.3431 [2.000]     5.4510 [2.000]     5.9544 [2.000]
[kpt  75   0   3]     6.5321 [2.000]     6.5482 [2.000]     7.4182 [2.000]     7.5417 [2.000]     7.5962 [2.000]
[kpt  75   0   4]    15.7484 [0.000]    15.9138 [0.000]    16.0253 [0.000]    17.6781 [0.000]    17.9845 [0.000]
[kpt  75   0   5]    18.0838 [0.000]    18.8291 [0.000]    19.1411 [0.000]    19.4133 [0.000]    20.1151 [0.000]
[kpt  75   0   6]    21.9850 [0.000]    22.4774 [0.000]    23.8723 [0.000]    24.8328 [0.000]    25.0778 [0.000]
[kpt  75   0   7]    25.1927 [0.000]    25.2837 [0.000]    25.6004 [0.000]    26.2525 [0.000]    26.3238 [0.000]
[kpt  75   0   8]    27.4784 [0.000]    28.1977 [0.000]    29.0989 [0.000]    29.2883 [0.000]    29.8811 [0.000]
[kpt  75   0   9]    30.1509 [0.000]    30.7843 [0.000]    31.8528 [0.000]




KOHN SHAM EIGENVALUES [eV] AT K-POINT [ 76]:       0.333333      0.333333      0.500000

[kpt  76   0   0]   -42.7129 [2.000]   -19.4158 [2.000]   -19.3844 [2.000]   -19.3834 [2.000]   -13.3356 [2.000]
[kpt  76   0   1]    -8.2257 [2.000]    -8.0387 [2.000]    -7.9778 [2.000]     0.2927 [2.000]     0.3632 [2.000]
[kpt  76   0   2]     0.6288 [2.000]     4.5126 [2.000]     5.3193 [2.000]     5.4514 [2.000]     5.9732 [2.000]
[kpt  76   0   3]     6.5683 [2.000]     6.5728 [2.000]     7.4013 [2.000]     7.5649 [2.000]     7.6219 [2.000]
[kpt  76   0   4]    15.7448 [0.000]    15.9752 [0.000]    16.1510 [0.000]    17.5277 [0.000]    17.9518 [0.000]
[kpt  76   0   5]    18.0877 [0.000]    18.8264 [0.000]    19.2535 [0.000]    19.4065 [0.000]    20.4790 [0.000]
[kpt  76   0   6]    22.5637 [0.000]    22.7174 [0.000]    22.9693 [0.000]    25.0885 [0.000]    25.3173 [0.000]
[kpt  76   0   7]    25.4492 [0.000]    25.6922 [0.000]    25.7791 [0.000]    25.8529 [0.000]    26.2473 [0.000]
[kpt  76   0   8]    27.8247 [0.000]    28.3801 [0.000]    28.6831 [0.000]    29.6343 [0.000]    29.7715 [0.000]
[kpt  76   0   9]    30.0266 [0.000]    30.7498 [0.000]    35.0226 [0.000]




KOHN SHAM EIGENVALUES [eV] AT K-POINT [ 77]:       0.333333      0.416667      0.416667

[kpt  77   0   0]   -42.7127 [2.000]   -19.4068 [2.000]   -19.4064 [2.000]   -19.3834 [2.000]   -13.3261 [2.000]
[kpt  77   0   1]    -8.1590 [2.000]    -8.0024 [2.000]    -7.9959 [2.000]     0.2507 [2.000]     0.2646 [2.000]
[kpt  77   0   2]     0.5119 [2.000]     4.4600 [2.000]     5.2417 [2.000]     5.4118 [2.000]     6.1373 [2.000]
[kpt  77   0   3]     6.5527 [2.000]     6.5919 [2.000]     7.5150 [2.000]     7.5614 [2.000]     7.6833 [2.000]
[kpt  77   0   4]    15.9239 [0.000]    15.9577 [0.000]    16.1949 [0.000]    17.4033 [0.000]    17.8174 [0.000]
[kpt  77   0   5]    17.8798 [0.000]    18.9749 [0.000]    19.3027 [0.000]    19.7644 [0.000]    20.5756 [0.000]
[kpt  77   0   6]    22.1580 [0.000]    22.5270 [0.000]    24.0711 [0.000]    24.2229 [0.000]    25.0938 [0.000]
[kpt  77   0   7]    25.5189 [0.000]    25.7014 [0.000]    26.0263 [0.000]    26.1246 [0.000]    26.7568 [0.000]
[kpt  77   0   8]    27.8036 [0.000]    28.0933 [0.000]    28.7729 [0.000]    29.3884 [0.000]    29.5787 [0.000]
[kpt  77   0   9]    29.7060 [0.000]    30.7609 [0.000]    31.2439 [0.000]




KOHN SHAM EIGENVALUES [eV] AT K-POINT [ 78]:       0.333333      0.416667      0.500000

[kpt  78   0   0]   -42.7126 [2.000]   -19.4148 [2.000]   -19.4063 [2.000]   -19.3831 [2.000]   -13.3203 [2.000]
[kpt  78   0   1]    -8.1379 [2.000]    -7.9968 [2.000]    -7.9748 [2.000]     0.2189 [2.000]     0.2513 [2.000]
[kpt  78   0   2]     0.4240 [2.000]     4.4048 [2.000]     5.2049 [2.000]     5.4107 [2.000]     6.1986 [2.000]
[kpt  78   0   3]     6.5805 [2.000]     6.5889 [2.000]     7.5328 [2.000]     7.5843 [2.000]     7.7189 [2.000]
[kpt  78   0   4]    15.9373 [0.000]    16.0208 [0.000]    16.2970 [0.000]    17.2499 [0.000]    17.7648 [0.000]
[kpt  78   0   5]    17.8264 [0.000]    18.9946 [0.000]    19.3990 [0.000]    19.8139 [0.000]    20.8645 [0.000]
[kpt  78   0   6]    22.4844 [0.000]    22.7246 [0.000]    23.1337 [0.000]    24.2156 [0.000]    25.2715 [0.000]
[kpt  78   0   7]    25.6764 [0.000]    25.8181 [0.000]    26.0977 [0.000]    26.1992 [0.000]    26.4785 [0.000]
[kpt  78   0   8]    27.8056 [0.000]    28.2342 [0.000]    28.6872 [0.000]    29.2977 [0.000]    29.5341 [0.000]
[kpt  78   0   9]    29.8409 [0.000]    30.2310 [0.000]    30.8854 [0.000]




KOHN SHAM EIGENVALUES [eV] AT K-POINT [ 79]:       0.333333      0.500000      0.500000

[kpt  79   0   0]   -42.7125 [2.000]   -19.4144 [2.000]   -19.4144 [2.000]   -19.3828 [2.000]   -13.3147 [2.000]
[kpt  79   0   1]    -8.1129 [2.000]    -7.9738 [2.000]    -7.9738 [2.000]     0.2115 [2.000]     0.2115 [2.000]
[kpt  79   0   2]     0.3331 [2.000]     4.3529 [2.000]     5.1629 [2.000]     5.4092 [2.000]     6.2915 [2.000]
[kpt  79   0   3]     6.5797 [2.000]     6.5797 [2.000]     7.5873 [2.000]     7.5874 [2.000]     7.7591 [2.000]
[kpt  79   0   4]    16.0242 [0.000]    16.0264 [0.000]    16.3769 [0.000]    17.1062 [0.000]    17.7236 [0.000]
[kpt  79   0   5]    17.7271 [0.000]    19.0264 [0.000]    19.4846 [0.000]    19.8509 [0.000]    21.2876 [0.000]
[kpt  79   0   6]    22.5610 [0.000]    22.8492 [0.000]    23.1435 [0.000]    23.1838 [0.000]    25.0525 [0.000]
[kpt  79   0   7]    25.9652 [0.000]    26.1046 [0.000]    26.3310 [0.000]    26.4140 [0.000]    26.7169 [0.000]
[kpt  79   0   8]    27.2757 [0.000]    28.0102 [0.000]    28.8210 [0.000]    29.0714 [0.000]    29.5819 [0.000]
[kpt  79   0   9]    29.6121 [0.000]    30.0991 [0.000]    30.2086 [0.000]




KOHN SHAM EIGENVALUES [eV] AT K-POINT [ 80]:       0.416667      0.416667      0.416667

[kpt  80   0   0]   -42.7124 [2.000]   -19.4060 [2.000]   -19.4056 [2.000]   -19.4056 [2.000]   -13.3112 [2.000]
[kpt  80   0   1]    -8.0552 [2.000]    -7.9812 [2.000]    -7.9812 [2.000]     0.1529 [2.000]     0.1529 [2.000]
[kpt  80   0   2]     0.3021 [2.000]     4.3535 [2.000]     5.2439 [2.000]     5.2439 [2.000]     6.3851 [2.000]
[kpt  80   0   3]     6.6229 [2.000]     6.6229 [2.000]     7.6471 [2.000]     7.6472 [2.000]     7.7018 [2.000]
[kpt  80   0   4]    16.0845 [0.000]    16.1947 [0.000]    16.1951 [0.000]    17.3361 [0.000]    17.3369 [0.000]
[kpt  80   0   5]    17.5347 [0.000]    19.3022 [0.000]    19.3023 [0.000]    20.5112 [0.000]    20.5567 [0.000]
[kpt  80   0   6]    22.3252 [0.000]    22.8366 [0.000]    24.0696 [0.000]    24.2714 [0.000]    24.3892 [0.000]
[kpt  80   0   7]    25.6454 [0.000]    25.7825 [0.000]    26.5189 [0.000]    26.6405 [0.000]    27.3396 [0.000]
[kpt  80   0   8]    27.5892 [0.000]    28.7186 [0.000]    28.9179 [0.000]    28.9520 [0.000]    29.2323 [0.000]
[kpt  80   0   9]    29.3858 [0.000]    29.6567 [0.000]    30.1236 [0.000]




KOHN SHAM EIGENVALUES [eV] AT K-POINT [ 81]:       0.416667      0.416667      0.500000

[kpt  81   0   0]   -42.7123 [2.000]   -19.4139 [2.000]   -19.4056 [2.000]   -19.4052 [2.000]   -13.3057 [2.000]
[kpt  81   0   1]    -8.0273 [2.000]    -7.9758 [2.000]    -7.9627 [2.000]     0.1131 [2.000]     0.1341 [2.000]
[kpt  81   0   2]     0.2131 [2.000]     4.3028 [2.000]     5.1952 [2.000]     5.2447 [2.000]     6.4686 [2.000]
[kpt  81   0   3]     6.6368 [2.000]     6.6437 [2.000]     7.6600 [2.000]     7.6966 [2.000]     7.7310 [2.000]
[kpt  81   0   4]    16.1434 [0.000]    16.2040 [0.000]    16.3289 [0.000]    17.1242 [0.000]    17.3281 [0.000]
[kpt  81   0   5]    17.3928 [0.000]    19.3074 [0.000]    19.4288 [0.000]    20.5102 [0.000]    20.9184 [0.000]
[kpt  81   0   6]    22.4979 [0.000]    22.8414 [0.000]    23.4372 [0.000]    24.1830 [0.000]    24.2230 [0.000]
[kpt  81   0   7]    24.8001 [0.000]    25.0877 [0.000]    25.9828 [0.000]    26.8112 [0.000]    27.1290 [0.000]
[kpt  81   0   8]    27.9099 [0.000]    28.5380 [0.000]    28.5658 [0.000]    28.9773 [0.000]    29.0136 [0.000]
[kpt  81   0   9]    29.3486 [0.000]    29.4240 [0.000]    29.6042 [0.000]




KOHN SHAM EIGENVALUES [eV] AT K-POINT [ 82]:       0.416667      0.500000      0.500000

[kpt  82   0   0]   -42.7122 [2.000]   -19.4135 [2.000]   -19.4135 [2.000]   -19.4051 [2.000]   -13.3004 [2.000]
[kpt  82   0   1]    -7.9960 [2.000]    -7.9583 [2.000]    -7.9583 [2.000]     0.0924 [2.000]     0.0924 [2.000]
[kpt  82   0   2]     0.1228 [2.000]     4.2541 [2.000]     5.1655 [2.000]     5.2226 [2.000]     6.5722 [2.000]
[kpt  82   0   3]     6.6510 [2.000]     6.6510 [2.000]     7.7130 [2.000]     7.7135 [2.000]     7.7645 [2.000]
[kpt  82   0   4]    16.2530 [0.000]    16.2535 [0.000]    16.3906 [0.000]    17.0061 [0.000]    17.2104 [0.000]
[kpt  82   0   5]    17.2127 [0.000]    19.3686 [0.000]    19.4921 [0.000]    20.6982 [0.000]    21.1958 [0.000]
[kpt  82   0   6]    22.4682 [0.000]    22.7233 [0.000]    23.4878 [0.000]    23.5599 [0.000]    24.2709 [0.000]
[kpt  82   0   7]    24.9222 [0.000]    26.1695 [0.000]    26.2834 [0.000]    27.3952 [0.000]    27.6272 [0.000]
[kpt  82   0   8]    27.6624 [0.000]    28.1388 [0.000]    28.4385 [0.000]    28.8416 [0.000]    28.9174 [0.000]
[kpt  82   0   9]    28.9478 [0.000]    29.2400 [0.000]    29.4208 [0.000]




KOHN SHAM EIGENVALUES [eV] AT K-POINT [ 83]:       0.500000      0.500000      0.500000

[kpt  83   0   0]   -42.7121 [2.000]   -19.4132 [2.000]   -19.4132 [2.000]   -19.4132 [2.000]   -13.2951 [2.000]
[kpt  83   0   1]    -7.9526 [2.000]    -7.9526 [2.000]    -7.9526 [2.000]     0.0500 [2.000]     0.0500 [2.000]
[kpt  83   0   2]     0.0500 [2.000]     4.2079 [2.000]     5.1664 [2.000]     5.1664 [2.000]     6.6706 [2.000]
[kpt  83   0   3]     6.6706 [2.000]     6.6706 [2.000]     7.7663 [2.000]     7.7664 [2.000]     7.7665 [2.000]
[kpt  83   0   4]    16.3946 [0.000]    16.3949 [0.000]    16.3951 [0.000]    16.9661 [0.000]    16.9699 [0.000]
[kpt  83   0   5]    16.9699 [0.000]    19.4926 [0.000]    19.4939 [0.000]    21.1670 [0.000]    21.1885 [0.000]
[kpt  83   0   6]    22.5476 [0.000]    22.8017 [0.000]    23.3359 [0.000]    23.4027 [0.000]    23.4920 [0.000]
[kpt  83   0   7]    26.0757 [0.000]    26.2444 [0.000]    26.3344 [0.000]    27.1171 [0.000]    27.7764 [0.000]
[kpt  83   0   8]    27.8940 [0.000]    28.4716 [0.000]    28.5154 [0.000]    28.5157 [0.000]    28.7216 [0.000]
[kpt  83   0   9]    28.7552 [0.000]    28.7685 [0.000]    29.1315 [0.000]


spinup:  valence band maximum = 7.780579 eV, conduction band minumm = 13.953708 eV
spinup:  Band gap = 6.173129 eV

Total charge in supercell =      40.00000000

 Vdd took 0.000798 seconds


VORONOI DEFORMATION DENSITY PARTIAL CHARGES 

      Ion  Species      Charge
       1     Ba           0.041
       2     Ti           0.150
       3      O          -0.063
       4      O          -0.064
       5      O          -0.064
 quench: [md:   0/100  scf:   0/20  step time:  10.24  scf time:    10.92 secs  RMS[dV]: ******** ]


average potential <V> = 5.43e-04
Davidson converged in 2 steps
Davidson converged in 2 steps
Davidson converged in 2 steps
Davidson converged in 2 steps
Davidson converged in 2 steps
Davidson converged in 2 steps
Davidson converged in 2 steps

FERMI ENERGY =     10.61543166 eV
@@ EIGENVALUE SUM     =       -5.589608 Ha
@@ ION_ION            =     -103.531057 Ha
@@ ELECTROSTATIC      =      -29.057498 Ha
@@ VXC                =      -27.809084 Ha
@@ EXC                =      -21.385111 Ha
@@ TOTAL ENERGY       =     -131.754190 Ha
@@ estimated error    =        8.90e-01 Ha
Charge density mixing: Broyden
 quench: [md:   0/100  scf:   1/20  step time:   4.42  scf time:    15.34 secs  RMS[dV]: 1.52e-01 ]


average potential <V> = 1.28e-03
Davidson converged in 2 steps
Davidson converged in 2 steps
Davidson converged in 2 steps
Davidson converged in 2 steps
Davidson converged in 2 steps
Davidson converged in 2 steps
Davidson converged in 2 steps

FERMI ENERGY =     11.05291827 eV
@@ EIGENVALUE SUM     =       -5.296704 Ha
@@ ION_ION            =     -103.531057 Ha
@@ ELECTROSTATIC      =      -29.295618 Ha
@@ VXC                =      -27.999917 Ha
@@ EXC                =      -21.535340 Ha
@@ TOTAL ENERGY       =     -131.658802 Ha
@@ estimated error    =        4.45e-01 Ha
Charge density mixing: Broyden
 quench: [md:   0/100  scf:   2/20  step time:   4.67  scf time:    20.01 secs  RMS[dV]: 8.67e-02 ]


average potential <V> = 2.82e-04
Davidson converged in 1 steps
Davidson converged in 1 steps
Davidson converged in 1 steps
Davidson converged in 1 steps
Davidson converged in 1 steps
Davidson converged in 1 steps
Davidson converged in 1 steps

FERMI ENERGY =     11.25104929 eV
@@ EIGENVALUE SUM     =       -5.311606 Ha
@@ ION_ION            =     -103.531057 Ha
@@ ELECTROSTATIC      =      -29.264345 Ha
@@ VXC                =      -27.958716 Ha
@@ EXC                =      -21.502788 Ha
@@ TOTAL ENERGY       =     -131.651080 Ha
@@ estimated error    =        5.84e-02 Ha
Charge density mixing: Broyden
 quench: [md:   0/100  scf:   3/20  step time:   3.72  scf time:    23.73 secs  RMS[dV]: 3.66e-02 ]


average potential <V> = 5.16e-04
Davidson converged in 2 steps
Davidson converged in 2 steps
Davidson converged in 2 steps
Davidson converged in 2 steps
Davidson converged in 2 steps
Davidson converged in 2 steps
Davidson converged in 2 steps

FERMI ENERGY =     11.58799524 eV
@@ EIGENVALUE SUM     =       -5.231053 Ha
@@ ION_ION            =     -103.531057 Ha
@@ ELECTROSTATIC      =      -29.344130 Ha
@@ VXC                =      -27.929614 Ha
@@ EXC                =      -21.480061 Ha
@@ TOTAL ENERGY       =     -131.656687 Ha
@@ estimated error    =        1.17e-02 Ha
Charge density mixing: Broyden
 quench: [md:   0/100  scf:   4/20  step time:   4.60  scf time:    28.33 secs  RMS[dV]: 1.93e-02 ]


average potential <V> = 2.15e-04
Davidson converged in 1 steps
Davidson converged in 1 steps
Davidson converged in 1 steps
Davidson converged in 1 steps
Davidson converged in 1 steps
Davidson converged in 1 steps
Davidson converged in 1 steps

FERMI ENERGY =     11.08232786 eV
@@ EIGENVALUE SUM     =       -5.211907 Ha
@@ ION_ION            =     -103.531057 Ha
@@ ELECTROSTATIC      =      -29.364314 Ha
@@ VXC                =      -27.963538 Ha
@@ EXC                =      -21.506762 Ha
@@ TOTAL ENERGY       =     -131.650502 Ha
@@ estimated error    =        3.09e-02 Ha
Charge density mixing: Broyden
WriteRestart: Restart file Waves/wave.out opened...
WriteData: total size of each of the 1 files = 247.8 Mb
WriteData: writing took 0.2 seconds, writing speed 1200.673 Mbps 
WriteRestart: writing took 0.2 seconds 


KOHN SHAM EIGENVALUES [eV] AT K-POINT [  0]:       0.000000      0.000000      0.000000

[kpt   0   5   0]   -46.2610 [2.000]   -22.4691 [2.000]   -22.4691 [2.000]   -22.4691 [2.000]   -14.4830 [2.000]
[kpt   0   5   1]    -6.5420 [2.000]    -5.8652 [2.000]    -5.8652 [2.000]     0.3611 [2.000]     0.3611 [2.000]
[kpt   0   5   2]     0.3611 [2.000]     7.9930 [2.000]     7.9930 [2.000]     7.9930 [2.000]     9.1632 [2.000]
[kpt   0   5   3]     9.1632 [2.000]     9.1632 [2.000]    10.1494 [2.000]    10.1494 [2.000]    10.1494 [2.000]
[kpt   0   5   4]    12.1482 [0.000]    12.1482 [0.000]    12.1482 [0.000]    14.3419 [0.000]    14.3419 [0.000]
[kpt   0   5   5]    15.4004 [0.000]    15.4005 [0.000]    17.6571 [0.000]    18.8992 [0.000]    18.8993 [0.000]
[kpt   0   5   6]    18.8993 [0.000]    21.3846 [0.000]    21.6457 [0.000]    21.6462 [0.000]    21.6480 [0.000]
[kpt   0   5   7]    21.7724 [0.000]    21.7726 [0.000]    21.7729 [0.000]    25.2324 [0.000]    27.9394 [0.000]
[kpt   0   5   8]    27.9396 [0.000]    27.9405 [0.000]    31.1681 [0.000]    31.1681 [0.000]    31.1695 [0.000]
[kpt   0   5   9]    33.2728 [0.000]    33.2729 [0.000]    33.2733 [0.000]




KOHN SHAM EIGENVALUES [eV] AT K-POINT [  1]:       0.000000      0.000000      0.083333

[kpt   1   5   0]   -46.2609 [2.000]   -22.4726 [2.000]   -22.4690 [2.000]   -22.4690 [2.000]   -14.4754 [2.000]
[kpt   1   5   1]    -6.5434 [2.000]    -5.8630 [2.000]    -5.8619 [2.000]     0.3717 [2.000]     0.3717 [2.000]
[kpt   1   5   2]     0.3890 [2.000]     7.8780 [2.000]     7.9755 [2.000]     7.9755 [2.000]     9.0834 [2.000]
[kpt   1   5   3]     9.0834 [2.000]     9.1040 [2.000]     9.9615 [2.000]    10.0950 [2.000]    10.0950 [2.000]
[kpt   1   5   4]    12.1567 [0.000]    12.2949 [0.000]    12.2949 [0.000]    14.3422 [0.000]    14.5453 [0.000]
[kpt   1   5   5]    15.5270 [0.000]    15.5314 [0.000]    17.8250 [0.000]    18.8763 [0.000]    18.9729 [0.000]
[kpt   1   5   6]    18.9730 [0.000]    21.5397 [0.000]    21.6525 [0.000]    21.6921 [0.000]    21.7726 [0.000]
[kpt   1   5   7]    21.7904 [0.000]    21.8236 [0.000]    21.8701 [0.000]    25.2784 [0.000]    27.9451 [0.000]
[kpt   1   5   8]    27.9661 [0.000]    27.9802 [0.000]    30.9983 [0.000]    31.0667 [0.000]    31.0675 [0.000]
[kpt   1   5   9]    32.8031 [0.000]    33.0506 [0.000]    33.3024 [0.000]




KOHN SHAM EIGENVALUES [eV] AT K-POINT [  2]:       0.000000      0.000000      0.166667

[kpt   2   5   0]   -46.2607 [2.000]   -22.4821 [2.000]   -22.4686 [2.000]   -22.4686 [2.000]   -14.4545 [2.000]
[kpt   2   5   1]    -6.5609 [2.000]    -5.8571 [2.000]    -5.8373 [2.000]     0.4012 [2.000]     0.4012 [2.000]
[kpt   2   5   2]     0.4647 [2.000]     7.5661 [2.000]     7.9193 [2.000]     7.9193 [2.000]     8.8956 [2.000]
[kpt   2   5   3]     8.8957 [2.000]     8.9503 [2.000]     9.5327 [2.000]     9.9699 [2.000]     9.9699 [2.000]
[kpt   2   5   4]    12.1803 [0.000]    12.6549 [0.000]    12.6549 [0.000]    14.3431 [0.000]    15.0155 [0.000]
[kpt   2   5   5]    15.8734 [0.000]    15.9031 [0.000]    18.3077 [0.000]    18.8133 [0.000]    19.1725 [0.000]
[kpt   2   5   6]    19.1727 [0.000]    21.5091 [0.000]    21.5721 [0.000]    21.7044 [0.000]    21.7228 [0.000]
[kpt   2   5   7]    21.7613 [0.000]    21.8027 [0.000]    21.8450 [0.000]    25.3825 [0.000]    27.9144 [0.000]
[kpt   2   5   8]    28.0154 [0.000]    28.0243 [0.000]    30.5786 [0.000]    30.7863 [0.000]    30.7892 [0.000]
[kpt   2   5   9]    31.4942 [0.000]    32.5546 [0.000]    33.3570 [0.000]




KOHN SHAM EIGENVALUES [eV] AT K-POINT [  3]:       0.000000      0.000000      0.250000

[kpt   3   5   0]   -46.2605 [2.000]   -22.4950 [2.000]   -22.4681 [2.000]   -22.4681 [2.000]   -14.4256 [2.000]
[kpt   3   5   1]    -6.6109 [2.000]    -5.8490 [2.000]    -5.7717 [2.000]     0.4424 [2.000]     0.4424 [2.000]
[kpt   3   5   2]     0.5668 [2.000]     7.1457 [2.000]     7.8197 [2.000]     7.8198 [2.000]     8.7007 [2.000]
[kpt   3   5   3]     8.7008 [2.000]     8.7569 [2.000]     9.0709 [2.000]     9.8277 [2.000]     9.8277 [2.000]
[kpt   3   5   4]    12.2130 [0.000]    13.0893 [0.000]    13.0893 [0.000]    14.3444 [0.000]    15.5298 [0.000]
[kpt   3   5   5]    16.3549 [0.000]    16.4565 [0.000]    18.7272 [0.000]    19.0372 [0.000]    19.4414 [0.000]
[kpt   3   5   6]    19.4418 [0.000]    21.3322 [0.000]    21.5738 [0.000]    21.6686 [0.000]    21.7261 [0.000]
[kpt   3   5   7]    21.7567 [0.000]    21.7622 [0.000]    21.8123 [0.000]    25.4125 [0.000]    27.7114 [0.000]
[kpt   3   5   8]    28.1268 [0.000]    28.1290 [0.000]    30.1831 [0.000]    30.3267 [0.000]    30.3854 [0.000]
[kpt   3   5   9]    30.3925 [0.000]    32.3853 [0.000]    33.4693 [0.000]




KOHN SHAM EIGENVALUES [eV] AT K-POINT [  4]:       0.000000      0.000000      0.333333

[kpt   4   5   0]   -46.2602 [2.000]   -22.5079 [2.000]   -22.4676 [2.000]   -22.4676 [2.000]   -14.3963 [2.000]
[kpt   4   5   1]    -6.6809 [2.000]    -5.8408 [2.000]    -5.6793 [2.000]     0.4846 [2.000]     0.4846 [2.000]
[kpt   4   5   2]     0.6677 [2.000]     6.7334 [2.000]     7.6941 [2.000]     7.6941 [2.000]     8.5631 [2.000]
[kpt   4   5   3]     8.5631 [2.000]     8.5789 [2.000]     8.6936 [2.000]     9.7033 [2.000]     9.7034 [2.000]
[kpt   4   5   4]    12.2464 [0.000]    13.4868 [0.000]    13.4868 [0.000]    14.3455 [0.000]    15.9549 [0.000]
[kpt   4   5   5]    16.8588 [0.000]    17.0974 [0.000]    18.6404 [0.000]    19.7071 [0.000]    19.7079 [0.000]
[kpt   4   5   6]    19.8497 [0.000]    21.2461 [0.000]    21.4236 [0.000]    21.5012 [0.000]    21.7515 [0.000]
[kpt   4   5   7]    21.7665 [0.000]    21.8132 [0.000]    21.9027 [0.000]    25.1439 [0.000]    27.1106 [0.000]
[kpt   4   5   8]    28.3149 [0.000]    28.3237 [0.000]    29.7982 [0.000]    29.9296 [0.000]    29.9319 [0.000]
[kpt   4   5   9]    30.1659 [0.000]    31.2709 [0.000]    33.7911 [0.000]




KOHN SHAM EIGENVALUES [eV] AT K-POINT [  5]:       0.000000      0.000000      0.416667

[kpt   5   5   0]   -46.2601 [2.000]   -22.5173 [2.000]   -22.4673 [2.000]   -22.4673 [2.000]   -14.3745 [2.000]
[kpt   5   5   1]    -6.7399 [2.000]    -5.8349 [2.000]    -5.5997 [2.000]     0.5162 [2.000]     0.5162 [2.000]
[kpt   5   5   2]     0.7409 [2.000]     6.4376 [2.000]     7.5888 [2.000]     7.5888 [2.000]     8.4516 [2.000]
[kpt   5   5   3]     8.4567 [2.000]     8.4896 [2.000]     8.4896 [2.000]     9.6198 [2.000]     9.6198 [2.000]
[kpt   5   5   4]    12.2778 [0.000]    13.7640 [0.000]    13.7640 [0.000]    14.3464 [0.000]    16.2290 [0.000]
[kpt   5   5   5]    17.2534 [0.000]    17.6765 [0.000]    18.5794 [0.000]    19.8999 [0.000]    19.9000 [0.000]
[kpt   5   5   6]    20.5694 [0.000]    21.3454 [0.000]    21.6956 [0.000]    21.7409 [0.000]    21.7800 [0.000]
[kpt   5   5   7]    21.8730 [0.000]    22.0102 [0.000]    23.8646 [0.000]    24.2847 [0.000]    27.8509 [0.000]
[kpt   5   5   8]    28.5983 [0.000]    28.6042 [0.000]    29.4588 [0.000]    29.4649 [0.000]    30.9388 [0.000]
[kpt   5   5   9]    31.6125 [0.000]    33.8296 [0.000]    34.0470 [0.000]




KOHN SHAM EIGENVALUES [eV] AT K-POINT [  6]:       0.000000      0.000000      0.500000

[kpt   6   5   0]   -46.2600 [2.000]   -22.5207 [2.000]   -22.4671 [2.000]   -22.4671 [2.000]   -14.3665 [2.000]
[kpt   6   5   1]    -6.7625 [2.000]    -5.8327 [2.000]    -5.5685 [2.000]     0.5280 [2.000]     0.5280 [2.000]
[kpt   6   5   2]     0.7675 [2.000]     6.3306 [2.000]     7.5483 [2.000]     7.5483 [2.000]     8.3684 [2.000]
[kpt   6   5   3]     8.4135 [2.000]     8.4672 [2.000]     8.4672 [2.000]     9.5906 [2.000]     9.5906 [2.000]
[kpt   6   5   4]    12.2805 [0.000]    13.8635 [0.000]    13.8635 [0.000]    14.3467 [0.000]    16.3230 [0.000]
[kpt   6   5   5]    17.4058 [0.000]    17.9215 [0.000]    18.5539 [0.000]    19.9703 [0.000]    19.9703 [0.000]
[kpt   6   5   6]    20.4948 [0.000]    21.2214 [0.000]    21.4399 [0.000]    21.6600 [0.000]    21.6618 [0.000]
[kpt   6   5   7]    21.6801 [0.000]    21.6907 [0.000]    22.4610 [0.000]    23.4400 [0.000]    27.4467 [0.000]
[kpt   6   5   8]    28.8381 [0.000]    28.8404 [0.000]    29.1185 [0.000]    29.1185 [0.000]    29.4931 [0.000]
[kpt   6   5   9]    30.7360 [0.000]    31.7670 [0.000]    33.8426 [0.000]




KOHN SHAM EIGENVALUES [eV] AT K-POINT [  7]:       0.000000      0.083333      0.083333

[kpt   7   5   0]   -46.2608 [2.000]   -22.4726 [2.000]   -22.4724 [2.000]   -22.4688 [2.000]   -14.4680 [2.000]
[kpt   7   5   1]    -6.5421 [2.000]    -5.8616 [2.000]    -5.8593 [2.000]     0.3596 [2.000]     0.3826 [2.000]
[kpt   7   5   2]     0.4343 [2.000]     7.7978 [2.000]     7.9245 [2.000]     7.9604 [2.000]     8.9029 [2.000]
[kpt   7   5   3]     9.0067 [2.000]     9.1687 [2.000]     9.8214 [2.000]    10.0206 [2.000]    10.0363 [2.000]
[kpt   7   5   4]    12.2803 [0.000]    12.3243 [0.000]    12.4119 [0.000]    14.4430 [0.000]    14.6507 [0.000]
[kpt   7   5   5]    15.6481 [0.000]    15.6600 [0.000]    17.9634 [0.000]    18.9314 [0.000]    18.9732 [0.000]
[kpt   7   5   6]    19.0583 [0.000]    21.5345 [0.000]    21.6432 [0.000]    21.6904 [0.000]    21.7678 [0.000]
[kpt   7   5   7]    21.7824 [0.000]    21.7975 [0.000]    21.8341 [0.000]    25.3227 [0.000]    27.7835 [0.000]
[kpt   7   5   8]    27.9729 [0.000]    28.1410 [0.000]    30.6132 [0.000]    30.9548 [0.000]    31.2486 [0.000]
[kpt   7   5   9]    32.5459 [0.000]    32.8679 [0.000]    33.1119 [0.000]




KOHN SHAM EIGENVALUES [eV] AT K-POINT [  8]:       0.000000      0.083333      0.166667

[kpt   8   5   0]   -46.2607 [2.000]   -22.4819 [2.000]   -22.4721 [2.000]   -22.4685 [2.000]   -14.4475 [2.000]
[kpt   8   5   1]    -6.5517 [2.000]    -5.8547 [2.000]    -5.8394 [2.000]     0.3733 [2.000]     0.4125 [2.000]
[kpt   8   5   2]     0.5109 [2.000]     7.5135 [2.000]     7.8460 [2.000]     7.9104 [2.000]     8.6524 [2.000]
[kpt   8   5   3]     8.8241 [2.000]     9.1128 [2.000]     9.4550 [2.000]     9.9010 [2.000]     9.9013 [2.000]
[kpt   8   5   4]    12.3192 [0.000]    12.6638 [0.000]    12.7202 [0.000]    14.4805 [0.000]    15.0910 [0.000]
[kpt   8   5   5]    15.9783 [0.000]    16.0279 [0.000]    18.3608 [0.000]    18.8904 [0.000]    19.1632 [0.000]
[kpt   8   5   6]    19.2951 [0.000]    21.5193 [0.000]    21.5803 [0.000]    21.6847 [0.000]    21.7087 [0.000]
[kpt   8   5   7]    21.7351 [0.000]    21.7851 [0.000]    21.8219 [0.000]    25.4288 [0.000]    27.6050 [0.000]
[kpt   8   5   8]    28.0001 [0.000]    28.3237 [0.000]    30.1165 [0.000]    30.6530 [0.000]    31.1878 [0.000]
[kpt   8   5   9]    31.4255 [0.000]    32.4164 [0.000]    33.0176 [0.000]




KOHN SHAM EIGENVALUES [eV] AT K-POINT [  9]:       0.000000      0.083333      0.250000

[kpt   9   5   0]   -46.2604 [2.000]   -22.4948 [2.000]   -22.4716 [2.000]   -22.4680 [2.000]   -14.4193 [2.000]
[kpt   9   5   1]    -6.5920 [2.000]    -5.8453 [2.000]    -5.7799 [2.000]     0.4107 [2.000]     0.4542 [2.000]
[kpt   9   5   2]     0.5954 [2.000]     7.1120 [2.000]     7.7411 [2.000]     7.8184 [2.000]     8.3911 [2.000]
[kpt   9   5   3]     8.6329 [2.000]     8.9216 [2.000]     9.1498 [2.000]     9.7490 [2.000]     9.7587 [2.000]
[kpt   9   5   4]    12.3497 [0.000]    13.0946 [0.000]    13.1187 [0.000]    14.4873 [0.000]    15.6080 [0.000]
[kpt   9   5   5]    16.4402 [0.000]    16.5770 [0.000]    18.8141 [0.000]    18.9305 [0.000]    19.4388 [0.000]
[kpt   9   5   6]    19.6546 [0.000]    21.3500 [0.000]    21.4557 [0.000]    21.6407 [0.000]    21.7060 [0.000]
[kpt   9   5   7]    21.7576 [0.000]    21.7804 [0.000]    21.8297 [0.000]    25.4590 [0.000]    27.4226 [0.000]
[kpt   9   5   8]    28.0670 [0.000]    28.3423 [0.000]    29.6688 [0.000]    30.2207 [0.000]    30.3563 [0.000]
[kpt   9   5   9]    30.9098 [0.000]    32.0813 [0.000]    32.9786 [0.000]




KOHN SHAM EIGENVALUES [eV] AT K-POINT [ 10]:       0.000000      0.083333      0.333333

[kpt  10   5   0]   -46.2602 [2.000]   -22.5077 [2.000]   -22.4710 [2.000]   -22.4675 [2.000]   -14.3907 [2.000]
[kpt  10   5   1]    -6.6542 [2.000]    -5.8359 [2.000]    -5.6918 [2.000]     0.4575 [2.000]     0.4970 [2.000]
[kpt  10   5   2]     0.6693 [2.000]     6.7123 [2.000]     7.6310 [2.000]     7.6973 [2.000]     8.1419 [2.000]
[kpt  10   5   3]     8.4992 [2.000]     8.6789 [2.000]     9.0203 [2.000]     9.6162 [2.000]     9.6164 [2.000]
[kpt  10   5   4]    12.3805 [0.000]    13.4898 [0.000]    13.5000 [0.000]    14.4892 [0.000]    16.0376 [0.000]
[kpt  10   5   5]    16.9286 [0.000]    17.2154 [0.000]    18.7368 [0.000]    19.4316 [0.000]    19.7111 [0.000]
[kpt  10   5   6]    20.1310 [0.000]    21.2691 [0.000]    21.4130 [0.000]    21.5617 [0.000]    21.6939 [0.000]
[kpt  10   5   7]    21.7640 [0.000]    21.7878 [0.000]    21.8524 [0.000]    25.1688 [0.000]    27.0517 [0.000]
[kpt  10   5   8]    28.1637 [0.000]    28.1960 [0.000]    29.2954 [0.000]    29.7471 [0.000]    30.3360 [0.000]
[kpt  10   5   9]    30.5637 [0.000]    31.7824 [0.000]    32.9552 [0.000]




KOHN SHAM EIGENVALUES [eV] AT K-POINT [ 11]:       0.000000      0.083333      0.416667

[kpt  11   5   0]   -46.2600 [2.000]   -22.5170 [2.000]   -22.4707 [2.000]   -22.4671 [2.000]   -14.3694 [2.000]
[kpt  11   5   1]    -6.7085 [2.000]    -5.8290 [2.000]    -5.6144 [2.000]     0.4962 [2.000]     0.5291 [2.000]
[kpt  11   5   2]     0.7181 [2.000]     6.4227 [2.000]     7.5554 [2.000]     7.5934 [2.000]     7.9502 [2.000]
[kpt  11   5   3]     8.4297 [2.000]     8.5250 [2.000]     8.9691 [2.000]     9.5071 [2.000]     9.5275 [2.000]
[kpt  11   5   4]    12.4047 [0.000]    13.7658 [0.000]    13.7731 [0.000]    14.4889 [0.000]    16.3140 [0.000]
[kpt  11   5   5]    17.3187 [0.000]    17.7892 [0.000]    18.6809 [0.000]    19.6854 [0.000]    19.9077 [0.000]
[kpt  11   5   6]    20.3343 [0.000]    21.6387 [0.000]    21.7052 [0.000]    21.7250 [0.000]    21.7861 [0.000]
[kpt  11   5   7]    21.8320 [0.000]    22.1488 [0.000]    22.8763 [0.000]    24.2790 [0.000]    26.7316 [0.000]
[kpt  11   5   8]    28.3140 [0.000]    28.5461 [0.000]    29.2492 [0.000]    29.3474 [0.000]    30.9502 [0.000]
[kpt  11   5   9]    31.2477 [0.000]    33.1740 [0.000]    33.7536 [0.000]




KOHN SHAM EIGENVALUES [eV] AT K-POINT [ 12]:       0.000000      0.083333      0.500000

[kpt  12   5   0]   -46.2599 [2.000]   -22.5205 [2.000]   -22.4705 [2.000]   -22.4670 [2.000]   -14.3616 [2.000]
[kpt  12   5   1]    -6.7296 [2.000]    -5.8265 [2.000]    -5.5839 [2.000]     0.5112 [2.000]     0.5410 [2.000]
[kpt  12   5   2]     0.7349 [2.000]     6.3175 [2.000]     7.5310 [2.000]     7.5530 [2.000]     7.8767 [2.000]
[kpt  12   5   3]     8.4089 [2.000]     8.4737 [2.000]     8.9572 [2.000]     9.4652 [2.000]     9.4964 [2.000]
[kpt  12   5   4]    12.4166 [0.000]    13.8648 [0.000]    13.8726 [0.000]    14.4882 [0.000]    16.4094 [0.000]
[kpt  12   5   5]    17.4694 [0.000]    18.0420 [0.000]    18.6604 [0.000]    19.7564 [0.000]    19.9802 [0.000]
[kpt  12   5   6]    20.7790 [0.000]    21.3521 [0.000]    21.7080 [0.000]    21.7341 [0.000]    21.7746 [0.000]
[kpt  12   5   7]    21.8242 [0.000]    22.6211 [0.000]    23.4246 [0.000]    23.4764 [0.000]    28.0173 [0.000]
[kpt  12   5   8]    28.5499 [0.000]    28.8569 [0.000]    29.1297 [0.000]    29.2556 [0.000]    30.9244 [0.000]
[kpt  12   5   9]    31.9317 [0.000]    32.8818 [0.000]    34.8637 [0.000]




KOHN SHAM EIGENVALUES [eV] AT K-POINT [ 13]:       0.000000      0.166667      0.166667

[kpt  13   5   0]   -46.2605 [2.000]   -22.4818 [2.000]   -22.4812 [2.000]   -22.4681 [2.000]   -14.4284 [2.000]
[kpt  13   5   1]    -6.5380 [2.000]    -5.8512 [2.000]    -5.8291 [2.000]     0.3547 [2.000]     0.4435 [2.000]
[kpt  13   5   2]     0.5782 [2.000]     7.3294 [2.000]     7.6881 [2.000]     7.8788 [2.000]     8.3442 [2.000]
[kpt  13   5   3]     8.6487 [2.000]     9.1860 [2.000]     9.2030 [2.000]     9.7430 [2.000]     9.8272 [2.000]
[kpt  13   5   4]    12.6176 [0.000]    12.7321 [0.000]    12.9216 [0.000]    14.6676 [0.000]    15.4019 [0.000]
[kpt  13   5   5]    16.2635 [0.000]    16.3892 [0.000]    18.5464 [0.000]    19.0533 [0.000]    19.1830 [0.000]
[kpt  13   5   6]    19.6093 [0.000]    21.4426 [0.000]    21.5598 [0.000]    21.6219 [0.000]    21.6762 [0.000]
[kpt  13   5   7]    21.7474 [0.000]    21.7786 [0.000]    21.8198 [0.000]    25.5376 [0.000]    27.2504 [0.000]
[kpt  13   5   8]    27.9697 [0.000]    28.6323 [0.000]    29.6242 [0.000]    30.3029 [0.000]    30.9752 [0.000]
[kpt  13   5   9]    31.5006 [0.000]    31.9549 [0.000]    32.6068 [0.000]




KOHN SHAM EIGENVALUES [eV] AT K-POINT [ 14]:       0.000000      0.166667      0.250000

[kpt  14   5   0]   -46.2602 [2.000]   -22.4944 [2.000]   -22.4809 [2.000]   -22.4676 [2.000]   -14.4020 [2.000]
[kpt  14   5   1]    -6.5467 [2.000]    -5.8394 [2.000]    -5.7900 [2.000]     0.3666 [2.000]     0.4868 [2.000]
[kpt  14   5   2]     0.6304 [2.000]     7.0111 [2.000]     7.5371 [2.000]     7.8107 [2.000]     8.0184 [2.000]
[kpt  14   5   3]     8.4595 [2.000]     8.9185 [2.000]     9.2127 [2.000]     9.5650 [2.000]     9.7489 [2.000]
[kpt  14   5   4]    12.6867 [0.000]    13.1114 [0.000]    13.2300 [0.000]    14.7401 [0.000]    15.8796 [0.000]
[kpt  14   5   5]    16.6701 [0.000]    16.9305 [0.000]    18.8551 [0.000]    19.0462 [0.000]    19.4350 [0.000]
[kpt  14   5   6]    20.0277 [0.000]    21.3518 [0.000]    21.4275 [0.000]    21.5886 [0.000]    21.6019 [0.000]
[kpt  14   5   7]    21.7536 [0.000]    21.7871 [0.000]    21.8261 [0.000]    25.5978 [0.000]    26.9350 [0.000]
[kpt  14   5   8]    27.9068 [0.000]    28.6098 [0.000]    29.2095 [0.000]    29.8306 [0.000]    30.2093 [0.000]
[kpt  14   5   9]    31.5013 [0.000]    31.6884 [0.000]    32.2853 [0.000]




KOHN SHAM EIGENVALUES [eV] AT K-POINT [ 15]:       0.000000      0.166667      0.333333

[kpt  15   5   0]   -46.2600 [2.000]   -22.5071 [2.000]   -22.4803 [2.000]   -22.4671 [2.000]   -14.3752 [2.000]
[kpt  15   5   1]    -6.5826 [2.000]    -5.8250 [2.000]    -5.7208 [2.000]     0.4030 [2.000]     0.5312 [2.000]
[kpt  15   5   2]     0.6551 [2.000]     6.6561 [2.000]     7.4254 [2.000]     7.7057 [2.000]     7.7163 [2.000]
[kpt  15   5   3]     8.3304 [2.000]     8.7671 [2.000]     9.1995 [2.000]     9.4107 [2.000]     9.6321 [2.000]
[kpt  15   5   4]    12.7146 [0.000]    13.4984 [0.000]    13.5619 [0.000]    14.7643 [0.000]    16.3078 [0.000]
[kpt  15   5   5]    17.1160 [0.000]    17.5619 [0.000]    18.9989 [0.000]    19.1543 [0.000]    19.7219 [0.000]
[kpt  15   5   6]    20.4268 [0.000]    21.2790 [0.000]    21.3286 [0.000]    21.5838 [0.000]    21.6389 [0.000]
[kpt  15   5   7]    21.7537 [0.000]    21.7887 [0.000]    21.8692 [0.000]    25.2515 [0.000]    26.7932 [0.000]
[kpt  15   5   8]    27.8428 [0.000]    27.9687 [0.000]    28.9931 [0.000]    29.3173 [0.000]    30.3490 [0.000]
[kpt  15   5   9]    31.3136 [0.000]    31.5605 [0.000]    32.0234 [0.000]




KOHN SHAM EIGENVALUES [eV] AT K-POINT [ 16]:       0.000000      0.166667      0.416667

[kpt  16   5   0]   -46.2598 [2.000]   -22.5165 [2.000]   -22.4799 [2.000]   -22.4668 [2.000]   -14.3554 [2.000]
[kpt  16   5   1]    -6.6212 [2.000]    -5.8146 [2.000]    -5.6536 [2.000]     0.4465 [2.000]     0.5646 [2.000]
[kpt  16   5   2]     0.6543 [2.000]     6.3852 [2.000]     7.3683 [2.000]     7.5019 [2.000]     7.6068 [2.000]
[kpt  16   5   3]     8.2696 [2.000]     8.6921 [2.000]     9.2185 [2.000]     9.3070 [2.000]     9.5012 [2.000]
[kpt  16   5   4]    12.7339 [0.000]    13.7706 [0.000]    13.8164 [0.000]    14.7716 [0.000]    16.5873 [0.000]
[kpt  16   5   5]    17.4905 [0.000]    18.1372 [0.000]    18.9619 [0.000]    19.2957 [0.000]    19.9295 [0.000]
[kpt  16   5   6]    20.4363 [0.000]    21.3270 [0.000]    21.4033 [0.000]    21.6152 [0.000]    21.7809 [0.000]
[kpt  16   5   7]    21.8034 [0.000]    21.9212 [0.000]    22.0569 [0.000]    24.3104 [0.000]    26.7348 [0.000]
[kpt  16   5   8]    27.7009 [0.000]    27.8864 [0.000]    28.8354 [0.000]    28.9080 [0.000]    30.7807 [0.000]
[kpt  16   5   9]    31.1519 [0.000]    31.4413 [0.000]    32.1841 [0.000]




KOHN SHAM EIGENVALUES [eV] AT K-POINT [ 17]:       0.000000      0.166667      0.500000

[kpt  17   5   0]   -46.2598 [2.000]   -22.5199 [2.000]   -22.4798 [2.000]   -22.4667 [2.000]   -14.3481 [2.000]
[kpt  17   5   1]    -6.6373 [2.000]    -5.8109 [2.000]    -5.6262 [2.000]     0.4679 [2.000]     0.5769 [2.000]
[kpt  17   5   2]     0.6481 [2.000]     6.2847 [2.000]     7.3652 [2.000]     7.4121 [2.000]     7.5671 [2.000]
[kpt  17   5   3]     8.2529 [2.000]     8.6671 [2.000]     9.2522 [2.000]     9.2706 [2.000]     9.4260 [2.000]
[kpt  17   5   4]    12.7409 [0.000]    13.8686 [0.000]    13.9120 [0.000]    14.7728 [0.000]    16.6837 [0.000]
[kpt  17   5   5]    17.6460 [0.000]    18.3978 [0.000]    18.9480 [0.000]    19.3215 [0.000]    20.0047 [0.000]
[kpt  17   5   6]    20.6924 [0.000]    21.3698 [0.000]    21.4602 [0.000]    21.6593 [0.000]    21.8293 [0.000]
[kpt  17   5   7]    21.8883 [0.000]    21.9183 [0.000]    22.8454 [0.000]    23.4010 [0.000]    27.4808 [0.000]
[kpt  17   5   8]    27.7896 [0.000]    28.0151 [0.000]    28.8517 [0.000]    28.9910 [0.000]    31.0329 [0.000]
[kpt  17   5   9]    31.1661 [0.000]    31.3160 [0.000]    32.9850 [0.000]




KOHN SHAM EIGENVALUES [eV] AT K-POINT [ 18]:       0.000000      0.250000      0.250000

[kpt  18   5   0]   -46.2600 [2.000]   -22.4941 [2.000]   -22.4933 [2.000]   -22.4671 [2.000]   -14.3781 [2.000]
[kpt  18   5   1]    -6.5045 [2.000]    -5.8362 [2.000]    -5.7757 [2.000]     0.3461 [2.000]     0.5323 [2.000]
[kpt  18   5   2]     0.6366 [2.000]     6.8305 [2.000]     7.2984 [2.000]     7.6351 [2.000]     7.7833 [2.000]
[kpt  18   5   3]     8.2578 [2.000]     8.8152 [2.000]     9.2681 [2.000]     9.3568 [2.000]     9.8091 [2.000]
[kpt  18   5   4]    13.0489 [0.000]    13.1833 [0.000]    13.4383 [0.000]    14.8959 [0.000]    16.3146 [0.000]
[kpt  18   5   5]    17.0011 [0.000]    17.4670 [0.000]    18.8919 [0.000]    19.3008 [0.000]    19.4910 [0.000]
[kpt  18   5   6]    20.4018 [0.000]    21.2693 [0.000]    21.4233 [0.000]    21.4658 [0.000]    21.6926 [0.000]
[kpt  18   5   7]    21.7876 [0.000]    21.8244 [0.000]    21.8495 [0.000]    25.7606 [0.000]    26.3984 [0.000]
[kpt  18   5   8]    27.6784 [0.000]    28.6788 [0.000]    28.9675 [0.000]    29.3432 [0.000]    29.4399 [0.000]
[kpt  18   5   9]    31.6425 [0.000]    31.9079 [0.000]    32.0754 [0.000]




KOHN SHAM EIGENVALUES [eV] AT K-POINT [ 19]:       0.000000      0.250000      0.333333

[kpt  19   5   0]   -46.2598 [2.000]   -22.5064 [2.000]   -22.4930 [2.000]   -22.4667 [2.000]   -14.3540 [2.000]
[kpt  19   5   1]    -6.4902 [2.000]    -5.8205 [2.000]    -5.7413 [2.000]     0.3564 [2.000]     0.5792 [2.000]
[kpt  19   5   2]     0.6102 [2.000]     6.5694 [2.000]     7.1248 [2.000]     7.3074 [2.000]     7.7147 [2.000]
[kpt  19   5   3]     8.1158 [2.000]     8.8103 [2.000]     9.1757 [2.000]     9.2722 [2.000]     9.8249 [2.000]
[kpt  19   5   4]    13.1226 [0.000]    13.5121 [0.000]    13.6979 [0.000]    14.9637 [0.000]    16.7384 [0.000]
[kpt  19   5   5]    17.3812 [0.000]    18.0986 [0.000]    18.9512 [0.000]    19.3520 [0.000]    19.7474 [0.000]
[kpt  19   5   6]    20.6839 [0.000]    21.2035 [0.000]    21.2882 [0.000]    21.4136 [0.000]    21.8006 [0.000]
[kpt  19   5   7]    21.8432 [0.000]    21.8904 [0.000]    21.9487 [0.000]    25.3859 [0.000]    26.2865 [0.000]
[kpt  19   5   8]    27.4348 [0.000]    27.9259 [0.000]    28.8234 [0.000]    28.8667 [0.000]    29.3148 [0.000]
[kpt  19   5   9]    31.8182 [0.000]    31.9876 [0.000]    32.0501 [0.000]




KOHN SHAM EIGENVALUES [eV] AT K-POINT [ 20]:       0.000000      0.250000      0.416667

[kpt  20   5   0]   -46.2596 [2.000]   -22.5157 [2.000]   -22.4925 [2.000]   -22.4663 [2.000]   -14.3361 [2.000]
[kpt  20   5   1]    -6.4975 [2.000]    -5.8018 [2.000]    -5.7023 [2.000]     0.3897 [2.000]     0.5642 [2.000]
[kpt  20   5   2]     0.6143 [2.000]     6.3333 [2.000]     6.9868 [2.000]     7.1493 [2.000]     7.6277 [2.000]
[kpt  20   5   3]     8.0588 [2.000]     8.8774 [2.000]     9.0534 [2.000]     9.2264 [2.000]     9.8058 [2.000]
[kpt  20   5   4]    13.1405 [0.000]    13.7776 [0.000]    13.9159 [0.000]    14.9903 [0.000]    17.0235 [0.000]
[kpt  20   5   5]    17.7346 [0.000]    18.6860 [0.000]    18.9217 [0.000]    19.3512 [0.000]    19.9677 [0.000]
[kpt  20   5   6]    20.6137 [0.000]    21.2057 [0.000]    21.3716 [0.000]    21.4416 [0.000]    21.8237 [0.000]
[kpt  20   5   7]    21.8803 [0.000]    22.1086 [0.000]    22.3959 [0.000]    24.3800 [0.000]    26.6011 [0.000]
[kpt  20   5   8]    27.2284 [0.000]    27.4200 [0.000]    28.4243 [0.000]    28.8370 [0.000]    29.5010 [0.000]
[kpt  20   5   9]    31.5495 [0.000]    31.9640 [0.000]    32.6879 [0.000]




KOHN SHAM EIGENVALUES [eV] AT K-POINT [ 21]:       0.000000      0.250000      0.500000

[kpt  21   5   0]   -46.2595 [2.000]   -22.5191 [2.000]   -22.4924 [2.000]   -22.4662 [2.000]   -14.3295 [2.000]
[kpt  21   5   1]    -6.5035 [2.000]    -5.7944 [2.000]    -5.6845 [2.000]     0.4146 [2.000]     0.5345 [2.000]
[kpt  21   5   2]     0.6274 [2.000]     6.2404 [2.000]     6.9239 [2.000]     7.1161 [2.000]     7.5894 [2.000]
[kpt  21   5   3]     8.0464 [2.000]     8.9252 [2.000]     9.0101 [2.000]     9.1894 [2.000]     9.7929 [2.000]
[kpt  21   5   4]    13.1460 [0.000]    13.8740 [0.000]    14.0013 [0.000]    14.9970 [0.000]    17.1222 [0.000]
[kpt  21   5   5]    17.9008 [0.000]    18.8702 [0.000]    18.9649 [0.000]    19.3491 [0.000]    20.0463 [0.000]
[kpt  21   5   6]    20.4636 [0.000]    21.1664 [0.000]    21.4031 [0.000]    21.7625 [0.000]    21.8449 [0.000]
[kpt  21   5   7]    21.9318 [0.000]    21.9923 [0.000]    23.1947 [0.000]    23.3902 [0.000]    26.8951 [0.000]
[kpt  21   5   8]    26.9673 [0.000]    27.2515 [0.000]    28.2910 [0.000]    28.8537 [0.000]    29.6121 [0.000]
[kpt  21   5   9]    31.6603 [0.000]    31.9270 [0.000]    33.5205 [0.000]




KOHN SHAM EIGENVALUES [eV] AT K-POINT [ 22]:       0.000000      0.333333      0.333333

[kpt  22   5   0]   -46.2595 [2.000]   -22.5059 [2.000]   -22.5054 [2.000]   -22.4662 [2.000]   -14.3325 [2.000]
[kpt  22   5   1]    -6.4112 [2.000]    -5.8199 [2.000]    -5.7408 [2.000]     0.3361 [2.000]     0.5423 [2.000]
[kpt  22   5   2]     0.6285 [2.000]     6.4289 [2.000]     6.8881 [2.000]     6.9273 [2.000]     7.7061 [2.000]
[kpt  22   5   3]     7.9333 [2.000]     8.9114 [2.000]     8.9706 [2.000]     9.3385 [2.000]     9.9606 [2.000]
[kpt  22   5   4]    13.4669 [0.000]    13.5598 [0.000]    13.8888 [0.000]    15.0626 [0.000]    17.1782 [0.000]
[kpt  22   5   5]    17.6842 [0.000]    18.7322 [0.000]    18.7943 [0.000]    19.6551 [0.000]    19.8251 [0.000]
[kpt  22   5   6]    20.7782 [0.000]    21.0428 [0.000]    21.0977 [0.000]    21.1806 [0.000]    21.6886 [0.000]
[kpt  22   5   7]    21.7392 [0.000]    21.7600 [0.000]    22.1439 [0.000]    25.3412 [0.000]    25.7163 [0.000]
[kpt  22   5   8]    27.0199 [0.000]    27.7728 [0.000]    28.1483 [0.000]    28.3974 [0.000]    28.7968 [0.000]
[kpt  22   5   9]    31.6128 [0.000]    32.4085 [0.000]    32.5009 [0.000]




KOHN SHAM EIGENVALUES [eV] AT K-POINT [ 23]:       0.000000      0.333333      0.416667

[kpt  23   5   0]   -46.2594 [2.000]   -22.5149 [2.000]   -22.5051 [2.000]   -22.4658 [2.000]   -14.3166 [2.000]
[kpt  23   5   1]    -6.3682 [2.000]    -5.8030 [2.000]    -5.7394 [2.000]     0.3462 [2.000]     0.4702 [2.000]
[kpt  23   5   2]     0.6656 [2.000]     6.2554 [2.000]     6.6678 [2.000]     6.7908 [2.000]     7.6520 [2.000]
[kpt  23   5   3]     7.8568 [2.000]     8.8314 [2.000]     9.0638 [2.000]     9.3299 [2.000]    10.0229 [2.000]
[kpt  23   5   4]    13.5181 [0.000]    13.7852 [0.000]    14.0628 [0.000]    15.1039 [0.000]    17.4839 [0.000]
[kpt  23   5   5]    17.9939 [0.000]    18.6266 [0.000]    19.3533 [0.000]    19.7454 [0.000]    20.0221 [0.000]
[kpt  23   5   6]    20.7274 [0.000]    21.0908 [0.000]    21.1745 [0.000]    21.3828 [0.000]    21.8402 [0.000]
[kpt  23   5   7]    22.0197 [0.000]    22.0370 [0.000]    22.7104 [0.000]    24.4625 [0.000]    25.8477 [0.000]
[kpt  23   5   8]    26.9249 [0.000]    27.3416 [0.000]    28.0409 [0.000]    28.2850 [0.000]    28.8320 [0.000]
[kpt  23   5   9]    31.5135 [0.000]    32.6188 [0.000]    33.2401 [0.000]




KOHN SHAM EIGENVALUES [eV] AT K-POINT [ 24]:       0.000000      0.333333      0.500000

[kpt  24   5   0]   -46.2593 [2.000]   -22.5182 [2.000]   -22.5049 [2.000]   -22.4657 [2.000]   -14.3107 [2.000]
[kpt  24   5   1]    -6.3567 [2.000]    -5.7876 [2.000]    -5.7434 [2.000]     0.3673 [2.000]     0.4269 [2.000]
[kpt  24   5   2]     0.6794 [2.000]     6.1758 [2.000]     6.5847 [2.000]     6.7647 [2.000]     7.6166 [2.000]
[kpt  24   5   3]     7.8464 [2.000]     8.7819 [2.000]     9.1764 [2.000]     9.2719 [2.000]    10.0391 [2.000]
[kpt  24   5   4]    13.5231 [0.000]    13.8796 [0.000]    14.1337 [0.000]    15.1148 [0.000]    17.5905 [0.000]
[kpt  24   5   5]    18.1868 [0.000]    18.4901 [0.000]    19.6733 [0.000]    19.7644 [0.000]    20.1058 [0.000]
[kpt  24   5   6]    20.5828 [0.000]    21.0760 [0.000]    21.2554 [0.000]    21.6380 [0.000]    21.7931 [0.000]
[kpt  24   5   7]    22.0387 [0.000]    22.1726 [0.000]    23.4139 [0.000]    23.5277 [0.000]    25.9461 [0.000]
[kpt  24   5   8]    26.8577 [0.000]    27.2826 [0.000]    28.0177 [0.000]    28.4448 [0.000]    28.8546 [0.000]
[kpt  24   5   9]    31.4662 [0.000]    32.7054 [0.000]    33.8534 [0.000]




KOHN SHAM EIGENVALUES [eV] AT K-POINT [ 25]:       0.000000      0.416667      0.416667

[kpt  25   5   0]   -46.2592 [2.000]   -22.5144 [2.000]   -22.5142 [2.000]   -22.4655 [2.000]   -14.3021 [2.000]
[kpt  25   5   1]    -6.2706 [2.000]    -5.8074 [2.000]    -5.7640 [2.000]     0.3284 [2.000]     0.3933 [2.000]
[kpt  25   5   2]     0.7041 [2.000]     6.1409 [2.000]     6.4506 [2.000]     6.5910 [2.000]     7.6634 [2.000]
[kpt  25   5   3]     7.7239 [2.000]     8.6804 [2.000]     9.2420 [2.000]     9.3972 [2.000]    10.1380 [2.000]
[kpt  25   5   4]    13.7726 [0.000]    13.8022 [0.000]    14.2015 [0.000]    15.1512 [0.000]    17.8168 [0.000]
[kpt  25   5   5]    18.1904 [0.000]    18.4620 [0.000]    19.9829 [0.000]    20.0179 [0.000]    20.0962 [0.000]
[kpt  25   5   6]    20.8036 [0.000]    20.9573 [0.000]    21.0532 [0.000]    21.4400 [0.000]    21.8831 [0.000]
[kpt  25   5   7]    22.0947 [0.000]    22.1606 [0.000]    23.0751 [0.000]    24.3523 [0.000]    25.1039 [0.000]
[kpt  25   5   8]    26.6539 [0.000]    27.4904 [0.000]    27.5574 [0.000]    27.9698 [0.000]    28.8216 [0.000]
[kpt  25   5   9]    31.3806 [0.000]    33.0219 [0.000]    33.5456 [0.000]




KOHN SHAM EIGENVALUES [eV] AT K-POINT [ 26]:       0.000000      0.416667      0.500000

[kpt  26   5   0]   -46.2591 [2.000]   -22.5176 [2.000]   -22.5141 [2.000]   -22.4654 [2.000]   -14.2968 [2.000]
[kpt  26   5   1]    -6.2348 [2.000]    -5.7949 [2.000]    -5.7867 [2.000]     0.3362 [2.000]     0.3521 [2.000]
[kpt  26   5   2]     0.7185 [2.000]     6.0779 [2.000]     6.3710 [2.000]     6.5440 [2.000]     7.6413 [2.000]
[kpt  26   5   3]     7.7035 [2.000]     8.6265 [2.000]     9.3560 [2.000]     9.3768 [2.000]    10.1726 [2.000]
[kpt  26   5   4]    13.7906 [0.000]    13.8837 [0.000]    14.2593 [0.000]    15.1635 [0.000]    17.9349 [0.000]
[kpt  26   5   5]    18.2424 [0.000]    18.4337 [0.000]    20.0787 [0.000]    20.1682 [0.000]    20.3544 [0.000]
[kpt  26   5   6]    20.6093 [0.000]    21.0930 [0.000]    21.3425 [0.000]    21.5166 [0.000]    21.7185 [0.000]
[kpt  26   5   7]    22.1755 [0.000]    23.0607 [0.000]    23.5607 [0.000]    23.7535 [0.000]    24.9391 [0.000]
[kpt  26   5   8]    27.1293 [0.000]    27.6419 [0.000]    27.6769 [0.000]    28.4570 [0.000]    30.1053 [0.000]
[kpt  26   5   9]    31.3898 [0.000]    33.4160 [0.000]    33.9930 [0.000]




KOHN SHAM EIGENVALUES [eV] AT K-POINT [ 27]:       0.000000      0.500000      0.500000

[kpt  27   5   0]   -46.2591 [2.000]   -22.5174 [2.000]   -22.5174 [2.000]   -22.4653 [2.000]   -14.2917 [2.000]
[kpt  27   5   1]    -6.1846 [2.000]    -5.8026 [2.000]    -5.8026 [2.000]     0.3256 [2.000]     0.3256 [2.000]
[kpt  27   5   2]     0.7331 [2.000]     6.0207 [2.000]     6.2981 [2.000]     6.4840 [2.000]     7.6518 [2.000]
[kpt  27   5   3]     7.6518 [2.000]     8.5710 [2.000]     9.4209 [2.000]     9.4209 [2.000]    10.2138 [2.000]
[kpt  27   5   4]    13.8852 [0.000]    13.8854 [0.000]    14.3116 [0.000]    15.1760 [0.000]    18.0596 [0.000]
[kpt  27   5   5]    18.1571 [0.000]    18.5376 [0.000]    20.1962 [0.000]    20.1965 [0.000]    20.5908 [0.000]
[kpt  27   5   6]    20.6826 [0.000]    21.2050 [0.000]    21.2564 [0.000]    21.5178 [0.000]    21.6889 [0.000]
[kpt  27   5   7]    22.3683 [0.000]    22.5296 [0.000]    23.8353 [0.000]    23.8866 [0.000]    24.2742 [0.000]
[kpt  27   5   8]    26.8623 [0.000]    27.5601 [0.000]    27.5951 [0.000]    28.5432 [0.000]    29.6705 [0.000]
[kpt  27   5   9]    31.2646 [0.000]    33.4161 [0.000]    33.4298 [0.000]




KOHN SHAM EIGENVALUES [eV] AT K-POINT [ 28]:       0.083333      0.083333      0.083333

[kpt  28   5   0]   -46.2608 [2.000]   -22.4725 [2.000]   -22.4722 [2.000]   -22.4722 [2.000]   -14.4607 [2.000]
[kpt  28   5   1]    -6.5384 [2.000]    -5.8588 [2.000]    -5.8588 [2.000]     0.3663 [2.000]     0.3663 [2.000]
[kpt  28   5   2]     0.4824 [2.000]     7.7175 [2.000]     7.9104 [2.000]     7.9104 [2.000]     8.8424 [2.000]
[kpt  28   5   3]     8.8425 [2.000]     9.2298 [2.000]     9.6753 [2.000]     9.9735 [2.000]     9.9735 [2.000]
[kpt  28   5   4]    12.3864 [0.000]    12.4364 [0.000]    12.4364 [0.000]    14.6508 [0.000]    14.6508 [0.000]
[kpt  28   5   5]    15.7739 [0.000]    15.7739 [0.000]    18.0659 [0.000]    19.0413 [0.000]    19.0413 [0.000]
[kpt  28   5   6]    19.0450 [0.000]    21.6007 [0.000]    21.6590 [0.000]    21.6661 [0.000]    21.7665 [0.000]
[kpt  28   5   7]    21.7851 [0.000]    21.7937 [0.000]    21.8153 [0.000]    25.3674 [0.000]    27.7941 [0.000]
[kpt  28   5   8]    27.8006 [0.000]    28.3072 [0.000]    30.3151 [0.000]    31.1342 [0.000]    31.1351 [0.000]
[kpt  28   5   9]    32.4842 [0.000]    32.4924 [0.000]    33.0427 [0.000]




KOHN SHAM EIGENVALUES [eV] AT K-POINT [ 29]:       0.083333      0.083333      0.166667

[kpt  29   5   0]   -46.2606 [2.000]   -22.4818 [2.000]   -22.4720 [2.000]   -22.4719 [2.000]   -14.4407 [2.000]
[kpt  29   5   1]    -6.5410 [2.000]    -5.8513 [2.000]    -5.8426 [2.000]     0.3726 [2.000]     0.3847 [2.000]
[kpt  29   5   2]     0.5628 [2.000]     7.4547 [2.000]     7.8142 [2.000]     7.8644 [2.000]     8.5922 [2.000]
[kpt  29   5   3]     8.6713 [2.000]     9.2174 [2.000]     9.3377 [2.000]     9.8479 [2.000]     9.8546 [2.000]
[kpt  29   5   4]    12.4358 [0.000]    12.7275 [0.000]    12.7337 [0.000]    14.6506 [0.000]    15.1342 [0.000]
[kpt  29   5   5]    16.0874 [0.000]    16.1344 [0.000]    18.3638 [0.000]    19.0037 [0.000]    19.2204 [0.000]
[kpt  29   5   6]    19.3550 [0.000]    21.4342 [0.000]    21.5498 [0.000]    21.6673 [0.000]    21.7019 [0.000]
[kpt  29   5   7]    21.7323 [0.000]    21.7891 [0.000]    21.7958 [0.000]    25.4630 [0.000]    27.5427 [0.000]
[kpt  29   5   8]    27.8676 [0.000]    28.4813 [0.000]    29.7484 [0.000]    30.8301 [0.000]    31.1387 [0.000]
[kpt  29   5   9]    31.3907 [0.000]    32.2678 [0.000]    32.8337 [0.000]




KOHN SHAM EIGENVALUES [eV] AT K-POINT [ 30]:       0.083333      0.083333      0.250000

[kpt  30   5   0]   -46.2604 [2.000]   -22.4947 [2.000]   -22.4715 [2.000]   -22.4713 [2.000]   -14.4131 [2.000]
[kpt  30   5   1]    -6.5723 [2.000]    -5.8409 [2.000]    -5.7877 [2.000]     0.4101 [2.000]     0.4140 [2.000]
[kpt  30   5   2]     0.6383 [2.000]     7.0757 [2.000]     7.6914 [2.000]     7.7817 [2.000]     8.3772 [2.000]
[kpt  30   5   3]     8.4023 [2.000]     9.0634 [2.000]     9.1195 [2.000]     9.6932 [2.000]     9.7090 [2.000]
[kpt  30   5   4]    12.4674 [0.000]    13.1237 [0.000]    13.1299 [0.000]    14.6499 [0.000]    15.6657 [0.000]
[kpt  30   5   5]    16.5285 [0.000]    16.6767 [0.000]    18.7450 [0.000]    19.0168 [0.000]    19.4436 [0.000]
[kpt  30   5   6]    19.8137 [0.000]    21.3523 [0.000]    21.4470 [0.000]    21.5978 [0.000]    21.7059 [0.000]
[kpt  30   5   7]    21.7308 [0.000]    21.7989 [0.000]    21.8103 [0.000]    25.5053 [0.000]    27.2873 [0.000]
[kpt  30   5   8]    28.0029 [0.000]    28.4119 [0.000]    29.3058 [0.000]    30.3567 [0.000]    30.4095 [0.000]
[kpt  30   5   9]    30.9903 [0.000]    31.8882 [0.000]    32.6238 [0.000]




KOHN SHAM EIGENVALUES [eV] AT K-POINT [ 31]:       0.083333      0.083333      0.333333

[kpt  31   5   0]   -46.2601 [2.000]   -22.5075 [2.000]   -22.4710 [2.000]   -22.4708 [2.000]   -14.3851 [2.000]
[kpt  31   5   1]    -6.6272 [2.000]    -5.8304 [2.000]    -5.7030 [2.000]     0.4357 [2.000]     0.4791 [2.000]
[kpt  31   5   2]     0.6882 [2.000]     6.6913 [2.000]     7.5754 [2.000]     7.6782 [2.000]     8.0905 [2.000]
[kpt  31   5   3]     8.2314 [2.000]     8.9636 [2.000]     9.0003 [2.000]     9.5237 [2.000]     9.5770 [2.000]
[kpt  31   5   4]    12.4982 [0.000]    13.5017 [0.000]    13.5101 [0.000]    14.6479 [0.000]    16.1039 [0.000]
[kpt  31   5   5]    17.0003 [0.000]    17.3077 [0.000]    18.8113 [0.000]    19.3591 [0.000]    19.6268 [0.000]
[kpt  31   5   6]    20.3066 [0.000]    21.2596 [0.000]    21.4312 [0.000]    21.5981 [0.000]    21.7136 [0.000]
[kpt  31   5   7]    21.7261 [0.000]    21.7741 [0.000]    21.8568 [0.000]    25.1969 [0.000]    26.9898 [0.000]
[kpt  31   5   8]    27.9823 [0.000]    28.2507 [0.000]    28.8867 [0.000]    29.9305 [0.000]    30.3418 [0.000]
[kpt  31   5   9]    30.7948 [0.000]    31.6995 [0.000]    32.6838 [0.000]




KOHN SHAM EIGENVALUES [eV] AT K-POINT [ 32]:       0.083333      0.083333      0.416667

[kpt  32   5   0]   -46.2599 [2.000]   -22.5168 [2.000]   -22.4706 [2.000]   -22.4705 [2.000]   -14.3644 [2.000]
[kpt  32   5   1]    -6.6770 [2.000]    -5.8228 [2.000]    -5.6274 [2.000]     0.4546 [2.000]     0.5462 [2.000]
[kpt  32   5   2]     0.7041 [2.000]     6.4087 [2.000]     7.5164 [2.000]     7.5946 [2.000]     7.8377 [2.000]
[kpt  32   5   3]     8.1479 [2.000]     8.9129 [2.000]     8.9726 [2.000]     9.3706 [2.000]     9.4864 [2.000]
[kpt  32   5   4]    12.5207 [0.000]    13.7750 [0.000]    13.7800 [0.000]    14.6447 [0.000]    16.3848 [0.000]
[kpt  32   5   5]    17.3834 [0.000]    17.8688 [0.000]    18.7925 [0.000]    19.6694 [0.000]    19.7136 [0.000]
[kpt  32   5   6]    20.4057 [0.000]    21.3785 [0.000]    21.4300 [0.000]    21.7034 [0.000]    21.7878 [0.000]
[kpt  32   5   7]    21.8253 [0.000]    21.9071 [0.000]    21.9802 [0.000]    24.2931 [0.000]    26.7496 [0.000]
[kpt  32   5   8]    27.9342 [0.000]    28.5575 [0.000]    28.5944 [0.000]    29.4988 [0.000]    30.4172 [0.000]
[kpt  32   5   9]    31.1332 [0.000]    31.3151 [0.000]    33.8277 [0.000]




KOHN SHAM EIGENVALUES [eV] AT K-POINT [ 33]:       0.083333      0.083333      0.500000

[kpt  33   5   0]   -46.2599 [2.000]   -22.5203 [2.000]   -22.4704 [2.000]   -22.4703 [2.000]   -14.3567 [2.000]
[kpt  33   5   1]    -6.6967 [2.000]    -5.8200 [2.000]    -5.5974 [2.000]     0.4616 [2.000]     0.5790 [2.000]
[kpt  33   5   2]     0.7013 [2.000]     6.3054 [2.000]     7.5132 [2.000]     7.5633 [2.000]     7.7293 [2.000]
[kpt  33   5   3]     8.1198 [2.000]     8.8819 [2.000]     8.9990 [2.000]     9.2979 [2.000]     9.4542 [2.000]
[kpt  33   5   4]    12.5290 [0.000]    13.8750 [0.000]    13.8775 [0.000]    14.6427 [0.000]    16.4815 [0.000]
[kpt  33   5   5]    17.5353 [0.000]    18.1073 [0.000]    18.7956 [0.000]    19.7288 [0.000]    19.7929 [0.000]
[kpt  33   5   6]    20.8499 [0.000]    21.3957 [0.000]    21.4162 [0.000]    21.7282 [0.000]    21.8001 [0.000]
[kpt  33   5   7]    21.8298 [0.000]    22.0536 [0.000]    22.7465 [0.000]    23.4209 [0.000]    27.9438 [0.000]
[kpt  33   5   8]    28.2702 [0.000]    28.3875 [0.000]    29.0103 [0.000]    29.0548 [0.000]    30.5622 [0.000]
[kpt  33   5   9]    30.9844 [0.000]    32.0747 [0.000]    34.4199 [0.000]




KOHN SHAM EIGENVALUES [eV] AT K-POINT [ 34]:       0.083333      0.166667      0.166667

[kpt  34   5   0]   -46.2604 [2.000]   -22.4816 [2.000]   -22.4811 [2.000]   -22.4716 [2.000]   -14.4220 [2.000]
[kpt  34   5   1]    -6.5225 [2.000]    -5.8469 [2.000]    -5.8335 [2.000]     0.3506 [2.000]     0.3926 [2.000]
[kpt  34   5   2]     0.6402 [2.000]     7.2667 [2.000]     7.6803 [2.000]     7.8106 [2.000]     8.3470 [2.000]
[kpt  34   5   3]     8.5190 [2.000]     9.0455 [2.000]     9.2981 [2.000]     9.7173 [2.000]     9.7887 [2.000]
[kpt  34   5   4]    12.7016 [0.000]    12.7953 [0.000]    12.9342 [0.000]    14.8843 [0.000]    15.4011 [0.000]
[kpt  34   5   5]    16.3696 [0.000]    16.4651 [0.000]    18.4615 [0.000]    19.2121 [0.000]    19.2314 [0.000]
[kpt  34   5   6]    19.6901 [0.000]    21.4255 [0.000]    21.5462 [0.000]    21.6163 [0.000]    21.6700 [0.000]
[kpt  34   5   7]    21.7369 [0.000]    21.7796 [0.000]    21.8091 [0.000]    25.5633 [0.000]    27.2897 [0.000]
[kpt  34   5   8]    27.8008 [0.000]    28.6882 [0.000]    29.3135 [0.000]    30.6002 [0.000]    30.9118 [0.000]
[kpt  34   5   9]    31.3931 [0.000]    31.7269 [0.000]    32.5558 [0.000]




KOHN SHAM EIGENVALUES [eV] AT K-POINT [ 35]:       0.083333      0.166667      0.250000

[kpt  35   5   0]   -46.2602 [2.000]   -22.4942 [2.000]   -22.4808 [2.000]   -22.4710 [2.000]   -14.3961 [2.000]
[kpt  35   5   1]    -6.5246 [2.000]    -5.8335 [2.000]    -5.7968 [2.000]     0.3558 [2.000]     0.4161 [2.000]
[kpt  35   5   2]     0.6950 [2.000]     6.9686 [2.000]     7.5144 [2.000]     7.7295 [2.000]     8.0706 [2.000]
[kpt  35   5   3]     8.3283 [2.000]     8.8364 [2.000]     9.2851 [2.000]     9.5519 [2.000]     9.7124 [2.000]
[kpt  35   5   4]    12.7691 [0.000]    13.1501 [0.000]    13.2430 [0.000]    14.9465 [0.000]    15.8934 [0.000]
[kpt  35   5   5]    16.7595 [0.000]    16.9864 [0.000]    18.6932 [0.000]    19.2059 [0.000]    19.4387 [0.000]
[kpt  35   5   6]    20.1764 [0.000]    21.3037 [0.000]    21.5156 [0.000]    21.5944 [0.000]    21.6445 [0.000]
[kpt  35   5   7]    21.7510 [0.000]    21.7687 [0.000]    21.7969 [0.000]    25.6355 [0.000]    26.9450 [0.000]
[kpt  35   5   8]    27.8478 [0.000]    28.5140 [0.000]    28.9498 [0.000]    30.1472 [0.000]    30.2554 [0.000]
[kpt  35   5   9]    31.3836 [0.000]    31.5115 [0.000]    32.2356 [0.000]




KOHN SHAM EIGENVALUES [eV] AT K-POINT [ 36]:       0.083333      0.166667      0.333333

[kpt  36   5   0]   -46.2599 [2.000]   -22.5069 [2.000]   -22.4802 [2.000]   -22.4705 [2.000]   -14.3699 [2.000]
[kpt  36   5   1]    -6.5544 [2.000]    -5.8183 [2.000]    -5.7287 [2.000]     0.3770 [2.000]     0.4611 [2.000]
[kpt  36   5   2]     0.7088 [2.000]     6.6352 [2.000]     7.3768 [2.000]     7.6196 [2.000]     7.8048 [2.000]
[kpt  36   5   3]     8.1721 [2.000]     8.8068 [2.000]     9.2122 [2.000]     9.4058 [2.000]     9.5992 [2.000]
[kpt  36   5   4]    12.8007 [0.000]    13.5206 [0.000]    13.5741 [0.000]    14.9598 [0.000]    16.3358 [0.000]
[kpt  36   5   5]    17.1894 [0.000]    17.5972 [0.000]    18.9363 [0.000]    19.2460 [0.000]    19.5950 [0.000]
[kpt  36   5   6]    20.5685 [0.000]    21.2183 [0.000]    21.4522 [0.000]    21.5772 [0.000]    21.6437 [0.000]
[kpt  36   5   7]    21.7465 [0.000]    21.7783 [0.000]    21.8569 [0.000]    25.2811 [0.000]    26.7639 [0.000]
[kpt  36   5   8]    27.7846 [0.000]    27.9940 [0.000]    28.5349 [0.000]    29.6675 [0.000]    30.3415 [0.000]
[kpt  36   5   9]    31.2073 [0.000]    31.5089 [0.000]    31.8547 [0.000]




KOHN SHAM EIGENVALUES [eV] AT K-POINT [ 37]:       0.083333      0.166667      0.416667

[kpt  37   5   0]   -46.2598 [2.000]   -22.5163 [2.000]   -22.4798 [2.000]   -22.4702 [2.000]   -14.3505 [2.000]
[kpt  37   5   1]    -6.5893 [2.000]    -5.8075 [2.000]    -5.6619 [2.000]     0.3921 [2.000]     0.5328 [2.000]
[kpt  37   5   2]     0.6782 [2.000]     6.3738 [2.000]     7.3161 [2.000]     7.5010 [2.000]     7.6191 [2.000]
[kpt  37   5   3]     8.0930 [2.000]     8.8736 [2.000]     9.1088 [2.000]     9.3253 [2.000]     9.4765 [2.000]
[kpt  37   5   4]    12.8222 [0.000]    13.7881 [0.000]    13.8265 [0.000]    14.9607 [0.000]    16.6228 [0.000]
[kpt  37   5   5]    17.5615 [0.000]    18.1281 [0.000]    19.0663 [0.000]    19.3156 [0.000]    19.7198 [0.000]
[kpt  37   5   6]    20.5065 [0.000]    21.2435 [0.000]    21.5954 [0.000]    21.7602 [0.000]    21.8312 [0.000]
[kpt  37   5   7]    21.9283 [0.000]    22.1609 [0.000]    22.5281 [0.000]    24.3484 [0.000]    26.8158 [0.000]
[kpt  37   5   8]    27.4758 [0.000]    27.8354 [0.000]    28.5842 [0.000]    29.3493 [0.000]    30.7070 [0.000]
[kpt  37   5   9]    31.2539 [0.000]    32.4098 [0.000]    33.2314 [0.000]




KOHN SHAM EIGENVALUES [eV] AT K-POINT [ 38]:       0.083333      0.166667      0.500000

[kpt  38   5   0]   -46.2597 [2.000]   -22.5197 [2.000]   -22.4796 [2.000]   -22.4700 [2.000]   -14.3433 [2.000]
[kpt  38   5   1]    -6.6041 [2.000]    -5.8035 [2.000]    -5.6346 [2.000]     0.3969 [2.000]     0.6117 [2.000]
[kpt  38   5   2]     0.6145 [2.000]     6.2756 [2.000]     7.3255 [2.000]     7.4141 [2.000]     7.5677 [2.000]
[kpt  38   5   3]     8.0690 [2.000]     8.9547 [2.000]     9.0190 [2.000]     9.3137 [2.000]     9.4118 [2.000]
[kpt  38   5   4]    12.8299 [0.000]    13.8859 [0.000]    13.9210 [0.000]    14.9595 [0.000]    16.7212 [0.000]
[kpt  38   5   5]    17.7165 [0.000]    18.3390 [0.000]    19.1397 [0.000]    19.3028 [0.000]    19.7813 [0.000]
[kpt  38   5   6]    20.3874 [0.000]    21.2758 [0.000]    21.5540 [0.000]    21.6951 [0.000]    21.7831 [0.000]
[kpt  38   5   7]    21.8896 [0.000]    22.3226 [0.000]    22.9518 [0.000]    23.4113 [0.000]    26.7789 [0.000]
[kpt  38   5   8]    27.6009 [0.000]    27.6461 [0.000]    28.7970 [0.000]    29.0344 [0.000]    30.8184 [0.000]
[kpt  38   5   9]    31.3129 [0.000]    31.6665 [0.000]    33.5504 [0.000]




KOHN SHAM EIGENVALUES [eV] AT K-POINT [ 39]:       0.083333      0.250000      0.250000

[kpt  39   5   0]   -46.2599 [2.000]   -22.4939 [2.000]   -22.4931 [2.000]   -22.4705 [2.000]   -14.3726 [2.000]
[kpt  39   5   1]    -6.4786 [2.000]    -5.8296 [2.000]    -5.7803 [2.000]     0.3274 [2.000]     0.4236 [2.000]
[kpt  39   5   2]     0.7197 [2.000]     6.7919 [2.000]     7.2945 [2.000]     7.5567 [2.000]     7.8472 [2.000]
[kpt  39   5   3]     8.1943 [2.000]     8.6676 [2.000]     9.3530 [2.000]     9.3685 [2.000]     9.7790 [2.000]
[kpt  39   5   4]    13.1080 [0.000]    13.2249 [0.000]    13.4535 [0.000]    15.1197 [0.000]    16.3126 [0.000]
[kpt  39   5   5]    17.0803 [0.000]    17.4866 [0.000]    18.7529 [0.000]    19.3450 [0.000]    19.4947 [0.000]
[kpt  39   5   6]    20.5821 [0.000]    21.2720 [0.000]    21.4521 [0.000]    21.5018 [0.000]    21.7066 [0.000]
[kpt  39   5   7]    21.8003 [0.000]    21.8286 [0.000]    21.8443 [0.000]    25.7698 [0.000]    26.4786 [0.000]
[kpt  39   5   8]    27.6281 [0.000]    28.4891 [0.000]    28.7469 [0.000]    29.4426 [0.000]    29.7433 [0.000]
[kpt  39   5   9]    31.4134 [0.000]    31.6647 [0.000]    32.0032 [0.000]




KOHN SHAM EIGENVALUES [eV] AT K-POINT [ 40]:       0.083333      0.250000      0.333333

[kpt  40   5   0]   -46.2597 [2.000]   -22.5062 [2.000]   -22.4929 [2.000]   -22.4700 [2.000]   -14.3489 [2.000]
[kpt  40   5   1]    -6.4605 [2.000]    -5.8125 [2.000]    -5.7448 [2.000]     0.3269 [2.000]     0.4397 [2.000]
[kpt  40   5   2]     0.7054 [2.000]     6.5515 [2.000]     7.1079 [2.000]     7.3072 [2.000]     7.7306 [2.000]
[kpt  40   5   3]     8.0628 [2.000]     8.6712 [2.000]     9.2066 [2.000]     9.3438 [2.000]     9.8027 [2.000]
[kpt  40   5   4]    13.1820 [0.000]    13.5437 [0.000]    13.7130 [0.000]    15.1845 [0.000]    16.7406 [0.000]
[kpt  40   5   5]    17.4479 [0.000]    18.0818 [0.000]    18.8730 [0.000]    19.3481 [0.000]    19.6398 [0.000]
[kpt  40   5   6]    20.8073 [0.000]    21.1393 [0.000]    21.4167 [0.000]    21.4202 [0.000]    21.7675 [0.000]
[kpt  40   5   7]    21.8282 [0.000]    21.8707 [0.000]    21.9880 [0.000]    25.4201 [0.000]    26.2986 [0.000]
[kpt  40   5   8]    27.3980 [0.000]    27.9187 [0.000]    28.4160 [0.000]    29.2122 [0.000]    29.3939 [0.000]
[kpt  40   5   9]    31.5526 [0.000]    31.6525 [0.000]    31.9660 [0.000]




KOHN SHAM EIGENVALUES [eV] AT K-POINT [ 41]:       0.083333      0.250000      0.416667

[kpt  41   5   0]   -46.2595 [2.000]   -22.5155 [2.000]   -22.4924 [2.000]   -22.4697 [2.000]   -14.3314 [2.000]
[kpt  41   5   1]    -6.4651 [2.000]    -5.7932 [2.000]    -5.7046 [2.000]     0.3365 [2.000]     0.4706 [2.000]
[kpt  41   5   2]     0.6644 [2.000]     6.3263 [2.000]     6.9855 [2.000]     7.1649 [2.000]     7.6314 [2.000]
[kpt  41   5   3]     8.0010 [2.000]     8.7463 [2.000]     9.1045 [2.000]     9.2843 [2.000]     9.7909 [2.000]
[kpt  41   5   4]    13.2037 [0.000]    13.8035 [0.000]    13.9295 [0.000]    15.2059 [0.000]    17.0307 [0.000]
[kpt  41   5   5]    17.7966 [0.000]    18.5830 [0.000]    18.8921 [0.000]    19.4324 [0.000]    19.7559 [0.000]
[kpt  41   5   6]    20.6331 [0.000]    21.1584 [0.000]    21.4516 [0.000]    21.5629 [0.000]    21.7886 [0.000]
[kpt  41   5   7]    21.9507 [0.000]    22.0569 [0.000]    22.5218 [0.000]    24.4462 [0.000]    26.5801 [0.000]
[kpt  41   5   8]    27.1788 [0.000]    27.2970 [0.000]    28.3908 [0.000]    28.9381 [0.000]    29.5175 [0.000]
[kpt  41   5   9]    31.4084 [0.000]    31.6231 [0.000]    32.4400 [0.000]




KOHN SHAM EIGENVALUES [eV] AT K-POINT [ 42]:       0.083333      0.250000      0.500000

[kpt  42   5   0]   -46.2595 [2.000]   -22.5189 [2.000]   -22.4922 [2.000]   -22.4696 [2.000]   -14.3249 [2.000]
[kpt  42   5   1]    -6.4701 [2.000]    -5.7858 [2.000]    -5.6862 [2.000]     0.3408 [2.000]     0.4944 [2.000]
[kpt  42   5   2]     0.6359 [2.000]     6.2353 [2.000]     6.9434 [2.000]     7.1233 [2.000]     7.5904 [2.000]
[kpt  42   5   3]     7.9858 [2.000]     8.7881 [2.000]     9.0774 [2.000]     9.2419 [2.000]     9.7811 [2.000]
[kpt  42   5   4]    13.2107 [0.000]    13.8991 [0.000]    14.0140 [0.000]    15.2103 [0.000]    17.1311 [0.000]
[kpt  42   5   5]    17.9711 [0.000]    18.7650 [0.000]    18.8350 [0.000]    19.5721 [0.000]    19.8024 [0.000]
[kpt  42   5   6]    20.4643 [0.000]    21.1781 [0.000]    21.5113 [0.000]    21.6759 [0.000]    21.7729 [0.000]
[kpt  42   5   7]    21.9274 [0.000]    22.3324 [0.000]    23.3454 [0.000]    23.4167 [0.000]    26.8229 [0.000]
[kpt  42   5   8]    26.9470 [0.000]    27.1799 [0.000]    28.3989 [0.000]    28.8731 [0.000]    30.1301 [0.000]
[kpt  42   5   9]    31.2729 [0.000]    31.7181 [0.000]    34.1074 [0.000]




KOHN SHAM EIGENVALUES [eV] AT K-POINT [ 43]:       0.083333      0.333333      0.333333

[kpt  43   5   0]   -46.2595 [2.000]   -22.5058 [2.000]   -22.5052 [2.000]   -22.4696 [2.000]   -14.3277 [2.000]
[kpt  43   5   1]    -6.3795 [2.000]    -5.8112 [2.000]    -5.7397 [2.000]     0.3029 [2.000]     0.4141 [2.000]
[kpt  43   5   2]     0.6827 [2.000]     6.4216 [2.000]     6.8867 [2.000]     6.9567 [2.000]     7.7128 [2.000]
[kpt  43   5   3]     7.9243 [2.000]     8.6428 [2.000]     9.1150 [2.000]     9.3974 [2.000]     9.9471 [2.000]
[kpt  43   5   4]    13.5121 [0.000]    13.5974 [0.000]    13.9045 [0.000]    15.2882 [0.000]    17.1753 [0.000]
[kpt  43   5   5]    17.7430 [0.000]    18.6883 [0.000]    18.7492 [0.000]    19.4670 [0.000]    19.7446 [0.000]
[kpt  43   5   6]    20.9832 [0.000]    21.1485 [0.000]    21.3175 [0.000]    21.5015 [0.000]    21.8025 [0.000]
[kpt  43   5   7]    21.8580 [0.000]    21.9894 [0.000]    22.4036 [0.000]    25.4767 [0.000]    25.7242 [0.000]
[kpt  43   5   8]    27.1187 [0.000]    27.9185 [0.000]    28.2918 [0.000]    28.3325 [0.000]    29.1631 [0.000]
[kpt  43   5   9]    31.4642 [0.000]    32.1310 [0.000]    32.2840 [0.000]




KOHN SHAM EIGENVALUES [eV] AT K-POINT [ 44]:       0.083333      0.333333      0.416667

[kpt  44   5   0]   -46.2593 [2.000]   -22.5147 [2.000]   -22.5049 [2.000]   -22.4692 [2.000]   -14.3120 [2.000]
[kpt  44   5   1]    -6.3350 [2.000]    -5.7934 [2.000]    -5.7355 [2.000]     0.3002 [2.000]     0.3920 [2.000]
[kpt  44   5   2]     0.6564 [2.000]     6.2545 [2.000]     6.7184 [2.000]     6.8002 [2.000]     7.6615 [2.000]
[kpt  44   5   3]     7.8580 [2.000]     8.6103 [2.000]     9.1610 [2.000]     9.3787 [2.000]    10.0158 [2.000]
[kpt  44   5   4]    13.5648 [0.000]    13.8187 [0.000]    14.0775 [0.000]    15.3269 [0.000]    17.4820 [0.000]
[kpt  44   5   5]    18.0390 [0.000]    18.5931 [0.000]    19.1864 [0.000]    19.6535 [0.000]    19.8442 [0.000]
[kpt  44   5   6]    20.7465 [0.000]    21.0724 [0.000]    21.2717 [0.000]    21.5340 [0.000]    21.8419 [0.000]
[kpt  44   5   7]    21.9760 [0.000]    22.0192 [0.000]    22.8296 [0.000]    24.5737 [0.000]    25.8194 [0.000]
[kpt  44   5   8]    26.8678 [0.000]    27.3453 [0.000]    28.0915 [0.000]    28.2835 [0.000]    28.8379 [0.000]
[kpt  44   5   9]    31.2974 [0.000]    32.1239 [0.000]    32.4650 [0.000]




KOHN SHAM EIGENVALUES [eV] AT K-POINT [ 45]:       0.083333      0.333333      0.500000

[kpt  45   5   0]   -46.2592 [2.000]   -22.5181 [2.000]   -22.5048 [2.000]   -22.4691 [2.000]   -14.3063 [2.000]
[kpt  45   5   1]    -6.3230 [2.000]    -5.7776 [2.000]    -5.7386 [2.000]     0.3026 [2.000]     0.3831 [2.000]
[kpt  45   5   2]     0.6446 [2.000]     6.1747 [2.000]     6.6561 [2.000]     6.7679 [2.000]     7.6282 [2.000]
[kpt  45   5   3]     7.8491 [2.000]     8.5872 [2.000]     9.2554 [2.000]     9.3094 [2.000]    10.0343 [2.000]
[kpt  45   5   4]    13.5716 [0.000]    13.9116 [0.000]    14.1479 [0.000]    15.3362 [0.000]    17.5891 [0.000]
[kpt  45   5   5]    18.2520 [0.000]    18.4393 [0.000]    19.3136 [0.000]    19.8145 [0.000]    19.9808 [0.000]
[kpt  45   5   6]    20.5568 [0.000]    21.0728 [0.000]    21.4165 [0.000]    21.7182 [0.000]    21.7622 [0.000]
[kpt  45   5   7]    22.0347 [0.000]    22.2072 [0.000]    23.4701 [0.000]    23.7216 [0.000]    25.9188 [0.000]
[kpt  45   5   8]    26.8218 [0.000]    27.2034 [0.000]    28.0530 [0.000]    28.5253 [0.000]    28.8992 [0.000]
[kpt  45   5   9]    31.2251 [0.000]    32.1798 [0.000]    32.8652 [0.000]




KOHN SHAM EIGENVALUES [eV] AT K-POINT [ 46]:       0.083333      0.416667      0.416667

[kpt  46   5   0]   -46.2591 [2.000]   -22.5142 [2.000]   -22.5140 [2.000]   -22.4689 [2.000]   -14.2977 [2.000]
[kpt  46   5   1]    -6.2366 [2.000]    -5.7971 [2.000]    -5.7559 [2.000]     0.2847 [2.000]     0.3305 [2.000]
[kpt  46   5   2]     0.6487 [2.000]     6.1428 [2.000]     6.5459 [2.000]     6.5914 [2.000]     7.6831 [2.000]
[kpt  46   5   3]     7.7473 [2.000]     8.4850 [2.000]     9.2944 [2.000]     9.4383 [2.000]    10.1368 [2.000]
[kpt  46   5   4]    13.8119 [0.000]    13.8405 [0.000]    14.2164 [0.000]    15.3725 [0.000]    17.8149 [0.000]
[kpt  46   5   5]    18.1772 [0.000]    18.4776 [0.000]    19.6974 [0.000]    19.7206 [0.000]    20.0554 [0.000]
[kpt  46   5   6]    20.7981 [0.000]    21.0332 [0.000]    21.2100 [0.000]    21.6468 [0.000]    21.8944 [0.000]
[kpt  46   5   7]    22.0578 [0.000]    22.1889 [0.000]    23.2107 [0.000]    24.5325 [0.000]    25.0662 [0.000]
[kpt  46   5   8]    26.6529 [0.000]    27.5718 [0.000]    27.6003 [0.000]    28.1169 [0.000]    28.8194 [0.000]
[kpt  46   5   9]    31.1440 [0.000]    32.4600 [0.000]    32.7690 [0.000]




KOHN SHAM EIGENVALUES [eV] AT K-POINT [ 47]:       0.083333      0.416667      0.500000

[kpt  47   5   0]   -46.2591 [2.000]   -22.5175 [2.000]   -22.5139 [2.000]   -22.4687 [2.000]   -14.2925 [2.000]
[kpt  47   5   1]    -6.2005 [2.000]    -5.7840 [2.000]    -5.7774 [2.000]     0.2833 [2.000]     0.3056 [2.000]
[kpt  47   5   2]     0.6451 [2.000]     6.0787 [2.000]     6.4816 [2.000]     6.5450 [2.000]     7.6675 [2.000]
[kpt  47   5   3]     7.7313 [2.000]     8.4344 [2.000]     9.4012 [2.000]     9.4118 [2.000]    10.1737 [2.000]
[kpt  47   5   4]    13.8299 [0.000]    13.9208 [0.000]    14.2740 [0.000]    15.3829 [0.000]    17.9334 [0.000]
[kpt  47   5   5]    18.1779 [0.000]    18.5007 [0.000]    19.7238 [0.000]    19.8135 [0.000]    20.4026 [0.000]
[kpt  47   5   6]    20.6496 [0.000]    21.0095 [0.000]    21.3113 [0.000]    21.6565 [0.000]    21.7612 [0.000]
[kpt  47   5   7]    22.1397 [0.000]    22.3236 [0.000]    23.6703 [0.000]    23.9714 [0.000]    24.9483 [0.000]
[kpt  47   5   8]    26.6271 [0.000]    27.4401 [0.000]    27.7931 [0.000]    28.0083 [0.000]    28.8213 [0.000]
[kpt  47   5   9]    31.0712 [0.000]    32.5246 [0.000]    32.7069 [0.000]




KOHN SHAM EIGENVALUES [eV] AT K-POINT [ 48]:       0.083333      0.500000      0.500000

[kpt  48   5   0]   -46.2590 [2.000]   -22.5173 [2.000]   -22.5173 [2.000]   -22.4686 [2.000]   -14.2874 [2.000]
[kpt  48   5   1]    -6.1498 [2.000]    -5.7917 [2.000]    -5.7917 [2.000]     0.2780 [2.000]     0.2780 [2.000]
[kpt  48   5   2]     0.6442 [2.000]     6.0215 [2.000]     6.4235 [2.000]     6.4851 [2.000]     7.6858 [2.000]
[kpt  48   5   3]     7.6858 [2.000]     8.3757 [2.000]     9.4562 [2.000]     9.4562 [2.000]    10.2170 [2.000]
[kpt  48   5   4]    13.9240 [0.000]    13.9241 [0.000]    14.3265 [0.000]    15.3933 [0.000]    18.0597 [0.000]
[kpt  48   5   5]    18.0872 [0.000]    18.6053 [0.000]    19.8144 [0.000]    19.8191 [0.000]    20.6121 [0.000]
[kpt  48   5   6]    20.8066 [0.000]    20.9582 [0.000]    21.1984 [0.000]    21.7379 [0.000]    21.8051 [0.000]
[kpt  48   5   7]    22.1380 [0.000]    22.2653 [0.000]    24.0668 [0.000]    24.0863 [0.000]    24.2027 [0.000]
[kpt  48   5   8]    26.5675 [0.000]    27.4821 [0.000]    27.6195 [0.000]    28.0116 [0.000]    28.7521 [0.000]
[kpt  48   5   9]    31.0056 [0.000]    32.6669 [0.000]    32.6888 [0.000]




KOHN SHAM EIGENVALUES [eV] AT K-POINT [ 49]:       0.166667      0.166667      0.166667

[kpt  49   5   0]   -46.2602 [2.000]   -22.4815 [2.000]   -22.4807 [2.000]   -22.4807 [2.000]   -14.4043 [2.000]
[kpt  49   5   1]    -6.4893 [2.000]    -5.8348 [2.000]    -5.8348 [2.000]     0.3391 [2.000]     0.3391 [2.000]
[kpt  49   5   2]     0.7222 [2.000]     7.0925 [2.000]     7.6551 [2.000]     7.6551 [2.000]     8.3003 [2.000]
[kpt  49   5   3]     8.3003 [2.000]     8.7092 [2.000]     9.4161 [2.000]     9.6870 [2.000]     9.6870 [2.000]
[kpt  49   5   4]    12.9236 [0.000]    12.9837 [0.000]    12.9838 [0.000]    15.3983 [0.000]    15.3983 [0.000]
[kpt  49   5   5]    16.6826 [0.000]    16.6828 [0.000]    18.4273 [0.000]    19.3411 [0.000]    19.3412 [0.000]
[kpt  49   5   6]    20.0437 [0.000]    21.3573 [0.000]    21.5425 [0.000]    21.6520 [0.000]    21.6686 [0.000]
[kpt  49   5   7]    21.7401 [0.000]    21.7496 [0.000]    21.7899 [0.000]    25.6453 [0.000]    27.4265 [0.000]
[kpt  49   5   8]    27.4347 [0.000]    28.5276 [0.000]    29.1354 [0.000]    30.7607 [0.000]    30.7734 [0.000]
[kpt  49   5   9]    31.1334 [0.000]    31.1421 [0.000]    32.3520 [0.000]




KOHN SHAM EIGENVALUES [eV] AT K-POINT [ 50]:       0.166667      0.166667      0.250000

[kpt  50   5   0]   -46.2600 [2.000]   -22.4937 [2.000]   -22.4806 [2.000]   -22.4802 [2.000]   -14.3799 [2.000]
[kpt  50   5   1]    -6.4692 [2.000]    -5.8183 [2.000]    -5.8079 [2.000]     0.3226 [2.000]     0.3315 [2.000]
[kpt  50   5   2]     0.7644 [2.000]     6.8530 [2.000]     7.4361 [2.000]     7.6112 [2.000]     8.0801 [2.000]
[kpt  50   5   3]     8.1242 [2.000]     8.5169 [2.000]     9.4453 [2.000]     9.5571 [2.000]     9.6437 [2.000]
[kpt  50   5   4]    12.9977 [0.000]    13.2725 [0.000]    13.2825 [0.000]    15.3927 [0.000]    15.9752 [0.000]
[kpt  50   5   5]    17.0092 [0.000]    17.1711 [0.000]    18.5552 [0.000]    19.3703 [0.000]    19.4263 [0.000]
[kpt  50   5   6]    20.5562 [0.000]    21.2668 [0.000]    21.5686 [0.000]    21.6135 [0.000]    21.6309 [0.000]
[kpt  50   5   7]    21.7391 [0.000]    21.7684 [0.000]    21.8019 [0.000]    25.7116 [0.000]    26.9390 [0.000]
[kpt  50   5   8]    27.6573 [0.000]    28.1245 [0.000]    28.8678 [0.000]    30.1391 [0.000]    30.4411 [0.000]
[kpt  50   5   9]    30.8981 [0.000]    31.1896 [0.000]    32.0343 [0.000]




KOHN SHAM EIGENVALUES [eV] AT K-POINT [ 51]:       0.166667      0.166667      0.333333

[kpt  51   5   0]   -46.2598 [2.000]   -22.5064 [2.000]   -22.4800 [2.000]   -22.4796 [2.000]   -14.3552 [2.000]
[kpt  51   5   1]    -6.4785 [2.000]    -5.8015 [2.000]    -5.7470 [2.000]     0.3053 [2.000]     0.3740 [2.000]
[kpt  51   5   2]     0.7510 [2.000]     6.5817 [2.000]     7.2407 [2.000]     7.5604 [2.000]     7.7646 [2.000]
[kpt  51   5   3]     8.0158 [2.000]     8.5479 [2.000]     9.3880 [2.000]     9.4503 [2.000]     9.5589 [2.000]
[kpt  51   5   4]    13.0360 [0.000]    13.5909 [0.000]    13.6151 [0.000]    15.3840 [0.000]    16.4543 [0.000]
[kpt  51   5   5]    17.3909 [0.000]    17.7392 [0.000]    18.8189 [0.000]    19.4032 [0.000]    19.4046 [0.000]
[kpt  51   5   6]    20.8123 [0.000]    21.1751 [0.000]    21.5570 [0.000]    21.6528 [0.000]    21.7265 [0.000]
[kpt  51   5   7]    21.7494 [0.000]    21.7894 [0.000]    21.8816 [0.000]    25.3663 [0.000]    26.6597 [0.000]
[kpt  51   5   8]    27.6782 [0.000]    27.9704 [0.000]    28.0443 [0.000]    29.9464 [0.000]    30.2364 [0.000]
[kpt  51   5   9]    30.7503 [0.000]    31.2516 [0.000]    31.6784 [0.000]




KOHN SHAM EIGENVALUES [eV] AT K-POINT [ 52]:       0.166667      0.166667      0.416667

[kpt  52   5   0]   -46.2596 [2.000]   -22.5157 [2.000]   -22.4796 [2.000]   -22.4793 [2.000]   -14.3370 [2.000]
[kpt  52   5   1]    -6.5005 [2.000]    -5.7891 [2.000]    -5.6842 [2.000]     0.2921 [2.000]     0.4527 [2.000]
[kpt  52   5   2]     0.6902 [2.000]     6.3465 [2.000]     7.1691 [2.000]     7.5137 [2.000]     7.5237 [2.000]
[kpt  52   5   3]     7.9598 [2.000]     8.6323 [2.000]     9.3082 [2.000]     9.3879 [2.000]     9.4562 [2.000]
[kpt  52   5   4]    13.0618 [0.000]    13.8407 [0.000]    13.8605 [0.000]    15.3746 [0.000]    16.7592 [0.000]
[kpt  52   5   5]    17.7428 [0.000]    18.1864 [0.000]    19.1639 [0.000]    19.2777 [0.000]    19.4725 [0.000]
[kpt  52   5   6]    20.6043 [0.000]    21.2172 [0.000]    21.5995 [0.000]    21.6972 [0.000]    21.7406 [0.000]
[kpt  52   5   7]    21.8164 [0.000]    21.9553 [0.000]    22.4390 [0.000]    24.4493 [0.000]    26.7616 [0.000]
[kpt  52   5   8]    27.2569 [0.000]    27.5432 [0.000]    28.3862 [0.000]    29.4005 [0.000]    30.4691 [0.000]
[kpt  52   5   9]    30.6952 [0.000]    31.3969 [0.000]    31.5474 [0.000]




KOHN SHAM EIGENVALUES [eV] AT K-POINT [ 53]:       0.166667      0.166667      0.500000

[kpt  53   5   0]   -46.2595 [2.000]   -22.5191 [2.000]   -22.4794 [2.000]   -22.4791 [2.000]   -14.3303 [2.000]
[kpt  53   5   1]    -6.5110 [2.000]    -5.7846 [2.000]    -5.6580 [2.000]     0.2871 [2.000]     0.5146 [2.000]
[kpt  53   5   2]     0.6341 [2.000]     6.2534 [2.000]     7.1786 [2.000]     7.3988 [2.000]     7.5112 [2.000]
[kpt  53   5   3]     7.9423 [2.000]     8.6771 [2.000]     9.2764 [2.000]     9.3646 [2.000]     9.4054 [2.000]
[kpt  53   5   4]    13.0709 [0.000]    13.9364 [0.000]    13.9509 [0.000]    15.3701 [0.000]    16.8629 [0.000]
[kpt  53   5   5]    17.9150 [0.000]    18.3383 [0.000]    19.1862 [0.000]    19.3946 [0.000]    19.5050 [0.000]
[kpt  53   5   6]    20.4511 [0.000]    21.2735 [0.000]    21.6293 [0.000]    21.6950 [0.000]    21.7500 [0.000]
[kpt  53   5   7]    21.9336 [0.000]    23.0775 [0.000]    23.3290 [0.000]    23.4384 [0.000]    26.9083 [0.000]
[kpt  53   5   8]    27.1751 [0.000]    27.3087 [0.000]    28.9167 [0.000]    29.0268 [0.000]    30.5685 [0.000]
[kpt  53   5   9]    31.2806 [0.000]    31.5349 [0.000]    34.3112 [0.000]




KOHN SHAM EIGENVALUES [eV] AT K-POINT [ 54]:       0.166667      0.250000      0.250000

[kpt  54   5   0]   -46.2598 [2.000]   -22.4934 [2.000]   -22.4927 [2.000]   -22.4798 [2.000]   -14.3576 [2.000]
[kpt  54   5   1]    -6.4109 [2.000]    -5.8115 [2.000]    -5.7887 [2.000]     0.2760 [2.000]     0.2919 [2.000]
[kpt  54   5   2]     0.7791 [2.000]     6.6993 [2.000]     7.2838 [2.000]     7.4562 [2.000]     7.8762 [2.000]
[kpt  54   5   3]     8.0723 [2.000]     8.2747 [2.000]     9.4583 [2.000]     9.5226 [2.000]     9.7009 [2.000]
[kpt  54   5   4]    13.2843 [0.000]    13.3503 [0.000]    13.4942 [0.000]    15.6628 [0.000]    16.3060 [0.000]
[kpt  54   5   5]    17.3189 [0.000]    17.5571 [0.000]    18.5553 [0.000]    19.3664 [0.000]    19.4731 [0.000]
[kpt  54   5   6]    20.9710 [0.000]    21.1543 [0.000]    21.5258 [0.000]    21.6239 [0.000]    21.7120 [0.000]
[kpt  54   5   7]    21.7336 [0.000]    21.7944 [0.000]    21.9049 [0.000]    25.7665 [0.000]    26.7007 [0.000]
[kpt  54   5   8]    27.4427 [0.000]    27.8420 [0.000]    28.8099 [0.000]    29.4625 [0.000]    30.1815 [0.000]
[kpt  54   5   9]    30.6827 [0.000]    31.1801 [0.000]    31.7266 [0.000]




KOHN SHAM EIGENVALUES [eV] AT K-POINT [ 55]:       0.166667      0.250000      0.333333

[kpt  55   5   0]   -46.2595 [2.000]   -22.5057 [2.000]   -22.4924 [2.000]   -22.4793 [2.000]   -14.3350 [2.000]
[kpt  55   5   1]    -6.3794 [2.000]    -5.7905 [2.000]    -5.7531 [2.000]     0.2397 [2.000]     0.2956 [2.000]
[kpt  55   5   2]     0.7348 [2.000]     6.5121 [2.000]     7.0714 [2.000]     7.3217 [2.000]     7.6856 [2.000]
[kpt  55   5   3]     7.9695 [2.000]     8.2999 [2.000]     9.3507 [2.000]     9.5094 [2.000]     9.7507 [2.000]
[kpt  55   5   4]    13.3531 [0.000]    13.6419 [0.000]    13.7538 [0.000]    15.7160 [0.000]    16.7538 [0.000]
[kpt  55   5   5]    17.6440 [0.000]    18.0652 [0.000]    18.6975 [0.000]    19.2605 [0.000]    19.5212 [0.000]
[kpt  55   5   6]    20.9816 [0.000]    21.2048 [0.000]    21.5345 [0.000]    21.6337 [0.000]    21.7292 [0.000]
[kpt  55   5   7]    21.8213 [0.000]    22.0097 [0.000]    22.1711 [0.000]    25.5013 [0.000]    26.3859 [0.000]
[kpt  55   5   8]    27.2993 [0.000]    27.9060 [0.000]    28.0087 [0.000]    29.3360 [0.000]    29.7375 [0.000]
[kpt  55   5   9]    30.6704 [0.000]    31.2017 [0.000]    31.4940 [0.000]




KOHN SHAM EIGENVALUES [eV] AT K-POINT [ 56]:       0.166667      0.250000      0.416667

[kpt  56   5   0]   -46.2594 [2.000]   -22.5150 [2.000]   -22.4920 [2.000]   -22.4789 [2.000]   -14.3184 [2.000]
[kpt  56   5   1]    -6.3747 [2.000]    -5.7701 [2.000]    -5.7109 [2.000]     0.2089 [2.000]     0.3467 [2.000]
[kpt  56   5   2]     0.6549 [2.000]     6.3111 [2.000]     6.9826 [2.000]     7.2095 [2.000]     7.5544 [2.000]
[kpt  56   5   3]     7.9198 [2.000]     8.3757 [2.000]     9.2949 [2.000]     9.4461 [2.000]     9.7589 [2.000]
[kpt  56   5   4]    13.3825 [0.000]    13.8820 [0.000]    13.9664 [0.000]    15.7218 [0.000]    17.0626 [0.000]
[kpt  56   5   5]    17.9765 [0.000]    18.4217 [0.000]    18.8310 [0.000]    19.2046 [0.000]    19.6470 [0.000]
[kpt  56   5   6]    20.7120 [0.000]    21.2178 [0.000]    21.5378 [0.000]    21.6938 [0.000]    21.7885 [0.000]
[kpt  56   5   7]    21.8212 [0.000]    22.0722 [0.000]    22.8111 [0.000]    24.6227 [0.000]    26.4602 [0.000]
[kpt  56   5   8]    27.0918 [0.000]    27.3118 [0.000]    28.2344 [0.000]    29.1287 [0.000]    29.5904 [0.000]
[kpt  56   5   9]    30.7109 [0.000]    31.1892 [0.000]    31.3709 [0.000]




KOHN SHAM EIGENVALUES [eV] AT K-POINT [ 57]:       0.166667      0.250000      0.500000

[kpt  57   5   0]   -46.2593 [2.000]   -22.5183 [2.000]   -22.4918 [2.000]   -22.4788 [2.000]   -14.3122 [2.000]
[kpt  57   5   1]    -6.3765 [2.000]    -5.7629 [2.000]    -5.6911 [2.000]     0.1973 [2.000]     0.3873 [2.000]
[kpt  57   5   2]     0.6035 [2.000]     6.2230 [2.000]     6.9880 [2.000]     7.1438 [2.000]     7.5107 [2.000]
[kpt  57   5   3]     7.9073 [2.000]     8.4093 [2.000]     9.2919 [2.000]     9.3998 [2.000]     9.7566 [2.000]
[kpt  57   5   4]    13.3925 [0.000]    13.9732 [0.000]    14.0488 [0.000]    15.7206 [0.000]    17.1687 [0.000]
[kpt  57   5   5]    18.1785 [0.000]    18.5327 [0.000]    18.7409 [0.000]    19.2747 [0.000]    19.8456 [0.000]
[kpt  57   5   6]    20.5362 [0.000]    21.2078 [0.000]    21.6728 [0.000]    21.7196 [0.000]    21.8926 [0.000]
[kpt  57   5   7]    22.0815 [0.000]    23.0059 [0.000]    23.4895 [0.000]    23.7809 [0.000]    26.5856 [0.000]
[kpt  57   5   8]    27.0302 [0.000]    27.1138 [0.000]    28.6637 [0.000]    28.6965 [0.000]    30.6914 [0.000]
[kpt  57   5   9]    30.7479 [0.000]    31.3260 [0.000]    34.7321 [0.000]




KOHN SHAM EIGENVALUES [eV] AT K-POINT [ 58]:       0.166667      0.333333      0.333333

[kpt  58   5   0]   -46.2593 [2.000]   -22.5053 [2.000]   -22.5048 [2.000]   -22.4788 [2.000]   -14.3146 [2.000]
[kpt  58   5   1]    -6.2923 [2.000]    -5.7870 [2.000]    -5.7364 [2.000]     0.2129 [2.000]     0.2293 [2.000]
[kpt  58   5   2]     0.6673 [2.000]     6.4115 [2.000]     6.8836 [2.000]     7.0413 [2.000]     7.6559 [2.000]
[kpt  58   5   3]     7.9061 [2.000]     8.2186 [2.000]     9.3062 [2.000]     9.5427 [2.000]     9.9165 [2.000]
[kpt  58   5   4]    13.6463 [0.000]    13.7055 [0.000]    13.9470 [0.000]    15.8456 [0.000]    17.1647 [0.000]
[kpt  58   5   5]    17.8972 [0.000]    18.5406 [0.000]    18.6077 [0.000]    19.1746 [0.000]    19.5934 [0.000]
[kpt  58   5   6]    20.9606 [0.000]    21.2816 [0.000]    21.5712 [0.000]    21.6038 [0.000]    21.7455 [0.000]
[kpt  58   5   7]    21.8518 [0.000]    22.3471 [0.000]    22.7704 [0.000]    25.5869 [0.000]    25.8018 [0.000]
[kpt  58   5   8]    27.0224 [0.000]    27.9397 [0.000]    28.0959 [0.000]    28.4545 [0.000]    29.5015 [0.000]
[kpt  58   5   9]    31.0201 [0.000]    31.2083 [0.000]    31.4673 [0.000]




KOHN SHAM EIGENVALUES [eV] AT K-POINT [ 59]:       0.166667      0.333333      0.416667

[kpt  59   5   0]   -46.2591 [2.000]   -22.5142 [2.000]   -22.5045 [2.000]   -22.4784 [2.000]   -14.2996 [2.000]
[kpt  59   5   1]    -6.2428 [2.000]    -5.7670 [2.000]    -5.7250 [2.000]     0.1682 [2.000]     0.2437 [2.000]
[kpt  59   5   2]     0.5802 [2.000]     6.2535 [2.000]     6.7764 [2.000]     6.9048 [2.000]     7.6071 [2.000]
[kpt  59   5   3]     7.8632 [2.000]     8.2066 [2.000]     9.3371 [2.000]     9.5182 [2.000]    10.0006 [2.000]
[kpt  59   5   4]    13.6997 [0.000]    13.9156 [0.000]    14.1181 [0.000]    15.8796 [0.000]    17.4749 [0.000]
[kpt  59   5   5]    18.1355 [0.000]    18.5224 [0.000]    18.8495 [0.000]    19.1730 [0.000]    19.7987 [0.000]
[kpt  59   5   6]    20.8042 [0.000]    21.1983 [0.000]    21.4951 [0.000]    21.7231 [0.000]    21.8446 [0.000]
[kpt  59   5   7]    21.9599 [0.000]    22.1968 [0.000]    23.1515 [0.000]    24.8274 [0.000]    25.8088 [0.000]
[kpt  59   5   8]    26.8871 [0.000]    27.4853 [0.000]    28.0811 [0.000]    28.3348 [0.000]    28.9851 [0.000]
[kpt  59   5   9]    30.8241 [0.000]    31.1612 [0.000]    31.4637 [0.000]




KOHN SHAM EIGENVALUES [eV] AT K-POINT [ 60]:       0.166667      0.333333      0.500000

[kpt  60   5   0]   -46.2591 [2.000]   -22.5176 [2.000]   -22.5043 [2.000]   -22.4783 [2.000]   -14.2940 [2.000]
[kpt  60   5   1]    -6.2289 [2.000]    -5.7503 [2.000]    -5.7256 [2.000]     0.1494 [2.000]     0.2659 [2.000]
[kpt  60   5   2]     0.5339 [2.000]     6.1714 [2.000]     6.7766 [2.000]     6.8457 [2.000]     7.5783 [2.000]
[kpt  60   5   3]     7.8577 [2.000]     8.2010 [2.000]     9.3988 [2.000]     9.4635 [2.000]    10.0246 [2.000]
[kpt  60   5   4]    13.7103 [0.000]    14.0031 [0.000]    14.1871 [0.000]    15.8848 [0.000]    17.5840 [0.000]
[kpt  60   5   5]    18.3074 [0.000]    18.4153 [0.000]    18.8870 [0.000]    19.1945 [0.000]    20.0935 [0.000]
[kpt  60   5   6]    20.6725 [0.000]    21.1633 [0.000]    21.5344 [0.000]    21.7233 [0.000]    21.9024 [0.000]
[kpt  60   5   7]    21.9162 [0.000]    22.1200 [0.000]    23.5932 [0.000]    24.2111 [0.000]    25.8581 [0.000]
[kpt  60   5   8]    26.8317 [0.000]    27.3596 [0.000]    28.2650 [0.000]    28.3428 [0.000]    28.8024 [0.000]
[kpt  60   5   9]    30.7411 [0.000]    31.3108 [0.000]    31.3641 [0.000]




KOHN SHAM EIGENVALUES [eV] AT K-POINT [ 61]:       0.166667      0.416667      0.416667

[kpt  61   5   0]   -46.2590 [2.000]   -22.5137 [2.000]   -22.5136 [2.000]   -22.4780 [2.000]   -14.2857 [2.000]
[kpt  61   5   1]    -6.1424 [2.000]    -5.7684 [2.000]    -5.7337 [2.000]     0.1671 [2.000]     0.1724 [2.000]
[kpt  61   5   2]     0.4966 [2.000]     6.1452 [2.000]     6.5929 [2.000]     6.7989 [2.000]     7.6619 [2.000]
[kpt  61   5   3]     7.8014 [2.000]     8.0767 [2.000]     9.4350 [2.000]     9.5595 [2.000]    10.1354 [2.000]
[kpt  61   5   4]    13.9258 [0.000]    13.9480 [0.000]    14.2573 [0.000]    15.9237 [0.000]    17.8068 [0.000]
[kpt  61   5   5]    18.0739 [0.000]    18.5741 [0.000]    19.0715 [0.000]    19.1590 [0.000]    20.0926 [0.000]
[kpt  61   5   6]    20.8471 [0.000]    21.1650 [0.000]    21.3830 [0.000]    21.7275 [0.000]    21.8851 [0.000]
[kpt  61   5   7]    22.0097 [0.000]    22.0786 [0.000]    23.5196 [0.000]    24.9916 [0.000]    25.0229 [0.000]
[kpt  61   5   8]    26.7660 [0.000]    27.6159 [0.000]    27.7791 [0.000]    28.0073 [0.000]    28.6700 [0.000]
[kpt  61   5   9]    30.6390 [0.000]    31.3261 [0.000]    31.5054 [0.000]




KOHN SHAM EIGENVALUES [eV] AT K-POINT [ 62]:       0.166667      0.416667      0.500000

[kpt  62   5   0]   -46.2589 [2.000]   -22.5170 [2.000]   -22.5135 [2.000]   -22.4779 [2.000]   -14.2806 [2.000]
[kpt  62   5   1]    -6.1053 [2.000]    -5.7540 [2.000]    -5.7517 [2.000]     0.1433 [2.000]     0.1809 [2.000]
[kpt  62   5   2]     0.4557 [2.000]     6.0787 [2.000]     6.5479 [2.000]     6.7711 [2.000]     7.6771 [2.000]
[kpt  62   5   3]     7.7943 [2.000]     8.0128 [2.000]     9.5183 [2.000]     9.5368 [2.000]    10.1775 [2.000]
[kpt  62   5   4]    13.9451 [0.000]    14.0247 [0.000]    14.3149 [0.000]    15.9296 [0.000]    17.9255 [0.000]
[kpt  62   5   5]    18.0201 [0.000]    18.6648 [0.000]    19.1052 [0.000]    19.1250 [0.000]    20.4056 [0.000]
[kpt  62   5   6]    20.7860 [0.000]    21.1266 [0.000]    21.3271 [0.000]    21.7999 [0.000]    21.9116 [0.000]
[kpt  62   5   7]    22.0620 [0.000]    22.1113 [0.000]    23.8018 [0.000]    24.5177 [0.000]    25.0829 [0.000]
[kpt  62   5   8]    26.7113 [0.000]    27.5629 [0.000]    27.7993 [0.000]    27.9852 [0.000]    28.5519 [0.000]
[kpt  62   5   9]    30.5615 [0.000]    31.4765 [0.000]    31.4871 [0.000]




KOHN SHAM EIGENVALUES [eV] AT K-POINT [ 63]:       0.166667      0.500000      0.500000

[kpt  63   5   0]   -46.2588 [2.000]   -22.5168 [2.000]   -22.5168 [2.000]   -22.4778 [2.000]   -14.2756 [2.000]
[kpt  63   5   1]    -6.0534 [2.000]    -5.7614 [2.000]    -5.7614 [2.000]     0.1506 [2.000]     0.1506 [2.000]
[kpt  63   5   2]     0.4179 [2.000]     6.0210 [2.000]     6.4881 [2.000]     6.7499 [2.000]     7.7651 [2.000]
[kpt  63   5   3]     7.7651 [2.000]     7.8927 [2.000]     9.5682 [2.000]     9.5683 [2.000]    10.2260 [2.000]
[kpt  63   5   4]    14.0324 [0.000]    14.0324 [0.000]    14.3677 [0.000]    15.9343 [0.000]    17.9171 [0.000]
[kpt  63   5   5]    18.0599 [0.000]    18.8117 [0.000]    19.0949 [0.000]    19.0961 [0.000]    20.7698 [0.000]
[kpt  63   5   6]    20.8165 [0.000]    21.0552 [0.000]    21.0776 [0.000]    21.8999 [0.000]    21.9379 [0.000]
[kpt  63   5   7]    22.1143 [0.000]    22.2166 [0.000]    24.0082 [0.000]    24.6282 [0.000]    24.6318 [0.000]
[kpt  63   5   8]    26.7027 [0.000]    27.6314 [0.000]    27.6901 [0.000]    27.7300 [0.000]    28.4855 [0.000]
[kpt  63   5   9]    30.4822 [0.000]    31.5329 [0.000]    31.5374 [0.000]




KOHN SHAM EIGENVALUES [eV] AT K-POINT [ 64]:       0.250000      0.250000      0.250000

[kpt  64   5   0]   -46.2595 [2.000]   -22.4931 [2.000]   -22.4922 [2.000]   -22.4922 [2.000]   -14.3369 [2.000]
[kpt  64   5   1]    -6.3301 [2.000]    -5.7863 [2.000]    -5.7863 [2.000]     0.2056 [2.000]     0.2056 [2.000]
[kpt  64   5   2]     0.7620 [2.000]     6.5994 [2.000]     7.2691 [2.000]     7.2691 [2.000]     7.7812 [2.000]
[kpt  64   5   3]     7.9710 [2.000]     7.9710 [2.000]     9.5827 [2.000]     9.5827 [2.000]     9.6824 [2.000]
[kpt  64   5   4]    13.5389 [0.000]    13.5527 [0.000]    13.5528 [0.000]    16.2936 [0.000]    16.2937 [0.000]
[kpt  64   5   5]    17.7010 [0.000]    17.7017 [0.000]    18.4581 [0.000]    19.3713 [0.000]    19.3723 [0.000]
[kpt  64   5   6]    21.0689 [0.000]    21.2281 [0.000]    21.6523 [0.000]    21.7068 [0.000]    21.8245 [0.000]
[kpt  64   5   7]    21.9290 [0.000]    21.9455 [0.000]    22.1940 [0.000]    25.7350 [0.000]    27.0511 [0.000]
[kpt  64   5   8]    27.0691 [0.000]    27.3523 [0.000]    28.8557 [0.000]    29.5780 [0.000]    29.6625 [0.000]
[kpt  64   5   9]    30.5673 [0.000]    30.5677 [0.000]    31.3585 [0.000]




KOHN SHAM EIGENVALUES [eV] AT K-POINT [ 65]:       0.250000      0.250000      0.333333

[kpt  65   5   0]   -46.2593 [2.000]   -22.5051 [2.000]   -22.4921 [2.000]   -22.4916 [2.000]   -14.3159 [2.000]
[kpt  65   5   1]    -6.2714 [2.000]    -5.7608 [2.000]    -5.7589 [2.000]     0.1347 [2.000]     0.1819 [2.000]
[kpt  65   5   2]     0.6781 [2.000]     6.4748 [2.000]     7.0243 [2.000]     7.2560 [2.000]     7.5096 [2.000]
[kpt  65   5   3]     7.9118 [2.000]     8.0221 [2.000]     9.4879 [2.000]     9.6650 [2.000]     9.7558 [2.000]
[kpt  65   5   4]    13.5988 [0.000]    13.7954 [0.000]    13.8173 [0.000]    16.2762 [0.000]    16.8315 [0.000]
[kpt  65   5   5]    17.9178 [0.000]    18.1232 [0.000]    18.5059 [0.000]    19.1572 [0.000]    19.4425 [0.000]
[kpt  65   5   6]    21.0043 [0.000]    21.3060 [0.000]    21.6639 [0.000]    21.6668 [0.000]    21.8127 [0.000]
[kpt  65   5   7]    21.8457 [0.000]    22.1367 [0.000]    22.5398 [0.000]    25.5203 [0.000]    26.4656 [0.000]
[kpt  65   5   8]    27.1491 [0.000]    27.4699 [0.000]    28.1537 [0.000]    29.4996 [0.000]    29.6799 [0.000]
[kpt  65   5   9]    29.9926 [0.000]    30.6969 [0.000]    31.0445 [0.000]




KOHN SHAM EIGENVALUES [eV] AT K-POINT [ 66]:       0.250000      0.250000      0.416667

[kpt  66   5   0]   -46.2591 [2.000]   -22.5143 [2.000]   -22.4916 [2.000]   -22.4912 [2.000]   -14.3005 [2.000]
[kpt  66   5   1]    -6.2468 [2.000]    -5.7418 [2.000]    -5.7183 [2.000]     0.0826 [2.000]     0.2131 [2.000]
[kpt  66   5   2]     0.5664 [2.000]     6.2923 [2.000]     6.9699 [2.000]     7.2481 [2.000]     7.2807 [2.000]
[kpt  66   5   3]     7.8859 [2.000]     8.1104 [2.000]     9.4178 [2.000]     9.6915 [2.000]     9.7800 [2.000]
[kpt  66   5   4]    13.6345 [0.000]    14.0023 [0.000]    14.0258 [0.000]    16.2588 [0.000]    17.1737 [0.000]
[kpt  66   5   5]    18.2092 [0.000]    18.3382 [0.000]    18.6876 [0.000]    18.8651 [0.000]    19.7242 [0.000]
[kpt  66   5   6]    20.8057 [0.000]    21.2688 [0.000]    21.6686 [0.000]    21.7465 [0.000]    21.8710 [0.000]
[kpt  66   5   7]    21.9354 [0.000]    23.1313 [0.000]    23.1995 [0.000]    24.8445 [0.000]    26.2594 [0.000]
[kpt  66   5   8]    26.9922 [0.000]    27.5137 [0.000]    27.9532 [0.000]    29.1883 [0.000]    29.8520 [0.000]
[kpt  66   5   9]    30.5940 [0.000]    30.8460 [0.000]    35.2113 [0.000]




KOHN SHAM EIGENVALUES [eV] AT K-POINT [ 67]:       0.250000      0.250000      0.500000

[kpt  67   5   0]   -46.2591 [2.000]   -22.5176 [2.000]   -22.4915 [2.000]   -22.4911 [2.000]   -14.2948 [2.000]
[kpt  67   5   1]    -6.2417 [2.000]    -5.7347 [2.000]    -5.6989 [2.000]     0.0635 [2.000]     0.2463 [2.000]
[kpt  67   5   2]     0.5035 [2.000]     6.2037 [2.000]     7.0388 [2.000]     7.1342 [2.000]     7.2457 [2.000]
[kpt  67   5   3]     7.8793 [2.000]     8.1493 [2.000]     9.3924 [2.000]     9.6934 [2.000]     9.7831 [2.000]
[kpt  67   5   4]    13.6471 [0.000]    14.0846 [0.000]    14.1042 [0.000]    16.2511 [0.000]    17.2882 [0.000]
[kpt  67   5   5]    18.3861 [0.000]    18.5226 [0.000]    18.5380 [0.000]    18.7654 [0.000]    20.0048 [0.000]
[kpt  67   5   6]    20.6812 [0.000]    21.2332 [0.000]    21.6233 [0.000]    21.8423 [0.000]    21.8521 [0.000]
[kpt  67   5   7]    22.0471 [0.000]    23.5783 [0.000]    23.7204 [0.000]    24.3029 [0.000]    26.2659 [0.000]
[kpt  67   5   8]    26.9508 [0.000]    27.3148 [0.000]    28.3500 [0.000]    28.7325 [0.000]    30.2008 [0.000]
[kpt  67   5   9]    30.3555 [0.000]    30.7757 [0.000]    35.7496 [0.000]




KOHN SHAM EIGENVALUES [eV] AT K-POINT [ 68]:       0.250000      0.333333      0.333333

[kpt  68   5   0]   -46.2591 [2.000]   -22.5046 [2.000]   -22.5042 [2.000]   -22.4913 [2.000]   -14.2967 [2.000]
[kpt  68   5   1]    -6.1724 [2.000]    -5.7532 [2.000]    -5.7303 [2.000]     0.0697 [2.000]     0.0917 [2.000]
[kpt  68   5   2]     0.5599 [2.000]     6.4069 [2.000]     6.8812 [2.000]     7.1009 [2.000]     7.4120 [2.000]
[kpt  68   5   3]     7.8918 [2.000]     7.9485 [2.000]     9.5404 [2.000]     9.6944 [2.000]     9.9028 [2.000]
[kpt  68   5   4]    13.8472 [0.000]    13.8698 [0.000]    14.0050 [0.000]    16.5125 [0.000]    17.1412 [0.000]
[kpt  68   5   5]    18.0719 [0.000]    18.3390 [0.000]    18.3705 [0.000]    19.0921 [0.000]    19.4699 [0.000]
[kpt  68   5   6]    20.9348 [0.000]    21.3453 [0.000]    21.6982 [0.000]    21.7165 [0.000]    21.8478 [0.000]
[kpt  68   5   7]    21.9997 [0.000]    22.2084 [0.000]    23.0386 [0.000]    25.4173 [0.000]    26.2490 [0.000]
[kpt  68   5   8]    26.9754 [0.000]    27.4020 [0.000]    28.1701 [0.000]    28.7383 [0.000]    29.5743 [0.000]
[kpt  68   5   9]    29.8542 [0.000]    30.4962 [0.000]    30.7578 [0.000]




KOHN SHAM EIGENVALUES [eV] AT K-POINT [ 69]:       0.250000      0.333333      0.416667

[kpt  69   5   0]   -46.2589 [2.000]   -22.5136 [2.000]   -22.5039 [2.000]   -22.4909 [2.000]   -14.2824 [2.000]
[kpt  69   5   1]    -6.1125 [2.000]    -5.7315 [2.000]    -5.7107 [2.000]     0.0061 [2.000]     0.0893 [2.000]
[kpt  69   5   2]     0.4279 [2.000]     6.2473 [2.000]     6.7884 [2.000]     7.0831 [2.000]     7.3093 [2.000]
[kpt  69   5   3]     7.8735 [2.000]     7.9805 [2.000]     9.5466 [2.000]     9.7230 [2.000]     9.9942 [2.000]
[kpt  69   5   4]    13.8959 [0.000]    14.0621 [0.000]    14.1743 [0.000]    16.5357 [0.000]    17.4599 [0.000]
[kpt  69   5   5]    18.1261 [0.000]    18.3306 [0.000]    18.4925 [0.000]    18.9518 [0.000]    19.8340 [0.000]
[kpt  69   5   6]    20.8778 [0.000]    21.3416 [0.000]    21.6403 [0.000]    21.7309 [0.000]    21.9120 [0.000]
[kpt  69   5   7]    21.9631 [0.000]    22.0919 [0.000]    23.4695 [0.000]    25.0673 [0.000]    25.9465 [0.000]
[kpt  69   5   8]    26.9061 [0.000]    27.6913 [0.000]    27.7979 [0.000]    28.6261 [0.000]    29.1329 [0.000]
[kpt  69   5   9]    30.0060 [0.000]    30.3558 [0.000]    30.6174 [0.000]




KOHN SHAM EIGENVALUES [eV] AT K-POINT [ 70]:       0.250000      0.333333      0.500000

[kpt  70   5   0]   -46.2588 [2.000]   -22.5169 [2.000]   -22.5038 [2.000]   -22.4907 [2.000]   -14.2772 [2.000]
[kpt  70   5   1]    -6.0945 [2.000]    -5.7143 [2.000]    -5.7082 [2.000]    -0.0193 [2.000]     0.1111 [2.000]
[kpt  70   5   2]     0.3597 [2.000]     6.1599 [2.000]     6.7869 [2.000]     7.0928 [2.000]     7.2489 [2.000]
[kpt  70   5   3]     7.8708 [2.000]     7.9996 [2.000]     9.5520 [2.000]     9.7275 [2.000]    10.0224 [2.000]
[kpt  70   5   4]    13.9097 [0.000]    14.1401 [0.000]    14.2420 [0.000]    16.5323 [0.000]    17.5716 [0.000]
[kpt  70   5   5]    18.1388 [0.000]    18.3413 [0.000]    18.5447 [0.000]    18.8575 [0.000]    20.1168 [0.000]
[kpt  70   5   6]    20.8653 [0.000]    21.2708 [0.000]    21.5025 [0.000]    21.7259 [0.000]    21.9468 [0.000]
[kpt  70   5   7]    21.9644 [0.000]    22.0977 [0.000]    23.6741 [0.000]    24.8101 [0.000]    25.8747 [0.000]
[kpt  70   5   8]    26.8943 [0.000]    27.5914 [0.000]    27.9281 [0.000]    28.4828 [0.000]    28.9174 [0.000]
[kpt  70   5   9]    30.1847 [0.000]    30.2498 [0.000]    30.5283 [0.000]




KOHN SHAM EIGENVALUES [eV] AT K-POINT [ 71]:       0.250000      0.416667      0.416667

[kpt  71   5   0]   -46.2587 [2.000]   -22.5131 [2.000]   -22.5130 [2.000]   -22.4905 [2.000]   -14.2691 [2.000]
[kpt  71   5   1]    -6.0094 [2.000]    -5.7282 [2.000]    -5.7034 [2.000]    -0.0153 [2.000]     0.0107 [2.000]
[kpt  71   5   2]     0.2866 [2.000]     6.1377 [2.000]     6.5955 [2.000]     7.1130 [2.000]     7.3132 [2.000]
[kpt  71   5   3]     7.8547 [2.000]     7.9172 [2.000]     9.6515 [2.000]     9.7447 [2.000]    10.1377 [2.000]
[kpt  71   5   4]    14.0922 [0.000]    14.1039 [0.000]    14.3149 [0.000]    16.5828 [0.000]    17.7772 [0.000]
[kpt  71   5   5]    17.9158 [0.000]    18.3338 [0.000]    18.4397 [0.000]    19.1040 [0.000]    20.1714 [0.000]
[kpt  71   5   6]    20.9716 [0.000]    21.3249 [0.000]    21.6261 [0.000]    21.8929 [0.000]    21.9314 [0.000]
[kpt  71   5   7]    22.0421 [0.000]    22.2386 [0.000]    23.6979 [0.000]    25.1942 [0.000]    25.5970 [0.000]
[kpt  71   5   8]    26.8504 [0.000]    27.7606 [0.000]    27.8747 [0.000]    28.2881 [0.000]    28.7045 [0.000]
[kpt  71   5   9]    30.1368 [0.000]    30.3545 [0.000]    30.5865 [0.000]




KOHN SHAM EIGENVALUES [eV] AT K-POINT [ 72]:       0.250000      0.416667      0.500000

[kpt  72   5   0]   -46.2587 [2.000]   -22.5164 [2.000]   -22.5129 [2.000]   -22.4903 [2.000]   -14.2642 [2.000]
[kpt  72   5   1]    -5.9708 [2.000]    -5.7159 [2.000]    -5.7122 [2.000]    -0.0359 [2.000]     0.0157 [2.000]
[kpt  72   5   2]     0.2151 [2.000]     6.0678 [2.000]     6.5519 [2.000]     7.1430 [2.000]     7.2986 [2.000]
[kpt  72   5   3]     7.8544 [2.000]     7.8895 [2.000]     9.6994 [2.000]     9.7481 [2.000]    10.1846 [2.000]
[kpt  72   5   4]    14.1109 [0.000]    14.1750 [0.000]    14.3723 [0.000]    16.5773 [0.000]    17.8292 [0.000]
[kpt  72   5   5]    17.9142 [0.000]    18.3399 [0.000]    18.4157 [0.000]    19.1159 [0.000]    20.4214 [0.000]
[kpt  72   5   6]    21.0361 [0.000]    21.2767 [0.000]    21.3716 [0.000]    21.8794 [0.000]    21.9769 [0.000]
[kpt  72   5   7]    22.0145 [0.000]    22.1874 [0.000]    23.7237 [0.000]    25.1964 [0.000]    25.4807 [0.000]
[kpt  72   5   8]    26.8414 [0.000]    27.7930 [0.000]    27.8178 [0.000]    28.2509 [0.000]    28.3570 [0.000]
[kpt  72   5   9]    30.0535 [0.000]    30.4664 [0.000]    30.5409 [0.000]




KOHN SHAM EIGENVALUES [eV] AT K-POINT [ 73]:       0.250000      0.500000      0.500000

[kpt  73   5   0]   -46.2586 [2.000]   -22.5162 [2.000]   -22.5162 [2.000]   -22.4902 [2.000]   -14.2595 [2.000]
[kpt  73   5   1]    -5.9174 [2.000]    -5.7189 [2.000]    -5.7189 [2.000]    -0.0184 [2.000]    -0.0184 [2.000]
[kpt  73   5   2]     0.1396 [2.000]     6.0085 [2.000]     6.4923 [2.000]     7.1651 [2.000]     7.3230 [2.000]
[kpt  73   5   3]     7.8436 [2.000]     7.8436 [2.000]     9.7586 [2.000]     9.7586 [2.000]    10.2382 [2.000]
[kpt  73   5   4]    14.1875 [0.000]    14.1875 [0.000]    14.4257 [0.000]    16.5658 [0.000]    17.7422 [0.000]
[kpt  73   5   5]    18.0601 [0.000]    18.3454 [0.000]    18.3460 [0.000]    19.1659 [0.000]    20.8849 [0.000]
[kpt  73   5   6]    21.0132 [0.000]    21.0407 [0.000]    21.2415 [0.000]    21.8913 [0.000]    21.9734 [0.000]
[kpt  73   5   7]    22.1060 [0.000]    22.1314 [0.000]    23.7413 [0.000]    25.3103 [0.000]    25.3144 [0.000]
[kpt  73   5   8]    26.8558 [0.000]    27.8116 [0.000]    27.9623 [0.000]    27.9716 [0.000]    28.0549 [0.000]
[kpt  73   5   9]    29.9627 [0.000]    30.5444 [0.000]    30.5490 [0.000]




KOHN SHAM EIGENVALUES [eV] AT K-POINT [ 74]:       0.333333      0.333333      0.333333

[kpt  74   5   0]   -46.2588 [2.000]   -22.5042 [2.000]   -22.5036 [2.000]   -22.5036 [2.000]   -14.2785 [2.000]
[kpt  74   5   1]    -6.0551 [2.000]    -5.7186 [2.000]    -5.7186 [2.000]    -0.0277 [2.000]    -0.0277 [2.000]
[kpt  74   5   2]     0.3991 [2.000]     6.3593 [2.000]     6.8804 [2.000]     6.8804 [2.000]     7.3511 [2.000]
[kpt  74   5   3]     7.8852 [2.000]     7.8852 [2.000]     9.7527 [2.000]     9.7527 [2.000]     9.9639 [2.000]
[kpt  74   5   4]    14.0615 [0.000]    14.0616 [0.000]    14.0669 [0.000]    17.1005 [0.000]    17.1005 [0.000]
[kpt  74   5   5]    18.1371 [0.000]    18.1420 [0.000]    18.1426 [0.000]    19.3736 [0.000]    19.3882 [0.000]
[kpt  74   5   6]    20.9883 [0.000]    21.4051 [0.000]    21.7194 [0.000]    21.7591 [0.000]    22.0547 [0.000]
[kpt  74   5   7]    22.1724 [0.000]    22.4480 [0.000]    23.4591 [0.000]    25.2851 [0.000]    26.7638 [0.000]
[kpt  74   5   8]    26.7730 [0.000]    26.9587 [0.000]    28.3801 [0.000]    28.9031 [0.000]    29.0105 [0.000]
[kpt  74   5   9]    29.9010 [0.000]    29.9351 [0.000]    30.3279 [0.000]




KOHN SHAM EIGENVALUES [eV] AT K-POINT [ 75]:       0.333333      0.333333      0.416667

[kpt  75   5   0]   -46.2587 [2.000]   -22.5129 [2.000]   -22.5035 [2.000]   -22.5032 [2.000]   -14.2652 [2.000]
[kpt  75   5   1]    -5.9760 [2.000]    -5.7011 [2.000]    -5.6926 [2.000]    -0.1142 [2.000]    -0.0516 [2.000]
[kpt  75   5   2]     0.2401 [2.000]     6.2053 [2.000]     6.7579 [2.000]     6.8808 [2.000]     7.3433 [2.000]
[kpt  75   5   3]     7.8836 [2.000]     7.9160 [2.000]     9.7530 [2.000]     9.8887 [2.000]    10.0397 [2.000]
[kpt  75   5   4]    14.1064 [0.000]    14.2267 [0.000]    14.2363 [0.000]    17.0509 [0.000]    17.4659 [0.000]
[kpt  75   5   5]    18.0056 [0.000]    18.0161 [0.000]    18.1189 [0.000]    19.3262 [0.000]    19.8659 [0.000]
[kpt  75   5   6]    20.9842 [0.000]    21.4291 [0.000]    21.7846 [0.000]    21.9162 [0.000]    21.9299 [0.000]
[kpt  75   5   7]    22.1193 [0.000]    22.7189 [0.000]    23.6130 [0.000]    25.2876 [0.000]    26.2345 [0.000]
[kpt  75   5   8]    26.9447 [0.000]    27.3225 [0.000]    28.0828 [0.000]    28.7854 [0.000]    28.9104 [0.000]
[kpt  75   5   9]    29.7615 [0.000]    29.9459 [0.000]    30.0926 [0.000]




KOHN SHAM EIGENVALUES [eV] AT K-POINT [ 76]:       0.333333      0.333333      0.500000

[kpt  76   5   0]   -46.2586 [2.000]   -22.5163 [2.000]   -22.5033 [2.000]   -22.5030 [2.000]   -14.2602 [2.000]
[kpt  76   5   1]    -5.9500 [2.000]    -5.6913 [2.000]    -5.6830 [2.000]    -0.1456 [2.000]    -0.0382 [2.000]
[kpt  76   5   2]     0.1610 [2.000]     6.1178 [2.000]     6.7476 [2.000]     6.8811 [2.000]     7.3278 [2.000]
[kpt  76   5   3]     7.8835 [2.000]     7.9428 [2.000]     9.7508 [2.000]     9.9337 [2.000]    10.0675 [2.000]
[kpt  76   5   4]    14.1222 [0.000]    14.2933 [0.000]    14.3022 [0.000]    17.0264 [0.000]    17.5635 [0.000]
[kpt  76   5   5]    17.9567 [0.000]    18.0153 [0.000]    18.0908 [0.000]    19.2655 [0.000]    20.1677 [0.000]
[kpt  76   5   6]    21.1456 [0.000]    21.5045 [0.000]    21.6226 [0.000]    21.9121 [0.000]    21.9958 [0.000]
[kpt  76   5   7]    22.0231 [0.000]    22.0965 [0.000]    23.6296 [0.000]    25.4327 [0.000]    25.9682 [0.000]
[kpt  76   5   8]    26.9562 [0.000]    27.5074 [0.000]    28.0430 [0.000]    28.4894 [0.000]    29.0664 [0.000]
[kpt  76   5   9]    29.5235 [0.000]    29.9191 [0.000]    29.9988 [0.000]




KOHN SHAM EIGENVALUES [eV] AT K-POINT [ 77]:       0.333333      0.416667      0.416667

[kpt  77   5   0]   -46.2585 [2.000]   -22.5125 [2.000]   -22.5124 [2.000]   -22.5029 [2.000]   -14.2524 [2.000]
[kpt  77   5   1]    -5.8704 [2.000]    -5.6867 [2.000]    -5.6741 [2.000]    -0.1700 [2.000]    -0.1417 [2.000]
[kpt  77   5   2]     0.0687 [2.000]     6.0932 [2.000]     6.5986 [2.000]     6.8411 [2.000]     7.4597 [2.000]
[kpt  77   5   3]     7.8888 [2.000]     7.9032 [2.000]     9.8940 [2.000]     9.9468 [2.000]    10.1478 [2.000]
[kpt  77   5   4]    14.2729 [0.000]    14.2761 [0.000]    14.3745 [0.000]    17.1252 [0.000]    17.6280 [0.000]
[kpt  77   5   5]    17.7845 [0.000]    17.8500 [0.000]    18.0153 [0.000]    19.6020 [0.000]    20.2024 [0.000]
[kpt  77   5   6]    21.0788 [0.000]    21.4797 [0.000]    21.8594 [0.000]    22.0423 [0.000]    22.0634 [0.000]
[kpt  77   5   7]    22.3869 [0.000]    22.9873 [0.000]    23.7780 [0.000]    25.6029 [0.000]    26.3181 [0.000]
[kpt  77   5   8]    26.9532 [0.000]    27.3685 [0.000]    28.1472 [0.000]    28.6467 [0.000]    28.7062 [0.000]
[kpt  77   5   9]    29.7393 [0.000]    29.8269 [0.000]    29.8726 [0.000]




KOHN SHAM EIGENVALUES [eV] AT K-POINT [ 78]:       0.333333      0.416667      0.500000

[kpt  78   5   0]   -46.2584 [2.000]   -22.5158 [2.000]   -22.5123 [2.000]   -22.5028 [2.000]   -14.2477 [2.000]
[kpt  78   5   1]    -5.8299 [2.000]    -5.6792 [2.000]    -5.6706 [2.000]    -0.1964 [2.000]    -0.1442 [2.000]
[kpt  78   5   2]    -0.0162 [2.000]     6.0230 [2.000]     6.5547 [2.000]     6.8435 [2.000]     7.4934 [2.000]
[kpt  78   5   3]     7.8911 [2.000]     7.9074 [2.000]     9.9226 [2.000]     9.9831 [2.000]    10.1950 [2.000]
[kpt  78   5   4]    14.2901 [0.000]    14.3402 [0.000]    14.4316 [0.000]    17.0754 [0.000]    17.6499 [0.000]
[kpt  78   5   5]    17.7787 [0.000]    17.7790 [0.000]    18.0215 [0.000]    19.6112 [0.000]    20.4367 [0.000]
[kpt  78   5   6]    21.1692 [0.000]    21.5444 [0.000]    21.6397 [0.000]    22.0420 [0.000]    22.0942 [0.000]
[kpt  78   5   7]    22.1559 [0.000]    22.4528 [0.000]    23.5536 [0.000]    25.8650 [0.000]    26.0271 [0.000]
[kpt  78   5   8]    26.9843 [0.000]    27.4239 [0.000]    28.0176 [0.000]    28.3588 [0.000]    28.5988 [0.000]
[kpt  78   5   9]    29.6494 [0.000]    29.7453 [0.000]    29.8098 [0.000]




KOHN SHAM EIGENVALUES [eV] AT K-POINT [ 79]:       0.333333      0.500000      0.500000

[kpt  79   5   0]   -46.2584 [2.000]   -22.5156 [2.000]   -22.5156 [2.000]   -22.5026 [2.000]   -14.2431 [2.000]
[kpt  79   5   1]    -5.7763 [2.000]    -5.6749 [2.000]    -5.6749 [2.000]    -0.1824 [2.000]    -0.1824 [2.000]
[kpt  79   5   2]    -0.1117 [2.000]     5.9630 [2.000]     6.4964 [2.000]     6.8457 [2.000]     7.5532 [2.000]
[kpt  79   5   3]     7.8930 [2.000]     7.8930 [2.000]     9.9906 [2.000]     9.9906 [2.000]    10.2506 [2.000]
[kpt  79   5   4]    14.3556 [0.000]    14.3556 [0.000]    14.4854 [0.000]    17.0012 [0.000]    17.6923 [0.000]
[kpt  79   5   5]    17.6924 [0.000]    17.7278 [0.000]    18.0603 [0.000]    19.6596 [0.000]    20.7492 [0.000]
[kpt  79   5   6]    21.1892 [0.000]    21.4278 [0.000]    21.4735 [0.000]    21.8486 [0.000]    22.1340 [0.000]
[kpt  79   5   7]    22.1406 [0.000]    22.2292 [0.000]    23.3920 [0.000]    25.9836 [0.000]    26.0249 [0.000]
[kpt  79   5   8]    27.0228 [0.000]    27.3395 [0.000]    27.9584 [0.000]    28.2762 [0.000]    28.3024 [0.000]
[kpt  79   5   9]    29.5588 [0.000]    29.7577 [0.000]    29.7647 [0.000]




KOHN SHAM EIGENVALUES [eV] AT K-POINT [ 80]:       0.416667      0.416667      0.416667

[kpt  80   5   0]   -46.2583 [2.000]   -22.5121 [2.000]   -22.5119 [2.000]   -22.5119 [2.000]   -14.2401 [2.000]
[kpt  80   5   1]    -5.7621 [2.000]    -5.6555 [2.000]    -5.6555 [2.000]    -0.2510 [2.000]    -0.2510 [2.000]
[kpt  80   5   2]    -0.1094 [2.000]     5.9929 [2.000]     6.6012 [2.000]     6.6012 [2.000]     7.6720 [2.000]
[kpt  80   5   3]     7.9040 [2.000]     7.9040 [2.000]    10.0833 [2.000]    10.0833 [2.000]    10.1810 [2.000]
[kpt  80   5   4]    14.4184 [0.000]    14.4185 [0.000]    14.4188 [0.000]    17.3273 [0.000]    17.3273 [0.000]
[kpt  80   5   5]    17.4471 [0.000]    17.9144 [0.000]    17.9144 [0.000]    20.1365 [0.000]    20.1724 [0.000]
[kpt  80   5   6]    21.2600 [0.000]    21.6627 [0.000]    21.9038 [0.000]    22.0162 [0.000]    22.1243 [0.000]
[kpt  80   5   7]    22.1919 [0.000]    22.4915 [0.000]    23.4084 [0.000]    26.0597 [0.000]    26.7634 [0.000]
[kpt  80   5   8]    26.9391 [0.000]    27.0587 [0.000]    28.3122 [0.000]    28.3931 [0.000]    28.4751 [0.000]
[kpt  80   5   9]    29.4065 [0.000]    29.4714 [0.000]    29.5211 [0.000]




KOHN SHAM EIGENVALUES [eV] AT K-POINT [ 81]:       0.416667      0.416667      0.500000

[kpt  81   5   0]   -46.2582 [2.000]   -22.5153 [2.000]   -22.5119 [2.000]   -22.5118 [2.000]   -14.2356 [2.000]
[kpt  81   5   1]    -5.7186 [2.000]    -5.6518 [2.000]    -5.6439 [2.000]    -0.2907 [2.000]    -0.2585 [2.000]
[kpt  81   5   2]    -0.1943 [2.000]     5.9317 [2.000]     6.5408 [2.000]     6.6021 [2.000]     7.7382 [2.000]
[kpt  81   5   3]     7.9079 [2.000]     7.9142 [2.000]    10.1115 [2.000]    10.1543 [2.000]    10.2177 [2.000]
[kpt  81   5   4]    14.4349 [0.000]    14.4756 [0.000]    14.4761 [0.000]    17.1947 [0.000]    17.2753 [0.000]
[kpt  81   5   5]    17.3801 [0.000]    17.9004 [0.000]    18.0051 [0.000]    20.1245 [0.000]    20.4517 [0.000]
[kpt  81   5   6]    21.2944 [0.000]    21.5971 [0.000]    21.8822 [0.000]    21.9458 [0.000]    21.9590 [0.000]
[kpt  81   5   7]    22.0432 [0.000]    22.1313 [0.000]    23.2148 [0.000]    26.3981 [0.000]    26.4680 [0.000]
[kpt  81   5   8]    27.0239 [0.000]    27.0914 [0.000]    28.2109 [0.000]    28.2476 [0.000]    28.4084 [0.000]
[kpt  81   5   9]    29.3510 [0.000]    29.3796 [0.000]    29.4189 [0.000]




KOHN SHAM EIGENVALUES [eV] AT K-POINT [ 82]:       0.416667      0.500000      0.500000

[kpt  82   5   0]   -46.2582 [2.000]   -22.5152 [2.000]   -22.5152 [2.000]   -22.5117 [2.000]   -14.2311 [2.000]
[kpt  82   5   1]    -5.6693 [2.000]    -5.6417 [2.000]    -5.6417 [2.000]    -0.2998 [2.000]    -0.2998 [2.000]
[kpt  82   5   2]    -0.2822 [2.000]     5.8767 [2.000]     6.4995 [2.000]     6.5756 [2.000]     7.8235 [2.000]
[kpt  82   5   3]     7.9146 [2.000]     7.9146 [2.000]    10.1860 [2.000]    10.1860 [2.000]    10.2597 [2.000]
[kpt  82   5   4]    14.4923 [0.000]    14.4925 [0.000]    14.5304 [0.000]    17.0780 [0.000]    17.2345 [0.000]
[kpt  82   5   5]    17.2347 [0.000]    17.9444 [0.000]    18.0608 [0.000]    20.2657 [0.000]    20.6570 [0.000]
[kpt  82   5   6]    21.2912 [0.000]    21.8008 [0.000]    21.9155 [0.000]    21.9694 [0.000]    21.9920 [0.000]
[kpt  82   5   7]    22.1257 [0.000]    22.1999 [0.000]    23.0962 [0.000]    26.6485 [0.000]    26.6999 [0.000]
[kpt  82   5   8]    26.9323 [0.000]    27.1321 [0.000]    28.0857 [0.000]    28.2704 [0.000]    28.3023 [0.000]
[kpt  82   5   9]    29.3056 [0.000]    29.3134 [0.000]    29.3167 [0.000]




KOHN SHAM EIGENVALUES [eV] AT K-POINT [ 83]:       0.500000      0.500000      0.500000

[kpt  83   5   0]   -46.2581 [2.000]   -22.5150 [2.000]   -22.5150 [2.000]   -22.5150 [2.000]   -14.2267 [2.000]
[kpt  83   5   1]    -5.6293 [2.000]    -5.6293 [2.000]    -5.6293 [2.000]    -0.3422 [2.000]    -0.3422 [2.000]
[kpt  83   5   2]    -0.3422 [2.000]     5.8256 [2.000]     6.5006 [2.000]     6.5006 [2.000]     7.9199 [2.000]
[kpt  83   5   3]     7.9199 [2.000]     7.9199 [2.000]    10.2630 [2.000]    10.2630 [2.000]    10.2630 [2.000]
[kpt  83   5   4]    14.5467 [0.000]    14.5468 [0.000]    14.5468 [0.000]    17.0667 [0.000]    17.0668 [0.000]
[kpt  83   5   5]    17.0669 [0.000]    18.0608 [0.000]    18.0610 [0.000]    20.6252 [0.000]    20.6259 [0.000]
[kpt  83   5   6]    21.2462 [0.000]    21.5792 [0.000]    21.6167 [0.000]    21.7823 [0.000]    22.1378 [0.000]
[kpt  83   5   7]    22.1776 [0.000]    22.2054 [0.000]    22.9109 [0.000]    26.7038 [0.000]    26.7441 [0.000]
[kpt  83   5   8]    26.7667 [0.000]    27.2498 [0.000]    28.1362 [0.000]    28.1365 [0.000]    28.1376 [0.000]
[kpt  83   5   9]    29.2210 [0.000]    29.2224 [0.000]    29.2237 [0.000]


spinup:  valence band maximum = 10.263034 eV, conduction band minumm = 12.148184 eV
spinup:  Band gap = 1.885150 eV

Total charge in supercell =      40.00000000
 quench: [md:   0/100  scf:   5/20  step time:   3.58  scf time:    32.22 secs  RMS[dV]: 2.64e-02 ]


average potential <V> = 6.35e-05
Davidson converged in 3 steps
Davidson converged in 4 steps
Davidson converged in 5 steps
Davidson converged in 5 steps
Davidson converged in 3 steps
Davidson converged in 7 steps
Davidson converged in 6 steps

FERMI ENERGY =     11.27975872 eV
@@ EIGENVALUE SUM     =       -5.207419 Ha
@@ ION_ION            =     -103.531057 Ha
@@ ELECTROSTATIC      =      -29.371249 Ha
@@ VXC                =      -27.975429 Ha
@@ EXC                =      -21.516230 Ha
@@ TOTAL ENERGY       =     -131.650526 Ha
@@ estimated error    =        3.15e-04 Ha
Charge density mixing: Broyden
 quench: [md:   0/100  scf:   6/20  step time:   7.75  scf time:    39.97 secs  RMS[dV]: 2.47e-03 ]


average potential <V> = 3.20e-05
Davidson converged in 1 steps
Davidson converged in 1 steps
Davidson converged in 1 steps
Davidson converged in 1 steps
Davidson converged in 1 steps
Davidson converged in 1 steps
Davidson converged in 1 steps

FERMI ENERGY =     11.29412490 eV
@@ EIGENVALUE SUM     =       -5.196278 Ha
@@ ION_ION            =     -103.531057 Ha
@@ ELECTROSTATIC      =      -29.382990 Ha
@@ VXC                =      -27.978772 Ha
@@ EXC                =      -21.518992 Ha
@@ TOTAL ENERGY       =     -131.650545 Ha
@@ estimated error    =        1.29e-04 Ha
Charge density mixing: Broyden
 quench: [md:   0/100  scf:   7/20  step time:   3.65  scf time:    43.63 secs  RMS[dV]: 2.24e-03 ]


average potential <V> = 3.64e-06
Davidson converged in 1 steps
Davidson converged in 7 steps
Davidson converged in 1 steps
Davidson converged in 1 steps
Davidson converged in 1 steps
Davidson converged in 1 steps
Davidson converged in 3 steps

FERMI ENERGY =     11.29792384 eV
@@ EIGENVALUE SUM     =       -5.191513 Ha
@@ ION_ION            =     -103.531057 Ha
@@ ELECTROSTATIC      =      -29.388047 Ha
@@ VXC                =      -27.980178 Ha
@@ EXC                =      -21.520104 Ha
@@ TOTAL ENERGY       =     -131.650543 Ha
@@ estimated error    =        1.50e-05 Ha
Charge density mixing: Broyden
 quench: [md:   0/100  scf:   8/20  step time:   3.91  scf time:    47.53 secs  RMS[dV]: 7.07e-04 ]


average potential <V> = 4.23e-06
Davidson converged in 1 steps
Davidson converged in 1 steps
Davidson converged in 1 steps
Davidson converged in 1 steps
Davidson converged in 1 steps
Davidson converged in 1 steps
Davidson converged in 1 steps

FERMI ENERGY =     11.30200683 eV
@@ EIGENVALUE SUM     =       -5.188199 Ha
@@ ION_ION            =     -103.531057 Ha
@@ ELECTROSTATIC      =      -29.391505 Ha
@@ VXC                =      -27.980856 Ha
@@ EXC                =      -21.520637 Ha
@@ TOTAL ENERGY       =     -131.650542 Ha
@@ estimated error    =        6.29e-06 Ha
Charge density mixing: Broyden
 quench: [md:   0/100  scf:   9/20  step time:   3.62  scf time:    51.16 secs  RMS[dV]: 3.87e-04 ]


average potential <V> = 3.83e-07
Davidson converged in 3 steps
Davidson converged in 3 steps
Davidson converged in 3 steps
Davidson converged in 3 steps
Davidson converged in 3 steps
Davidson converged in 3 steps
Davidson converged in 3 steps

FERMI ENERGY =     11.30167991 eV
@@ EIGENVALUE SUM     =       -5.188769 Ha
@@ ION_ION            =     -103.531057 Ha
@@ ELECTROSTATIC      =      -29.390902 Ha
@@ VXC                =      -27.980707 Ha
@@ EXC                =      -21.520521 Ha
@@ TOTAL ENERGY       =     -131.650542 Ha
@@ estimated error    =        2.12e-07 Ha
Charge density mixing: Broyden
WriteRestart: Restart file Waves/wave.out opened...
WriteData: total size of each of the 1 files = 247.8 Mb
WriteData: writing took 0.2 seconds, writing speed 1059.270 Mbps 
WriteRestart: writing took 0.3 seconds 


KOHN SHAM EIGENVALUES [eV] AT K-POINT [  0]:       0.000000      0.000000      0.000000

[kpt   0  10   0]   -46.2972 [2.000]   -22.5063 [2.000]   -22.5063 [2.000]   -22.5063 [2.000]   -14.3850 [2.000]
[kpt   0  10   1]    -6.5255 [2.000]    -5.8521 [2.000]    -5.8521 [2.000]     0.4364 [2.000]     0.4364 [2.000]
[kpt   0  10   2]     0.4364 [2.000]     8.0050 [2.000]     8.0050 [2.000]     8.0050 [2.000]     9.1784 [2.000]
[kpt   0  10   3]     9.1784 [2.000]     9.1784 [2.000]    10.1642 [2.000]    10.1642 [2.000]    10.1642 [2.000]
[kpt   0  10   4]    12.1236 [0.000]    12.1236 [0.000]    12.1236 [0.000]    14.3077 [0.000]    14.3077 [0.000]
[kpt   0  10   5]    15.4575 [0.000]    15.4575 [0.000]    17.7061 [0.000]    18.9392 [0.000]    18.9392 [0.000]
[kpt   0  10   6]    18.9392 [0.000]    21.4161 [0.000]    21.7452 [0.000]    21.7452 [0.000]    21.7452 [0.000]
[kpt   0  10   7]    21.8795 [0.000]    21.8795 [0.000]    21.8795 [0.000]    25.2431 [0.000]    27.9759 [0.000]
[kpt   0  10   8]    27.9760 [0.000]    27.9760 [0.000]    31.1713 [0.000]    31.1713 [0.000]    31.1713 [0.000]
[kpt   0  10   9]    33.3132 [0.000]    33.3132 [0.000]    33.3132 [0.000]




KOHN SHAM EIGENVALUES [eV] AT K-POINT [  1]:       0.000000      0.000000      0.083333

[kpt   1  10   0]   -46.2971 [2.000]   -22.5097 [2.000]   -22.5062 [2.000]   -22.5062 [2.000]   -14.3773 [2.000]
[kpt   1  10   1]    -6.5270 [2.000]    -5.8500 [2.000]    -5.8487 [2.000]     0.4473 [2.000]     0.4473 [2.000]
[kpt   1  10   2]     0.4644 [2.000]     7.8886 [2.000]     7.9875 [2.000]     7.9875 [2.000]     9.0978 [2.000]
[kpt   1  10   3]     9.0978 [2.000]     9.1195 [2.000]     9.9761 [2.000]    10.1091 [2.000]    10.1091 [2.000]
[kpt   1  10   4]    12.1319 [0.000]    12.2713 [0.000]    12.2713 [0.000]    14.3081 [0.000]    14.5127 [0.000]
[kpt   1  10   5]    15.5839 [0.000]    15.5888 [0.000]    17.8738 [0.000]    18.9166 [0.000]    19.0134 [0.000]
[kpt   1  10   6]    19.0134 [0.000]    21.4146 [0.000]    21.7014 [0.000]    21.7463 [0.000]    21.7463 [0.000]
[kpt   1  10   7]    21.8540 [0.000]    21.8747 [0.000]    21.8747 [0.000]    25.2893 [0.000]    27.9673 [0.000]
[kpt   1  10   8]    27.9889 [0.000]    27.9889 [0.000]    30.8735 [0.000]    31.0704 [0.000]    31.0706 [0.000]
[kpt   1  10   9]    32.8416 [0.000]    33.0122 [0.000]    33.3293 [0.000]




KOHN SHAM EIGENVALUES [eV] AT K-POINT [  2]:       0.000000      0.000000      0.166667

[kpt   2  10   0]   -46.2969 [2.000]   -22.5192 [2.000]   -22.5058 [2.000]   -22.5058 [2.000]   -14.3560 [2.000]
[kpt   2  10   1]    -6.5446 [2.000]    -5.8441 [2.000]    -5.8237 [2.000]     0.4772 [2.000]     0.4772 [2.000]
[kpt   2  10   2]     0.5404 [2.000]     7.5727 [2.000]     7.9310 [2.000]     7.9310 [2.000]     8.9086 [2.000]
[kpt   2  10   3]     8.9086 [2.000]     8.9670 [2.000]     9.5478 [2.000]     9.9826 [2.000]     9.9826 [2.000]
[kpt   2  10   4]    12.1550 [0.000]    12.6329 [0.000]    12.6329 [0.000]    14.3090 [0.000]    14.9859 [0.000]
[kpt   2  10   5]    15.9298 [0.000]    15.9606 [0.000]    18.3563 [0.000]    18.8549 [0.000]    19.2144 [0.000]
[kpt   2  10   6]    19.2144 [0.000]    21.4107 [0.000]    21.5736 [0.000]    21.7495 [0.000]    21.7495 [0.000]
[kpt   2  10   7]    21.7775 [0.000]    21.8598 [0.000]    21.8598 [0.000]    25.3906 [0.000]    27.9354 [0.000]
[kpt   2  10   8]    28.0358 [0.000]    28.0358 [0.000]    30.3733 [0.000]    30.7925 [0.000]    30.7928 [0.000]
[kpt   2  10   9]    31.4991 [0.000]    32.4752 [0.000]    33.3817 [0.000]




KOHN SHAM EIGENVALUES [eV] AT K-POINT [  3]:       0.000000      0.000000      0.250000

[kpt   3  10   0]   -46.2967 [2.000]   -22.5320 [2.000]   -22.5053 [2.000]   -22.5053 [2.000]   -14.3267 [2.000]
[kpt   3  10   1]    -6.5950 [2.000]    -5.8360 [2.000]    -5.7576 [2.000]     0.5189 [2.000]     0.5189 [2.000]
[kpt   3  10   2]     0.6430 [2.000]     7.1476 [2.000]     7.8310 [2.000]     7.8310 [2.000]     8.7128 [2.000]
[kpt   3  10   3]     8.7128 [2.000]     8.7748 [2.000]     9.0876 [2.000]     9.8394 [2.000]     9.8394 [2.000]
[kpt   3  10   4]    12.1871 [0.000]    13.0680 [0.000]    13.0680 [0.000]    14.3102 [0.000]    15.5029 [0.000]
[kpt   3  10   5]    16.4108 [0.000]    16.5139 [0.000]    18.7703 [0.000]    19.0866 [0.000]    19.4851 [0.000]
[kpt   3  10   6]    19.4851 [0.000]    21.3826 [0.000]    21.4053 [0.000]    21.6536 [0.000]    21.7539 [0.000]
[kpt   3  10   7]    21.7539 [0.000]    21.8346 [0.000]    21.8346 [0.000]    25.4261 [0.000]    27.7455 [0.000]
[kpt   3  10   8]    28.1379 [0.000]    28.1379 [0.000]    29.9423 [0.000]    30.3114 [0.000]    30.3937 [0.000]
[kpt   3  10   9]    30.3939 [0.000]    31.8531 [0.000]    33.4904 [0.000]




KOHN SHAM EIGENVALUES [eV] AT K-POINT [  4]:       0.000000      0.000000      0.333333

[kpt   4  10   0]   -46.2965 [2.000]   -22.5448 [2.000]   -22.5048 [2.000]   -22.5048 [2.000]   -14.2969 [2.000]
[kpt   4  10   1]    -6.6654 [2.000]    -5.8278 [2.000]    -5.6648 [2.000]     0.5618 [2.000]     0.5618 [2.000]
[kpt   4  10   2]     0.7446 [2.000]     6.7315 [2.000]     7.7046 [2.000]     7.7046 [2.000]     8.5748 [2.000]
[kpt   4  10   3]     8.5748 [2.000]     8.5978 [2.000]     8.7116 [2.000]     9.7142 [2.000]     9.7142 [2.000]
[kpt   4  10   4]    12.2198 [0.000]    13.4654 [0.000]    13.4654 [0.000]    14.3114 [0.000]    15.9297 [0.000]
[kpt   4  10   5]    16.9145 [0.000]    17.1534 [0.000]    18.6854 [0.000]    19.7522 [0.000]    19.7522 [0.000]
[kpt   4  10   6]    19.8959 [0.000]    21.2453 [0.000]    21.4000 [0.000]    21.4984 [0.000]    21.7586 [0.000]
[kpt   4  10   7]    21.7586 [0.000]    21.8014 [0.000]    21.8014 [0.000]    25.1561 [0.000]    27.1154 [0.000]
[kpt   4  10   8]    28.3212 [0.000]    28.3212 [0.000]    29.6321 [0.000]    29.9342 [0.000]    29.9343 [0.000]
[kpt   4  10   9]    30.1186 [0.000]    31.2839 [0.000]    33.8404 [0.000]




KOHN SHAM EIGENVALUES [eV] AT K-POINT [  5]:       0.000000      0.000000      0.416667

[kpt   5  10   0]   -46.2963 [2.000]   -22.5541 [2.000]   -22.5044 [2.000]   -22.5044 [2.000]   -14.2748 [2.000]
[kpt   5  10   1]    -6.7245 [2.000]    -5.8219 [2.000]    -5.5848 [2.000]     0.5939 [2.000]     0.5939 [2.000]
[kpt   5  10   2]     0.8183 [2.000]     6.4332 [2.000]     7.5987 [2.000]     7.5987 [2.000]     8.4703 [2.000]
[kpt   5  10   3]     8.4762 [2.000]     8.5013 [2.000]     8.5013 [2.000]     9.6301 [2.000]     9.6301 [2.000]
[kpt   5  10   4]    12.2441 [0.000]    13.7422 [0.000]    13.7422 [0.000]    14.3122 [0.000]    16.2043 [0.000]
[kpt   5  10   5]    17.3091 [0.000]    17.7253 [0.000]    18.6229 [0.000]    19.9464 [0.000]    19.9464 [0.000]
[kpt   5  10   6]    20.2409 [0.000]    21.3549 [0.000]    21.3962 [0.000]    21.6884 [0.000]    21.7620 [0.000]
[kpt   5  10   7]    21.7620 [0.000]    21.7702 [0.000]    21.7702 [0.000]    24.3097 [0.000]    26.6015 [0.000]
[kpt   5  10   8]    28.5979 [0.000]    28.5979 [0.000]    29.4481 [0.000]    29.4681 [0.000]    29.4681 [0.000]
[kpt   5  10   9]    30.8073 [0.000]    30.8867 [0.000]    33.3595 [0.000]




KOHN SHAM EIGENVALUES [eV] AT K-POINT [  6]:       0.000000      0.000000      0.500000

[kpt   6  10   0]   -46.2962 [2.000]   -22.5575 [2.000]   -22.5043 [2.000]   -22.5043 [2.000]   -14.2667 [2.000]
[kpt   6  10   1]    -6.7472 [2.000]    -5.8197 [2.000]    -5.5535 [2.000]     0.6058 [2.000]     0.6058 [2.000]
[kpt   6  10   2]     0.8451 [2.000]     6.3255 [2.000]     7.5580 [2.000]     7.5580 [2.000]     8.3873 [2.000]
[kpt   6  10   3]     8.4333 [2.000]     8.4788 [2.000]     8.4788 [2.000]     9.6007 [2.000]     9.6007 [2.000]
[kpt   6  10   4]    12.2531 [0.000]    13.8415 [0.000]    13.8415 [0.000]    14.3125 [0.000]    16.2986 [0.000]
[kpt   6  10   5]    17.4617 [0.000]    17.9775 [0.000]    18.6000 [0.000]    20.0174 [0.000]    20.0174 [0.000]
[kpt   6  10   6]    20.1946 [0.000]    21.2937 [0.000]    21.3948 [0.000]    21.7562 [0.000]    21.7563 [0.000]
[kpt   6  10   7]    21.7642 [0.000]    21.7647 [0.000]    22.4059 [0.000]    23.4883 [0.000]    26.4691 [0.000]
[kpt   6  10   8]    28.8660 [0.000]    28.8663 [0.000]    29.1336 [0.000]    29.1336 [0.000]    29.3869 [0.000]
[kpt   6  10   9]    30.7449 [0.000]    31.7851 [0.000]    32.1332 [0.000]




KOHN SHAM EIGENVALUES [eV] AT K-POINT [  7]:       0.000000      0.083333      0.083333

[kpt   7  10   0]   -46.2970 [2.000]   -22.5097 [2.000]   -22.5095 [2.000]   -22.5060 [2.000]   -14.3697 [2.000]
[kpt   7  10   1]    -6.5257 [2.000]    -5.8483 [2.000]    -5.8461 [2.000]     0.4350 [2.000]     0.4582 [2.000]
[kpt   7  10   2]     0.5101 [2.000]     7.8090 [2.000]     7.9342 [2.000]     7.9723 [2.000]     8.9174 [2.000]
[kpt   7  10   3]     9.0204 [2.000]     9.1841 [2.000]     9.8348 [2.000]    10.0353 [2.000]    10.0495 [2.000]
[kpt   7  10   4]    12.2565 [0.000]    12.3006 [0.000]    12.3889 [0.000]    14.4096 [0.000]    14.6188 [0.000]
[kpt   7  10   5]    15.7048 [0.000]    15.7174 [0.000]    18.0120 [0.000]    18.9726 [0.000]    19.0136 [0.000]
[kpt   7  10   6]    19.0993 [0.000]    21.4110 [0.000]    21.6885 [0.000]    21.7143 [0.000]    21.7477 [0.000]
[kpt   7  10   7]    21.8333 [0.000]    21.8695 [0.000]    21.8700 [0.000]    25.3337 [0.000]    27.7973 [0.000]
[kpt   7  10   8]    27.9947 [0.000]    28.1609 [0.000]    30.4689 [0.000]    30.9599 [0.000]    31.2509 [0.000]
[kpt   7  10   9]    32.5764 [0.000]    32.8912 [0.000]    33.1410 [0.000]




KOHN SHAM EIGENVALUES [eV] AT K-POINT [  8]:       0.000000      0.083333      0.166667

[kpt   8  10   0]   -46.2969 [2.000]   -22.5190 [2.000]   -22.5092 [2.000]   -22.5057 [2.000]   -14.3490 [2.000]
[kpt   8  10   1]    -6.5355 [2.000]    -5.8416 [2.000]    -5.8259 [2.000]     0.4488 [2.000]     0.4885 [2.000]
[kpt   8  10   2]     0.5872 [2.000]     7.5212 [2.000]     7.8549 [2.000]     7.9221 [2.000]     8.6666 [2.000]
[kpt   8  10   3]     8.8366 [2.000]     9.1284 [2.000]     9.4687 [2.000]     9.9130 [2.000]     9.9152 [2.000]
[kpt   8  10   4]    12.2950 [0.000]    12.6416 [0.000]    12.6984 [0.000]    14.4475 [0.000]    15.0617 [0.000]
[kpt   8  10   5]    16.0343 [0.000]    16.0853 [0.000]    18.4088 [0.000]    18.9325 [0.000]    19.2050 [0.000]
[kpt   8  10   6]    19.3379 [0.000]    21.4011 [0.000]    21.5707 [0.000]    21.6986 [0.000]    21.7515 [0.000]
[kpt   8  10   7]    21.7708 [0.000]    21.8554 [0.000]    21.8577 [0.000]    25.4329 [0.000]    27.6241 [0.000]
[kpt   8  10   8]    28.0189 [0.000]    28.3367 [0.000]    29.9656 [0.000]    30.6586 [0.000]    31.1731 [0.000]
[kpt   8  10   9]    31.4294 [0.000]    32.4313 [0.000]    33.0477 [0.000]




KOHN SHAM EIGENVALUES [eV] AT K-POINT [  9]:       0.000000      0.083333      0.250000

[kpt   9  10   0]   -46.2966 [2.000]   -22.5318 [2.000]   -22.5087 [2.000]   -22.5052 [2.000]   -14.3203 [2.000]
[kpt   9  10   1]    -6.5761 [2.000]    -5.8322 [2.000]    -5.7659 [2.000]     0.4867 [2.000]     0.5309 [2.000]
[kpt   9  10   2]     0.6722 [2.000]     7.1146 [2.000]     7.7500 [2.000]     7.8296 [2.000]     8.4053 [2.000]
[kpt   9  10   3]     8.6446 [2.000]     8.9380 [2.000]     9.1648 [2.000]     9.7596 [2.000]     9.7718 [2.000]
[kpt   9  10   4]    12.3249 [0.000]    13.0730 [0.000]    13.0975 [0.000]    14.4542 [0.000]    15.5813 [0.000]
[kpt   9  10   5]    16.4956 [0.000]    16.6343 [0.000]    18.8578 [0.000]    18.9779 [0.000]    19.4820 [0.000]
[kpt   9  10   6]    19.7004 [0.000]    21.3864 [0.000]    21.3883 [0.000]    21.6266 [0.000]    21.7313 [0.000]
[kpt   9  10   7]    21.7563 [0.000]    21.8306 [0.000]    21.8352 [0.000]    25.4672 [0.000]    27.4464 [0.000]
[kpt   9  10   8]    28.0787 [0.000]    28.3614 [0.000]    29.5389 [0.000]    30.2254 [0.000]    30.3459 [0.000]
[kpt   9  10   9]    30.8847 [0.000]    31.8665 [0.000]    32.9788 [0.000]




KOHN SHAM EIGENVALUES [eV] AT K-POINT [ 10]:       0.000000      0.083333      0.333333

[kpt  10  10   0]   -46.2964 [2.000]   -22.5446 [2.000]   -22.5082 [2.000]   -22.5047 [2.000]   -14.2912 [2.000]
[kpt  10  10   1]    -6.6387 [2.000]    -5.8228 [2.000]    -5.6773 [2.000]     0.5342 [2.000]     0.5743 [2.000]
[kpt  10  10   2]     0.7464 [2.000]     6.7107 [2.000]     7.6398 [2.000]     7.7078 [2.000]     8.1563 [2.000]
[kpt  10  10   3]     8.5107 [2.000]     8.6971 [2.000]     9.0356 [2.000]     9.6261 [2.000]     9.6281 [2.000]
[kpt  10  10   4]    12.3549 [0.000]    13.4682 [0.000]    13.4787 [0.000]    14.4560 [0.000]    16.0127 [0.000]
[kpt  10  10   5]    16.9838 [0.000]    17.2712 [0.000]    18.7819 [0.000]    19.4776 [0.000]    19.7555 [0.000]
[kpt  10  10   6]    20.1749 [0.000]    21.2703 [0.000]    21.3768 [0.000]    21.5058 [0.000]    21.7280 [0.000]
[kpt  10  10   7]    21.7612 [0.000]    21.7977 [0.000]    21.8036 [0.000]    25.1816 [0.000]    27.0519 [0.000]
[kpt  10  10   8]    28.1649 [0.000]    28.1921 [0.000]    29.2121 [0.000]    29.7526 [0.000]    30.3020 [0.000]
[kpt  10  10   9]    30.5345 [0.000]    31.3439 [0.000]    32.9038 [0.000]




KOHN SHAM EIGENVALUES [eV] AT K-POINT [ 11]:       0.000000      0.083333      0.416667

[kpt  11  10   0]   -46.2962 [2.000]   -22.5539 [2.000]   -22.5078 [2.000]   -22.5043 [2.000]   -14.2696 [2.000]
[kpt  11  10   1]    -6.6932 [2.000]    -5.8160 [2.000]    -5.5995 [2.000]     0.5734 [2.000]     0.6069 [2.000]
[kpt  11  10   2]     0.7954 [2.000]     6.4185 [2.000]     7.5640 [2.000]     7.6033 [2.000]     7.9651 [2.000]
[kpt  11  10   3]     8.4413 [2.000]     8.5444 [2.000]     8.9846 [2.000]     9.5178 [2.000]     9.5366 [2.000]
[kpt  11  10   4]    12.3773 [0.000]    13.7438 [0.000]    13.7514 [0.000]    14.4557 [0.000]    16.2900 [0.000]
[kpt  11  10   5]    17.3723 [0.000]    17.8438 [0.000]    18.7259 [0.000]    19.7251 [0.000]    19.9535 [0.000]
[kpt  11  10   6]    20.3328 [0.000]    21.3701 [0.000]    21.3807 [0.000]    21.7145 [0.000]    21.7630 [0.000]
[kpt  11  10   7]    21.7655 [0.000]    21.7680 [0.000]    21.8079 [0.000]    24.3178 [0.000]    26.6236 [0.000]
[kpt  11  10   8]    28.3059 [0.000]    28.3505 [0.000]    28.9750 [0.000]    29.2686 [0.000]    30.2448 [0.000]
[kpt  11  10   9]    30.9465 [0.000]    31.0688 [0.000]    32.8341 [0.000]




KOHN SHAM EIGENVALUES [eV] AT K-POINT [ 12]:       0.000000      0.083333      0.500000

[kpt  12  10   0]   -46.2962 [2.000]   -22.5573 [2.000]   -22.5077 [2.000]   -22.5042 [2.000]   -14.2617 [2.000]
[kpt  12  10   1]    -6.7144 [2.000]    -5.8135 [2.000]    -5.5689 [2.000]     0.5887 [2.000]     0.6189 [2.000]
[kpt  12  10   2]     0.8123 [2.000]     6.3124 [2.000]     7.5395 [2.000]     7.5627 [2.000]     7.8918 [2.000]
[kpt  12  10   3]     8.4205 [2.000]     8.4935 [2.000]     8.9728 [2.000]     9.4755 [2.000]     9.5053 [2.000]
[kpt  12  10   4]    12.3856 [0.000]    13.8427 [0.000]    13.8506 [0.000]    14.4551 [0.000]    16.3851 [0.000]
[kpt  12  10   5]    17.5248 [0.000]    18.0981 [0.000]    18.7053 [0.000]    19.7897 [0.000]    20.0255 [0.000]
[kpt  12  10   6]    20.2536 [0.000]    21.3479 [0.000]    21.3683 [0.000]    21.7203 [0.000]    21.7518 [0.000]
[kpt  12  10   7]    21.7618 [0.000]    21.7669 [0.000]    22.5209 [0.000]    23.4753 [0.000]    26.5002 [0.000]
[kpt  12  10   8]    28.4537 [0.000]    28.5308 [0.000]    28.8605 [0.000]    28.9530 [0.000]    30.1293 [0.000]
[kpt  12  10   9]    30.8370 [0.000]    31.9544 [0.000]    32.3862 [0.000]




KOHN SHAM EIGENVALUES [eV] AT K-POINT [ 13]:       0.000000      0.166667      0.166667

[kpt  13  10   0]   -46.2967 [2.000]   -22.5189 [2.000]   -22.5183 [2.000]   -22.5053 [2.000]   -14.3295 [2.000]
[kpt  13  10   1]    -6.5219 [2.000]    -5.8376 [2.000]    -5.8159 [2.000]     0.4300 [2.000]     0.5200 [2.000]
[kpt  13  10   2]     0.6551 [2.000]     7.3380 [2.000]     7.6919 [2.000]     7.8904 [2.000]     8.3583 [2.000]
[kpt  13  10   3]     8.6604 [2.000]     9.1983 [2.000]     9.2191 [2.000]     9.7530 [2.000]     9.8434 [2.000]
[kpt  13  10   4]    12.5949 [0.000]    12.7094 [0.000]    12.9004 [0.000]    14.6358 [0.000]    15.3741 [0.000]
[kpt  13  10   5]    16.3183 [0.000]    16.4465 [0.000]    18.5935 [0.000]    19.0972 [0.000]    19.2248 [0.000]
[kpt  13  10   6]    19.6543 [0.000]    21.3752 [0.000]    21.5419 [0.000]    21.6057 [0.000]    21.7119 [0.000]
[kpt  13  10   7]    21.7562 [0.000]    21.8416 [0.000]    21.8568 [0.000]    25.5362 [0.000]    27.2652 [0.000]
[kpt  13  10   8]    27.9695 [0.000]    28.6495 [0.000]    29.4908 [0.000]    30.3086 [0.000]    30.9698 [0.000]
[kpt  13  10   9]    31.4922 [0.000]    31.9719 [0.000]    32.6308 [0.000]




KOHN SHAM EIGENVALUES [eV] AT K-POINT [ 14]:       0.000000      0.166667      0.250000

[kpt  14  10   0]   -46.2965 [2.000]   -22.5313 [2.000]   -22.5180 [2.000]   -22.5048 [2.000]   -14.3027 [2.000]
[kpt  14  10   1]    -6.5310 [2.000]    -5.8258 [2.000]    -5.7763 [2.000]     0.4420 [2.000]     0.5639 [2.000]
[kpt  14  10   2]     0.7077 [2.000]     7.0155 [2.000]     7.5401 [2.000]     7.8219 [2.000]     8.0321 [2.000]
[kpt  14  10   3]     8.4705 [2.000]     8.9328 [2.000]     9.2284 [2.000]     9.5737 [2.000]     9.7656 [2.000]
[kpt  14  10   4]    12.6635 [0.000]    13.0894 [0.000]    13.2092 [0.000]    14.7087 [0.000]    15.8537 [0.000]
[kpt  14  10   5]    16.7240 [0.000]    16.9876 [0.000]    18.9013 [0.000]    19.0909 [0.000]    19.4784 [0.000]
[kpt  14  10   6]    20.0744 [0.000]    21.3413 [0.000]    21.3999 [0.000]    21.5632 [0.000]    21.6487 [0.000]
[kpt  14  10   7]    21.7623 [0.000]    21.8179 [0.000]    21.8465 [0.000]    25.5864 [0.000]    26.9529 [0.000]
[kpt  14  10   8]    27.8965 [0.000]    28.6329 [0.000]    29.1493 [0.000]    29.8337 [0.000]    30.1989 [0.000]
[kpt  14  10   9]    31.4919 [0.000]    31.6874 [0.000]    32.2898 [0.000]




KOHN SHAM EIGENVALUES [eV] AT K-POINT [ 15]:       0.000000      0.166667      0.333333

[kpt  15  10   0]   -46.2962 [2.000]   -22.5440 [2.000]   -22.5174 [2.000]   -22.5043 [2.000]   -14.2755 [2.000]
[kpt  15  10   1]    -6.5671 [2.000]    -5.8117 [2.000]    -5.7063 [2.000]     0.4788 [2.000]     0.6091 [2.000]
[kpt  15  10   2]     0.7324 [2.000]     6.6555 [2.000]     7.4303 [2.000]     7.7162 [2.000]     7.7293 [2.000]
[kpt  15  10   3]     8.3414 [2.000]     8.7841 [2.000]     9.2142 [2.000]     9.4184 [2.000]     9.6484 [2.000]
[kpt  15  10   4]    12.6907 [0.000]    13.4764 [0.000]    13.5408 [0.000]    14.7330 [0.000]    16.2836 [0.000]
[kpt  15  10   5]    17.1697 [0.000]    17.6179 [0.000]    19.0444 [0.000]    19.2002 [0.000]    19.7665 [0.000]
[kpt  15  10   6]    20.4589 [0.000]    21.2928 [0.000]    21.3112 [0.000]    21.5731 [0.000]    21.6389 [0.000]
[kpt  15  10   7]    21.7676 [0.000]    21.7862 [0.000]    21.8225 [0.000]    25.2608 [0.000]    26.7925 [0.000]
[kpt  15  10   8]    27.8223 [0.000]    27.9461 [0.000]    28.9523 [0.000]    29.3192 [0.000]    30.3369 [0.000]
[kpt  15  10   9]    31.2978 [0.000]    31.4981 [0.000]    31.9993 [0.000]




KOHN SHAM EIGENVALUES [eV] AT K-POINT [ 16]:       0.000000      0.166667      0.416667

[kpt  16  10   0]   -46.2960 [2.000]   -22.5533 [2.000]   -22.5170 [2.000]   -22.5040 [2.000]   -14.2554 [2.000]
[kpt  16  10   1]    -6.6060 [2.000]    -5.8015 [2.000]    -5.6387 [2.000]     0.5229 [2.000]     0.6429 [2.000]
[kpt  16  10   2]     0.7313 [2.000]     6.3815 [2.000]     7.3764 [2.000]     7.5124 [2.000]     7.6166 [2.000]
[kpt  16  10   3]     8.2807 [2.000]     8.7113 [2.000]     9.2320 [2.000]     9.3141 [2.000]     9.5172 [2.000]
[kpt  16  10   4]    12.7094 [0.000]    13.7483 [0.000]    13.7948 [0.000]    14.7403 [0.000]    16.5640 [0.000]
[kpt  16  10   5]    17.5446 [0.000]    18.1921 [0.000]    19.0078 [0.000]    19.3408 [0.000]    19.9752 [0.000]
[kpt  16  10   6]    20.4440 [0.000]    21.2947 [0.000]    21.3785 [0.000]    21.5970 [0.000]    21.7534 [0.000]
[kpt  16  10   7]    21.7725 [0.000]    21.7893 [0.000]    22.0705 [0.000]    24.3492 [0.000]    26.6720 [0.000]
[kpt  16  10   8]    27.6895 [0.000]    27.7725 [0.000]    28.8340 [0.000]    28.8664 [0.000]    30.7813 [0.000]
[kpt  16  10   9]    31.0925 [0.000]    31.2533 [0.000]    32.1595 [0.000]




KOHN SHAM EIGENVALUES [eV] AT K-POINT [ 17]:       0.000000      0.166667      0.500000

[kpt  17  10   0]   -46.2960 [2.000]   -22.5567 [2.000]   -22.5169 [2.000]   -22.5038 [2.000]   -14.2480 [2.000]
[kpt  17  10   1]    -6.6222 [2.000]    -5.7978 [2.000]    -5.6111 [2.000]     0.5448 [2.000]     0.6555 [2.000]
[kpt  17  10   2]     0.7248 [2.000]     6.2800 [2.000]     7.3797 [2.000]     7.4164 [2.000]     7.5767 [2.000]
[kpt  17  10   3]     8.2641 [2.000]     8.6873 [2.000]     9.2646 [2.000]     9.2775 [2.000]     9.4423 [2.000]
[kpt  17  10   4]    12.7162 [0.000]    13.8462 [0.000]    13.8901 [0.000]    14.7414 [0.000]    16.6605 [0.000]
[kpt  17  10   5]    17.7001 [0.000]    18.4536 [0.000]    18.9942 [0.000]    19.3589 [0.000]    20.0503 [0.000]
[kpt  17  10   6]    20.3256 [0.000]    21.2908 [0.000]    21.4132 [0.000]    21.5931 [0.000]    21.7394 [0.000]
[kpt  17  10   7]    21.7731 [0.000]    21.7737 [0.000]    22.8192 [0.000]    23.4443 [0.000]    26.5921 [0.000]
[kpt  17  10   8]    27.7561 [0.000]    27.7848 [0.000]    28.5741 [0.000]    28.8454 [0.000]    31.0073 [0.000]
[kpt  17  10   9]    31.0408 [0.000]    31.0502 [0.000]    32.8990 [0.000]




KOHN SHAM EIGENVALUES [eV] AT K-POINT [ 18]:       0.000000      0.250000      0.250000

[kpt  18  10   0]   -46.2962 [2.000]   -22.5311 [2.000]   -22.5303 [2.000]   -22.5043 [2.000]   -14.2785 [2.000]
[kpt  18  10   1]    -6.4891 [2.000]    -5.8219 [2.000]    -5.7623 [2.000]     0.4212 [2.000]     0.6101 [2.000]
[kpt  18  10   2]     0.7139 [2.000]     6.8356 [2.000]     7.2960 [2.000]     7.6480 [2.000]     7.7944 [2.000]
[kpt  18  10   3]     8.2682 [2.000]     8.8298 [2.000]     9.2857 [2.000]     9.3640 [2.000]     9.8269 [2.000]
[kpt  18  10   4]    13.0264 [0.000]    13.1609 [0.000]    13.4177 [0.000]    14.8654 [0.000]    16.2900 [0.000]
[kpt  18  10   5]    17.0531 [0.000]    17.5244 [0.000]    18.9379 [0.000]    19.3469 [0.000]    19.5337 [0.000]
[kpt  18  10   6]    20.4417 [0.000]    21.2770 [0.000]    21.4145 [0.000]    21.4171 [0.000]    21.6374 [0.000]
[kpt  18  10   7]    21.7696 [0.000]    21.7960 [0.000]    21.8528 [0.000]    25.7336 [0.000]    26.4202 [0.000]
[kpt  18  10   8]    27.6331 [0.000]    28.7103 [0.000]    28.9434 [0.000]    29.3372 [0.000]    29.4159 [0.000]
[kpt  18  10   9]    31.6085 [0.000]    31.8883 [0.000]    32.0780 [0.000]




KOHN SHAM EIGENVALUES [eV] AT K-POINT [ 19]:       0.000000      0.250000      0.333333

[kpt  19  10   0]   -46.2960 [2.000]   -22.5433 [2.000]   -22.5300 [2.000]   -22.5039 [2.000]   -14.2540 [2.000]
[kpt  19  10   1]    -6.4751 [2.000]    -5.8063 [2.000]    -5.7273 [2.000]     0.4316 [2.000]     0.6577 [2.000]
[kpt  19  10   2]     0.6872 [2.000]     6.5705 [2.000]     7.1249 [2.000]     7.3179 [2.000]     7.7252 [2.000]
[kpt  19  10   3]     8.1260 [2.000]     8.8269 [2.000]     9.1819 [2.000]     9.2902 [2.000]     9.8424 [2.000]
[kpt  19  10   4]    13.0997 [0.000]    13.4897 [0.000]    13.6770 [0.000]    14.9337 [0.000]    16.7151 [0.000]
[kpt  19  10   5]    17.4326 [0.000]    18.1541 [0.000]    18.9972 [0.000]    19.3976 [0.000]    19.7909 [0.000]
[kpt  19  10   6]    20.6772 [0.000]    21.2159 [0.000]    21.2607 [0.000]    21.4099 [0.000]    21.7653 [0.000]
[kpt  19  10   7]    21.7761 [0.000]    21.8411 [0.000]    21.8487 [0.000]    25.3932 [0.000]    26.2803 [0.000]
[kpt  19  10   8]    27.3887 [0.000]    27.8885 [0.000]    28.8134 [0.000]    28.8576 [0.000]    29.3050 [0.000]
[kpt  19  10   9]    31.7190 [0.000]    31.9725 [0.000]    32.0162 [0.000]




KOHN SHAM EIGENVALUES [eV] AT K-POINT [ 20]:       0.000000      0.250000      0.416667

[kpt  20  10   0]   -46.2958 [2.000]   -22.5525 [2.000]   -22.5296 [2.000]   -22.5035 [2.000]   -14.2358 [2.000]
[kpt  20  10   1]    -6.4826 [2.000]    -5.7881 [2.000]    -5.6874 [2.000]     0.4653 [2.000]     0.6406 [2.000]
[kpt  20  10   2]     0.6934 [2.000]     6.3305 [2.000]     6.9978 [2.000]     7.1506 [2.000]     7.6374 [2.000]
[kpt  20  10   3]     8.0692 [2.000]     8.8964 [2.000]     9.0589 [2.000]     9.2439 [2.000]     9.8228 [2.000]
[kpt  20  10   4]    13.1170 [0.000]    13.7549 [0.000]    13.8943 [0.000]    14.9604 [0.000]    17.0012 [0.000]
[kpt  20  10   5]    17.7860 [0.000]    18.7375 [0.000]    18.9663 [0.000]    19.3963 [0.000]    20.0124 [0.000]
[kpt  20  10   6]    20.5518 [0.000]    21.1792 [0.000]    21.3481 [0.000]    21.3996 [0.000]    21.7342 [0.000]
[kpt  20  10   7]    21.7799 [0.000]    21.8092 [0.000]    22.3867 [0.000]    24.4152 [0.000]    26.5494 [0.000]
[kpt  20  10   8]    27.1663 [0.000]    27.2304 [0.000]    28.3841 [0.000]    28.8297 [0.000]    29.4605 [0.000]
[kpt  20  10   9]    31.3973 [0.000]    31.9052 [0.000]    32.6271 [0.000]




KOHN SHAM EIGENVALUES [eV] AT K-POINT [ 21]:       0.000000      0.250000      0.500000

[kpt  21  10   0]   -46.2958 [2.000]   -22.5559 [2.000]   -22.5294 [2.000]   -22.5034 [2.000]   -14.2291 [2.000]
[kpt  21  10   1]    -6.4887 [2.000]    -5.7810 [2.000]    -5.6693 [2.000]     0.4906 [2.000]     0.6104 [2.000]
[kpt  21  10   2]     0.7067 [2.000]     6.2364 [2.000]     6.9380 [2.000]     7.1148 [2.000]     7.5988 [2.000]
[kpt  21  10   3]     8.0570 [2.000]     8.9459 [2.000]     9.0154 [2.000]     9.2059 [2.000]     9.8096 [2.000]
[kpt  21  10   4]    13.1226 [0.000]    13.8512 [0.000]    13.9794 [0.000]    14.9671 [0.000]    17.1002 [0.000]
[kpt  21  10   5]    17.9535 [0.000]    18.9087 [0.000]    19.0179 [0.000]    19.3946 [0.000]    20.0923 [0.000]
[kpt  21  10   6]    20.3935 [0.000]    21.1698 [0.000]    21.3887 [0.000]    21.4439 [0.000]    21.7197 [0.000]
[kpt  21  10   7]    21.7812 [0.000]    21.7837 [0.000]    23.1876 [0.000]    23.4184 [0.000]    26.7371 [0.000]
[kpt  21  10   8]    26.9034 [0.000]    27.1771 [0.000]    28.1930 [0.000]    28.8245 [0.000]    29.5325 [0.000]
[kpt  21  10   9]    31.2637 [0.000]    31.8591 [0.000]    33.4369 [0.000]




KOHN SHAM EIGENVALUES [eV] AT K-POINT [ 22]:       0.000000      0.333333      0.333333

[kpt  22  10   0]   -46.2957 [2.000]   -22.5429 [2.000]   -22.5423 [2.000]   -22.5034 [2.000]   -14.2321 [2.000]
[kpt  22  10   1]    -6.3965 [2.000]    -5.8051 [2.000]    -5.7269 [2.000]     0.4110 [2.000]     0.6188 [2.000]
[kpt  22  10   2]     0.7079 [2.000]     6.4306 [2.000]     6.8818 [2.000]     6.9397 [2.000]     7.7164 [2.000]
[kpt  22  10   3]     7.9429 [2.000]     8.9295 [2.000]     8.9758 [2.000]     9.3582 [2.000]     9.9780 [2.000]
[kpt  22  10   4]    13.4441 [0.000]    13.5370 [0.000]    13.8676 [0.000]    15.0333 [0.000]    17.1559 [0.000]
[kpt  22  10   5]    17.7356 [0.000]    18.7936 [0.000]    18.8405 [0.000]    19.7026 [0.000]    19.8699 [0.000]
[kpt  22  10   6]    20.8306 [0.000]    21.1162 [0.000]    21.1773 [0.000]    21.2432 [0.000]    21.7376 [0.000]
[kpt  22  10   7]    21.7817 [0.000]    21.8430 [0.000]    22.1941 [0.000]    25.3810 [0.000]    25.7388 [0.000]
[kpt  22  10   8]    27.0375 [0.000]    27.8016 [0.000]    28.1937 [0.000]    28.4067 [0.000]    28.8206 [0.000]
[kpt  22  10   9]    31.6361 [0.000]    32.4099 [0.000]    32.5108 [0.000]




KOHN SHAM EIGENVALUES [eV] AT K-POINT [ 23]:       0.000000      0.333333      0.416667

[kpt  23  10   0]   -46.2956 [2.000]   -22.5517 [2.000]   -22.5420 [2.000]   -22.5030 [2.000]   -14.2160 [2.000]
[kpt  23  10   1]    -6.3539 [2.000]    -5.7884 [2.000]    -5.7248 [2.000]     0.4212 [2.000]     0.5460 [2.000]
[kpt  23  10   2]     0.7456 [2.000]     6.2540 [2.000]     6.6797 [2.000]     6.7858 [2.000]     7.6616 [2.000]
[kpt  23  10   3]     7.8666 [2.000]     8.8360 [2.000]     9.0835 [2.000]     9.3501 [2.000]    10.0398 [2.000]
[kpt  23  10   4]    13.4948 [0.000]    13.7622 [0.000]    14.0408 [0.000]    15.0749 [0.000]    17.4625 [0.000]
[kpt  23  10   5]    18.0427 [0.000]    18.6722 [0.000]    19.3987 [0.000]    19.7902 [0.000]    20.0653 [0.000]
[kpt  23  10   6]    20.6547 [0.000]    21.0453 [0.000]    21.1544 [0.000]    21.3363 [0.000]    21.7081 [0.000]
[kpt  23  10   7]    21.7848 [0.000]    21.8114 [0.000]    22.6960 [0.000]    24.4928 [0.000]    25.8606 [0.000]
[kpt  23  10   8]    26.8171 [0.000]    27.1676 [0.000]    27.9955 [0.000]    28.2128 [0.000]    28.8066 [0.000]
[kpt  23  10   9]    31.4410 [0.000]    32.5812 [0.000]    33.0873 [0.000]




KOHN SHAM EIGENVALUES [eV] AT K-POINT [ 24]:       0.000000      0.333333      0.500000

[kpt  24  10   0]   -46.2955 [2.000]   -22.5551 [2.000]   -22.5419 [2.000]   -22.5029 [2.000]   -14.2101 [2.000]
[kpt  24  10   1]    -6.3425 [2.000]    -5.7736 [2.000]    -5.7280 [2.000]     0.4426 [2.000]     0.5022 [2.000]
[kpt  24  10   2]     0.7596 [2.000]     6.1728 [2.000]     6.5984 [2.000]     6.7588 [2.000]     7.6259 [2.000]
[kpt  24  10   3]     7.8564 [2.000]     8.7862 [2.000]     9.1976 [2.000]     9.2914 [2.000]    10.0557 [2.000]
[kpt  24  10   4]    13.5000 [0.000]    13.8566 [0.000]    14.1114 [0.000]    15.0859 [0.000]    17.5694 [0.000]
[kpt  24  10   5]    18.2383 [0.000]    18.5318 [0.000]    19.7217 [0.000]    19.8073 [0.000]    20.1501 [0.000]
[kpt  24  10   6]    20.4398 [0.000]    21.0236 [0.000]    21.1487 [0.000]    21.4668 [0.000]    21.6942 [0.000]
[kpt  24  10   7]    21.7723 [0.000]    21.7857 [0.000]    23.4385 [0.000]    23.5277 [0.000]    25.9566 [0.000]
[kpt  24  10   8]    26.7434 [0.000]    26.9131 [0.000]    27.8891 [0.000]    28.2322 [0.000]    28.8032 [0.000]
[kpt  24  10   9]    31.3486 [0.000]    32.6072 [0.000]    33.6555 [0.000]




KOHN SHAM EIGENVALUES [eV] AT K-POINT [ 25]:       0.000000      0.416667      0.416667

[kpt  25  10   0]   -46.2954 [2.000]   -22.5512 [2.000]   -22.5511 [2.000]   -22.5027 [2.000]   -14.2014 [2.000]
[kpt  25  10   1]    -6.2568 [2.000]    -5.7921 [2.000]    -5.7493 [2.000]     0.4031 [2.000]     0.4685 [2.000]
[kpt  25  10   2]     0.7848 [2.000]     6.1395 [2.000]     6.4638 [2.000]     6.5826 [2.000]     7.6729 [2.000]
[kpt  25  10   3]     7.7331 [2.000]     8.6844 [2.000]     9.2629 [2.000]     9.4185 [2.000]    10.1545 [2.000]
[kpt  25  10   4]    13.7494 [0.000]    13.7792 [0.000]    14.1791 [0.000]    15.1229 [0.000]    17.7959 [0.000]
[kpt  25  10   5]    18.2344 [0.000]    18.5100 [0.000]    19.9981 [0.000]    20.0646 [0.000]    20.1387 [0.000]
[kpt  25  10   6]    20.6447 [0.000]    20.9329 [0.000]    21.0251 [0.000]    21.3861 [0.000]    21.6809 [0.000]
[kpt  25  10   7]    21.7659 [0.000]    21.7864 [0.000]    23.0701 [0.000]    24.3648 [0.000]    25.1357 [0.000]
[kpt  25  10   8]    26.5612 [0.000]    27.2489 [0.000]    27.4163 [0.000]    27.7943 [0.000]    28.7922 [0.000]
[kpt  25  10   9]    31.3587 [0.000]    33.0141 [0.000]    33.5435 [0.000]




KOHN SHAM EIGENVALUES [eV] AT K-POINT [ 26]:       0.000000      0.416667      0.500000

[kpt  26  10   0]   -46.2953 [2.000]   -22.5545 [2.000]   -22.5509 [2.000]   -22.5026 [2.000]   -14.1960 [2.000]
[kpt  26  10   1]    -6.2214 [2.000]    -5.7799 [2.000]    -5.7712 [2.000]     0.4111 [2.000]     0.4269 [2.000]
[kpt  26  10   2]     0.7994 [2.000]     6.0758 [2.000]     6.3845 [2.000]     6.5354 [2.000]     7.6505 [2.000]
[kpt  26  10   3]     7.7129 [2.000]     8.6304 [2.000]     9.3776 [2.000]     9.3981 [2.000]    10.1890 [2.000]
[kpt  26  10   4]    13.7660 [0.000]    13.8606 [0.000]    14.2366 [0.000]    15.1354 [0.000]    17.9143 [0.000]
[kpt  26  10   5]    18.2842 [0.000]    18.4862 [0.000]    20.1234 [0.000]    20.2124 [0.000]    20.3329 [0.000]
[kpt  26  10   6]    20.4588 [0.000]    20.8895 [0.000]    21.0548 [0.000]    21.4904 [0.000]    21.6678 [0.000]
[kpt  26  10   7]    21.6873 [0.000]    21.7865 [0.000]    23.5833 [0.000]    23.7694 [0.000]    24.9739 [0.000]
[kpt  26  10   8]    26.4748 [0.000]    27.0754 [0.000]    27.4142 [0.000]    27.6854 [0.000]    28.7873 [0.000]
[kpt  26  10   9]    31.3039 [0.000]    33.1645 [0.000]    33.4591 [0.000]




KOHN SHAM EIGENVALUES [eV] AT K-POINT [ 27]:       0.000000      0.500000      0.500000

[kpt  27  10   0]   -46.2953 [2.000]   -22.5543 [2.000]   -22.5543 [2.000]   -22.5024 [2.000]   -14.1908 [2.000]
[kpt  27  10   1]    -6.1717 [2.000]    -5.7871 [2.000]    -5.7871 [2.000]     0.4003 [2.000]     0.4003 [2.000]
[kpt  27  10   2]     0.8142 [2.000]     6.0185 [2.000]     6.3115 [2.000]     6.4749 [2.000]     7.6610 [2.000]
[kpt  27  10   3]     7.6610 [2.000]     8.5747 [2.000]     9.4427 [2.000]     9.4427 [2.000]    10.2300 [2.000]
[kpt  27  10   4]    13.8621 [0.000]    13.8621 [0.000]    14.2887 [0.000]    15.1482 [0.000]    18.0391 [0.000]
[kpt  27  10   5]    18.1986 [0.000]    18.5919 [0.000]    20.2437 [0.000]    20.2437 [0.000]    20.4624 [0.000]
[kpt  27  10   6]    20.4624 [0.000]    20.8303 [0.000]    21.3106 [0.000]    21.5012 [0.000]    21.5012 [0.000]
[kpt  27  10   7]    21.6554 [0.000]    21.7862 [0.000]    23.8580 [0.000]    23.8580 [0.000]    24.3198 [0.000]
[kpt  27  10   8]    26.3838 [0.000]    27.1493 [0.000]    27.1493 [0.000]    27.6064 [0.000]    28.7814 [0.000]
[kpt  27  10   9]    31.2640 [0.000]    33.3905 [0.000]    33.4201 [0.000]




KOHN SHAM EIGENVALUES [eV] AT K-POINT [ 28]:       0.083333      0.083333      0.083333

[kpt  28  10   0]   -46.2970 [2.000]   -22.5097 [2.000]   -22.5094 [2.000]   -22.5094 [2.000]   -14.3623 [2.000]
[kpt  28  10   1]    -6.5220 [2.000]    -5.8456 [2.000]    -5.8456 [2.000]     0.4418 [2.000]     0.4418 [2.000]
[kpt  28  10   2]     0.5587 [2.000]     7.7292 [2.000]     7.9201 [2.000]     7.9201 [2.000]     8.8565 [2.000]
[kpt  28  10   3]     8.8565 [2.000]     9.2449 [2.000]     9.6872 [2.000]     9.9876 [2.000]     9.9876 [2.000]
[kpt  28  10   4]    12.3629 [0.000]    12.4135 [0.000]    12.4135 [0.000]    14.6189 [0.000]    14.6189 [0.000]
[kpt  28  10   5]    15.8308 [0.000]    15.8308 [0.000]    18.1142 [0.000]    19.0822 [0.000]    19.0822 [0.000]
[kpt  28  10   6]    19.0872 [0.000]    21.4058 [0.000]    21.6785 [0.000]    21.7115 [0.000]    21.7115 [0.000]
[kpt  28  10   7]    21.8349 [0.000]    21.8349 [0.000]    21.8804 [0.000]    25.3759 [0.000]    27.8164 [0.000]
[kpt  28  10   8]    27.8165 [0.000]    28.3191 [0.000]    30.1306 [0.000]    31.1380 [0.000]    31.1383 [0.000]
[kpt  28  10   9]    32.5180 [0.000]    32.5234 [0.000]    33.0732 [0.000]




KOHN SHAM EIGENVALUES [eV] AT K-POINT [ 29]:       0.083333      0.083333      0.166667

[kpt  29  10   0]   -46.2968 [2.000]   -22.5189 [2.000]   -22.5092 [2.000]   -22.5090 [2.000]   -14.3420 [2.000]
[kpt  29  10   1]    -6.5248 [2.000]    -5.8381 [2.000]    -5.8291 [2.000]     0.4481 [2.000]     0.4605 [2.000]
[kpt  29  10   2]     0.6397 [2.000]     7.4635 [2.000]     7.8223 [2.000]     7.8738 [2.000]     8.6064 [2.000]
[kpt  29  10   3]     8.6842 [2.000]     9.2327 [2.000]     9.3496 [2.000]     9.8620 [2.000]     9.8674 [2.000]
[kpt  29  10   4]    12.4121 [0.000]    12.7053 [0.000]    12.7122 [0.000]    14.6188 [0.000]    15.1051 [0.000]
[kpt  29  10   5]    16.1433 [0.000]    16.1914 [0.000]    18.4113 [0.000]    19.0461 [0.000]    19.2626 [0.000]
[kpt  29  10   6]    19.3989 [0.000]    21.3917 [0.000]    21.5677 [0.000]    21.6892 [0.000]    21.6983 [0.000]
[kpt  29  10   7]    21.7855 [0.000]    21.8277 [0.000]    21.8736 [0.000]    25.4716 [0.000]    27.5639 [0.000]
[kpt  29  10   8]    27.8814 [0.000]    28.4972 [0.000]    29.6493 [0.000]    30.8367 [0.000]    31.1207 [0.000]
[kpt  29  10   9]    31.4118 [0.000]    32.2888 [0.000]    32.8648 [0.000]




KOHN SHAM EIGENVALUES [eV] AT K-POINT [ 30]:       0.083333      0.083333      0.250000

[kpt  30  10   0]   -46.2966 [2.000]   -22.5316 [2.000]   -22.5086 [2.000]   -22.5085 [2.000]   -14.3140 [2.000]
[kpt  30  10   1]    -6.5564 [2.000]    -5.8278 [2.000]    -5.7736 [2.000]     0.4863 [2.000]     0.4898 [2.000]
[kpt  30  10   2]     0.7158 [2.000]     7.0792 [2.000]     7.6998 [2.000]     7.7906 [2.000]     8.3921 [2.000]
[kpt  30  10   3]     8.4144 [2.000]     9.0767 [2.000]     9.1349 [2.000]     9.7065 [2.000]     9.7207 [2.000]
[kpt  30  10   4]    12.4432 [0.000]    13.1028 [0.000]    13.1081 [0.000]    14.6180 [0.000]    15.6391 [0.000]
[kpt  30  10   5]    16.5836 [0.000]    16.7336 [0.000]    18.7911 [0.000]    19.0610 [0.000]    19.4874 [0.000]
[kpt  30  10   6]    19.8604 [0.000]    21.3627 [0.000]    21.4013 [0.000]    21.6098 [0.000]    21.6987 [0.000]
[kpt  30  10   7]    21.7642 [0.000]    21.8072 [0.000]    21.8525 [0.000]    25.5046 [0.000]    27.3115 [0.000]
[kpt  30  10   8]    28.0117 [0.000]    28.4330 [0.000]    29.2226 [0.000]    30.3250 [0.000]    30.4170 [0.000]
[kpt  30  10   9]    30.9725 [0.000]    31.8468 [0.000]    32.6574 [0.000]




KOHN SHAM EIGENVALUES [eV] AT K-POINT [ 31]:       0.083333      0.083333      0.333333

[kpt  31  10   0]   -46.2963 [2.000]   -22.5444 [2.000]   -22.5081 [2.000]   -22.5080 [2.000]   -14.2856 [2.000]
[kpt  31  10   1]    -6.6117 [2.000]    -5.8174 [2.000]    -5.6885 [2.000]     0.5124 [2.000]     0.5557 [2.000]
[kpt  31  10   2]     0.7659 [2.000]     6.6900 [2.000]     7.5844 [2.000]     7.6867 [2.000]     8.1029 [2.000]
[kpt  31  10   3]     8.2472 [2.000]     8.9778 [2.000]     9.0156 [2.000]     9.5358 [2.000]     9.5876 [2.000]
[kpt  31  10   4]    12.4733 [0.000]    13.4806 [0.000]    13.4883 [0.000]    14.6159 [0.000]    16.0792 [0.000]
[kpt  31  10   5]    17.0551 [0.000]    17.3634 [0.000]    18.8569 [0.000]    19.4048 [0.000]    19.6719 [0.000]
[kpt  31  10   6]    20.3470 [0.000]    21.2816 [0.000]    21.3890 [0.000]    21.5063 [0.000]    21.6990 [0.000]
[kpt  31  10   7]    21.7634 [0.000]    21.7777 [0.000]    21.8213 [0.000]    25.2081 [0.000]    26.9902 [0.000]
[kpt  31  10   8]    27.9917 [0.000]    28.2304 [0.000]    28.8147 [0.000]    29.9392 [0.000]    30.2815 [0.000]
[kpt  31  10   9]    30.7901 [0.000]    31.3797 [0.000]    32.4997 [0.000]




KOHN SHAM EIGENVALUES [eV] AT K-POINT [ 32]:       0.083333      0.083333      0.416667

[kpt  32  10   0]   -46.2962 [2.000]   -22.5537 [2.000]   -22.5077 [2.000]   -22.5076 [2.000]   -14.2645 [2.000]
[kpt  32  10   1]    -6.6618 [2.000]    -5.8097 [2.000]    -5.6125 [2.000]     0.5316 [2.000]     0.6238 [2.000]
[kpt  32  10   2]     0.7816 [2.000]     6.4047 [2.000]     7.5256 [2.000]     7.6027 [2.000]     7.8506 [2.000]
[kpt  32  10   3]     8.1644 [2.000]     8.9281 [2.000]     8.9880 [2.000]     9.3809 [2.000]     9.4963 [2.000]
[kpt  32  10   4]    12.4953 [0.000]    13.7535 [0.000]    13.7577 [0.000]    14.6126 [0.000]    16.3609 [0.000]
[kpt  32  10   5]    17.4368 [0.000]    17.9230 [0.000]    18.8384 [0.000]    19.7147 [0.000]    19.7594 [0.000]
[kpt  32  10   6]    20.4024 [0.000]    21.3320 [0.000]    21.4336 [0.000]    21.6833 [0.000]    21.7455 [0.000]
[kpt  32  10   7]    21.7636 [0.000]    21.7909 [0.000]    21.9042 [0.000]    24.3322 [0.000]    26.6444 [0.000]
[kpt  32  10   8]    27.9288 [0.000]    28.4798 [0.000]    28.5464 [0.000]    29.4507 [0.000]    30.2755 [0.000]
[kpt  32  10   9]    31.0411 [0.000]    31.2991 [0.000]    32.3956 [0.000]




KOHN SHAM EIGENVALUES [eV] AT K-POINT [ 33]:       0.083333      0.083333      0.500000

[kpt  33  10   0]   -46.2961 [2.000]   -22.5571 [2.000]   -22.5076 [2.000]   -22.5075 [2.000]   -14.2567 [2.000]
[kpt  33  10   1]    -6.6815 [2.000]    -5.8069 [2.000]    -5.5823 [2.000]     0.5387 [2.000]     0.6573 [2.000]
[kpt  33  10   2]     0.7784 [2.000]     6.3005 [2.000]     7.5221 [2.000]     7.5714 [2.000]     7.7428 [2.000]
[kpt  33  10   3]     8.1367 [2.000]     8.8970 [2.000]     9.0157 [2.000]     9.3067 [2.000]     9.4639 [2.000]
[kpt  33  10   4]    12.5034 [0.000]    13.8533 [0.000]    13.8551 [0.000]    14.6107 [0.000]    16.4575 [0.000]
[kpt  33  10   5]    17.5891 [0.000]    18.1623 [0.000]    18.8425 [0.000]    19.7744 [0.000]    19.8212 [0.000]
[kpt  33  10   6]    20.2997 [0.000]    21.3341 [0.000]    21.4111 [0.000]    21.6852 [0.000]    21.7374 [0.000]
[kpt  33  10   7]    21.7595 [0.000]    21.7811 [0.000]    22.6480 [0.000]    23.4669 [0.000]    26.5315 [0.000]
[kpt  33  10   8]    28.0802 [0.000]    28.2481 [0.000]    28.8686 [0.000]    29.0688 [0.000]    30.2078 [0.000]
[kpt  33  10   9]    30.9177 [0.000]    32.0957 [0.000]    32.3568 [0.000]




KOHN SHAM EIGENVALUES [eV] AT K-POINT [ 34]:       0.083333      0.166667      0.166667

[kpt  34  10   0]   -46.2966 [2.000]   -22.5187 [2.000]   -22.5182 [2.000]   -22.5087 [2.000]   -14.3230 [2.000]
[kpt  34  10   1]    -6.5064 [2.000]    -5.8332 [2.000]    -5.8202 [2.000]     0.4259 [2.000]     0.4685 [2.000]
[kpt  34  10   2]     0.7179 [2.000]     7.2762 [2.000]     7.6840 [2.000]     7.8192 [2.000]     8.3612 [2.000]
[kpt  34  10   3]     8.5317 [2.000]     9.0560 [2.000]     9.3136 [2.000]     9.7292 [2.000]     9.8045 [2.000]
[kpt  34  10   4]    12.6788 [0.000]    12.7732 [0.000]    12.9130 [0.000]    14.8539 [0.000]    15.3733 [0.000]
[kpt  34  10   5]    16.4245 [0.000]    16.5218 [0.000]    18.5083 [0.000]    19.2557 [0.000]    19.2736 [0.000]
[kpt  34  10   6]    19.7362 [0.000]    21.3657 [0.000]    21.5382 [0.000]    21.6015 [0.000]    21.6653 [0.000]
[kpt  34  10   7]    21.7706 [0.000]    21.8104 [0.000]    21.8757 [0.000]    25.5659 [0.000]    27.3049 [0.000]
[kpt  34  10   8]    27.8103 [0.000]    28.6656 [0.000]    29.2477 [0.000]    30.5968 [0.000]    30.9177 [0.000]
[kpt  34  10   9]    31.3929 [0.000]    31.7486 [0.000]    32.5827 [0.000]




KOHN SHAM EIGENVALUES [eV] AT K-POINT [ 35]:       0.083333      0.166667      0.250000

[kpt  35  10   0]   -46.2964 [2.000]   -22.5312 [2.000]   -22.5179 [2.000]   -22.5082 [2.000]   -14.2967 [2.000]
[kpt  35  10   1]    -6.5088 [2.000]    -5.8199 [2.000]    -5.7830 [2.000]     0.4312 [2.000]     0.4923 [2.000]
[kpt  35  10   2]     0.7732 [2.000]     6.9740 [2.000]     7.5173 [2.000]     7.7374 [2.000]     8.0846 [2.000]
[kpt  35  10   3]     8.3408 [2.000]     8.8478 [2.000]     9.3009 [2.000]     9.5627 [2.000]     9.7288 [2.000]
[kpt  35  10   4]    12.7460 [0.000]    13.1284 [0.000]    13.2221 [0.000]    14.9164 [0.000]    15.8676 [0.000]
[kpt  35  10   5]    16.8133 [0.000]    17.0427 [0.000]    18.7394 [0.000]    19.2502 [0.000]    19.4830 [0.000]
[kpt  35  10   6]    20.2224 [0.000]    21.3191 [0.000]    21.4183 [0.000]    21.5607 [0.000]    21.6233 [0.000]
[kpt  35  10   7]    21.7630 [0.000]    21.7918 [0.000]    21.8653 [0.000]    25.6115 [0.000]    26.9641 [0.000]
[kpt  35  10   8]    27.8321 [0.000]    28.5074 [0.000]    28.9124 [0.000]    30.0996 [0.000]    30.2517 [0.000]
[kpt  35  10   9]    31.3804 [0.000]    31.5183 [0.000]    32.2046 [0.000]




KOHN SHAM EIGENVALUES [eV] AT K-POINT [ 36]:       0.083333      0.166667      0.333333

[kpt  36  10   0]   -46.2962 [2.000]   -22.5439 [2.000]   -22.5173 [2.000]   -22.5077 [2.000]   -14.2701 [2.000]
[kpt  36  10   1]    -6.5390 [2.000]    -5.8050 [2.000]    -5.7142 [2.000]     0.4528 [2.000]     0.5375 [2.000]
[kpt  36  10   2]     0.7872 [2.000]     6.6351 [2.000]     7.3825 [2.000]     7.6269 [2.000]     7.8171 [2.000]
[kpt  36  10   3]     8.1860 [2.000]     8.8189 [2.000]     9.2273 [2.000]     9.4161 [2.000]     9.6154 [2.000]
[kpt  36  10   4]    12.7771 [0.000]    13.4990 [0.000]    13.5528 [0.000]    14.9297 [0.000]    16.3117 [0.000]
[kpt  36  10   5]    17.2429 [0.000]    17.6525 [0.000]    18.9826 [0.000]    19.2912 [0.000]    19.6402 [0.000]
[kpt  36  10   6]    20.5972 [0.000]    21.2452 [0.000]    21.4175 [0.000]    21.5655 [0.000]    21.6358 [0.000]
[kpt  36  10   7]    21.7605 [0.000]    21.7678 [0.000]    21.8420 [0.000]    25.2901 [0.000]    26.7605 [0.000]
[kpt  36  10   8]    27.7805 [0.000]    27.9700 [0.000]    28.5136 [0.000]    29.6632 [0.000]    30.3176 [0.000]
[kpt  36  10   9]    31.2004 [0.000]    31.4519 [0.000]    31.8466 [0.000]




KOHN SHAM EIGENVALUES [eV] AT K-POINT [ 37]:       0.083333      0.166667      0.416667

[kpt  37  10   0]   -46.2960 [2.000]   -22.5531 [2.000]   -22.5169 [2.000]   -22.5073 [2.000]   -14.2504 [2.000]
[kpt  37  10   1]    -6.5741 [2.000]    -5.7943 [2.000]    -5.6470 [2.000]     0.4683 [2.000]     0.6096 [2.000]
[kpt  37  10   2]     0.7564 [2.000]     6.3703 [2.000]     7.3253 [2.000]     7.5084 [2.000]     7.6284 [2.000]
[kpt  37  10   3]     8.1080 [2.000]     8.8868 [2.000]     9.1219 [2.000]     9.3360 [2.000]     9.4926 [2.000]
[kpt  37  10   4]    12.7982 [0.000]    13.7661 [0.000]    13.8046 [0.000]    14.9305 [0.000]    16.5996 [0.000]
[kpt  37  10   5]    17.6111 [0.000]    18.1810 [0.000]    19.1125 [0.000]    19.3545 [0.000]    19.7616 [0.000]
[kpt  37  10   6]    20.4949 [0.000]    21.2472 [0.000]    21.4797 [0.000]    21.5769 [0.000]    21.7284 [0.000]
[kpt  37  10   7]    21.7655 [0.000]    21.8145 [0.000]    22.1744 [0.000]    24.3825 [0.000]    26.6843 [0.000]
[kpt  37  10   8]    27.4704 [0.000]    27.7964 [0.000]    28.5357 [0.000]    29.2136 [0.000]    30.6081 [0.000]
[kpt  37  10   9]    31.0283 [0.000]    31.2655 [0.000]    32.0020 [0.000]




KOHN SHAM EIGENVALUES [eV] AT K-POINT [ 38]:       0.083333      0.166667      0.500000

[kpt  38  10   0]   -46.2959 [2.000]   -22.5565 [2.000]   -22.5167 [2.000]   -22.5072 [2.000]   -14.2432 [2.000]
[kpt  38  10   1]    -6.5890 [2.000]    -5.7904 [2.000]    -5.6195 [2.000]     0.4733 [2.000]     0.6881 [2.000]
[kpt  38  10   2]     0.6932 [2.000]     6.2710 [2.000]     7.3388 [2.000]     7.4191 [2.000]     7.5756 [2.000]
[kpt  38  10   3]     8.0845 [2.000]     8.9718 [2.000]     9.0275 [2.000]     9.3241 [2.000]     9.4282 [2.000]
[kpt  38  10   4]    12.8057 [0.000]    13.8635 [0.000]    13.8988 [0.000]    14.9293 [0.000]    16.6984 [0.000]
[kpt  38  10   5]    17.7669 [0.000]    18.3918 [0.000]    19.1879 [0.000]    19.3457 [0.000]    19.8263 [0.000]
[kpt  38  10   6]    20.3526 [0.000]    21.2487 [0.000]    21.5000 [0.000]    21.5724 [0.000]    21.7143 [0.000]
[kpt  38  10   7]    21.7619 [0.000]    21.8029 [0.000]    22.9693 [0.000]    23.4493 [0.000]    26.6241 [0.000]
[kpt  38  10   8]    27.5641 [0.000]    27.6008 [0.000]    28.7770 [0.000]    28.8522 [0.000]    30.7015 [0.000]
[kpt  38  10   9]    31.0103 [0.000]    31.1043 [0.000]    32.4368 [0.000]




KOHN SHAM EIGENVALUES [eV] AT K-POINT [ 39]:       0.083333      0.250000      0.250000

[kpt  39  10   0]   -46.2962 [2.000]   -22.5309 [2.000]   -22.5302 [2.000]   -22.5077 [2.000]   -14.2729 [2.000]
[kpt  39  10   1]    -6.4631 [2.000]    -5.8154 [2.000]    -5.7668 [2.000]     0.4024 [2.000]     0.5000 [2.000]
[kpt  39  10   2]     0.7984 [2.000]     6.7978 [2.000]     7.2921 [2.000]     7.5654 [2.000]     7.8600 [2.000]
[kpt  39  10   3]     8.2058 [2.000]     8.6797 [2.000]     9.3700 [2.000]     9.3784 [2.000]     9.7965 [2.000]
[kpt  39  10   4]    13.0854 [0.000]    13.2029 [0.000]    13.4328 [0.000]    15.0905 [0.000]    16.2880 [0.000]
[kpt  39  10   5]    17.1323 [0.000]    17.5424 [0.000]    18.7991 [0.000]    19.3907 [0.000]    19.5380 [0.000]
[kpt  39  10   6]    20.6157 [0.000]    21.2563 [0.000]    21.4329 [0.000]    21.4354 [0.000]    21.6367 [0.000]
[kpt  39  10   7]    21.7657 [0.000]    21.7727 [0.000]    21.8693 [0.000]    25.7358 [0.000]    26.4937 [0.000]
[kpt  39  10   8]    27.5810 [0.000]    28.4491 [0.000]    28.7743 [0.000]    29.4149 [0.000]    29.7190 [0.000]
[kpt  39  10   9]    31.3963 [0.000]    31.6629 [0.000]    32.0143 [0.000]




KOHN SHAM EIGENVALUES [eV] AT K-POINT [ 40]:       0.083333      0.250000      0.333333

[kpt  40  10   0]   -46.2959 [2.000]   -22.5431 [2.000]   -22.5299 [2.000]   -22.5072 [2.000]   -14.2488 [2.000]
[kpt  40  10   1]    -6.4453 [2.000]    -5.7984 [2.000]    -5.7307 [2.000]     0.4019 [2.000]     0.5160 [2.000]
[kpt  40  10   2]     0.7842 [2.000]     6.5531 [2.000]     7.1084 [2.000]     7.3150 [2.000]     7.7412 [2.000]
[kpt  40  10   3]     8.0747 [2.000]     8.6833 [2.000]     9.2171 [2.000]     9.3611 [2.000]     9.8200 [2.000]
[kpt  40  10   4]    13.1591 [0.000]    13.5216 [0.000]    13.6919 [0.000]    15.1557 [0.000]    16.7174 [0.000]
[kpt  40  10   5]    17.4993 [0.000]    18.1366 [0.000]    18.9186 [0.000]    19.3943 [0.000]    19.6842 [0.000]
[kpt  40  10   6]    20.8054 [0.000]    21.1695 [0.000]    21.3854 [0.000]    21.4236 [0.000]    21.7417 [0.000]
[kpt  40  10   7]    21.7691 [0.000]    21.8594 [0.000]    21.8961 [0.000]    25.4287 [0.000]    26.2984 [0.000]
[kpt  40  10   8]    27.3551 [0.000]    27.8951 [0.000]    28.3971 [0.000]    29.1826 [0.000]    29.3889 [0.000]
[kpt  40  10   9]    31.5090 [0.000]    31.6172 [0.000]    31.9535 [0.000]




KOHN SHAM EIGENVALUES [eV] AT K-POINT [ 41]:       0.083333      0.250000      0.416667

[kpt  41  10   0]   -46.2957 [2.000]   -22.5523 [2.000]   -22.5294 [2.000]   -22.5069 [2.000]   -14.2310 [2.000]
[kpt  41  10   1]    -6.4502 [2.000]    -5.7796 [2.000]    -5.6897 [2.000]     0.4119 [2.000]     0.5466 [2.000]
[kpt  41  10   2]     0.7433 [2.000]     6.3237 [2.000]     6.9951 [2.000]     7.1666 [2.000]     7.6405 [2.000]
[kpt  41  10   3]     8.0139 [2.000]     8.7561 [2.000]     9.1188 [2.000]     9.3005 [2.000]     9.8077 [2.000]
[kpt  41  10   4]    13.1805 [0.000]    13.7810 [0.000]    13.9077 [0.000]    15.1772 [0.000]    17.0086 [0.000]
[kpt  41  10   5]    17.8477 [0.000]    18.6344 [0.000]    18.9356 [0.000]    19.4791 [0.000]    19.7993 [0.000]
[kpt  41  10   6]    20.5982 [0.000]    21.1417 [0.000]    21.4083 [0.000]    21.4908 [0.000]    21.7056 [0.000]
[kpt  41  10   7]    21.7716 [0.000]    21.8357 [0.000]    22.4965 [0.000]    24.4788 [0.000]    26.5192 [0.000]
[kpt  41  10   8]    27.1421 [0.000]    27.2049 [0.000]    28.3512 [0.000]    28.9295 [0.000]    29.4722 [0.000]
[kpt  41  10   9]    31.2466 [0.000]    31.5453 [0.000]    32.3231 [0.000]




KOHN SHAM EIGENVALUES [eV] AT K-POINT [ 42]:       0.083333      0.250000      0.500000

[kpt  42  10   0]   -46.2957 [2.000]   -22.5557 [2.000]   -22.5292 [2.000]   -22.5067 [2.000]   -14.2245 [2.000]
[kpt  42  10   1]    -6.4553 [2.000]    -5.7724 [2.000]    -5.6710 [2.000]     0.4164 [2.000]     0.5700 [2.000]
[kpt  42  10   2]     0.7150 [2.000]     6.2313 [2.000]     6.9569 [2.000]     7.1220 [2.000]     7.5990 [2.000]
[kpt  42  10   3]     7.9991 [2.000]     8.7951 [2.000]     9.0964 [2.000]     9.2563 [2.000]     9.7976 [2.000]
[kpt  42  10   4]    13.1875 [0.000]    13.8763 [0.000]    13.9918 [0.000]    15.1816 [0.000]    17.1093 [0.000]
[kpt  42  10   5]    18.0189 [0.000]    18.8147 [0.000]    18.8763 [0.000]    19.6196 [0.000]    19.8468 [0.000]
[kpt  42  10   6]    20.4095 [0.000]    21.1370 [0.000]    21.4022 [0.000]    21.5555 [0.000]    21.6856 [0.000]
[kpt  42  10   7]    21.7682 [0.000]    21.8205 [0.000]    23.3616 [0.000]    23.4448 [0.000]    26.7705 [0.000]
[kpt  42  10   8]    26.8008 [0.000]    27.1124 [0.000]    28.3403 [0.000]    28.8117 [0.000]    29.5399 [0.000]
[kpt  42  10   9]    31.1182 [0.000]    31.5009 [0.000]    32.6015 [0.000]




KOHN SHAM EIGENVALUES [eV] AT K-POINT [ 43]:       0.083333      0.333333      0.333333

[kpt  43  10   0]   -46.2957 [2.000]   -22.5427 [2.000]   -22.5421 [2.000]   -22.5067 [2.000]   -14.2273 [2.000]
[kpt  43  10   1]    -6.3648 [2.000]    -5.7964 [2.000]    -5.7258 [2.000]     0.3775 [2.000]     0.4901 [2.000]
[kpt  43  10   2]     0.7618 [2.000]     6.4236 [2.000]     6.8803 [2.000]     6.9681 [2.000]     7.7233 [2.000]
[kpt  43  10   3]     7.9351 [2.000]     8.6525 [2.000]     9.1282 [2.000]     9.4165 [2.000]     9.9642 [2.000]
[kpt  43  10   4]    13.4889 [0.000]    13.5749 [0.000]    13.8831 [0.000]    15.2602 [0.000]    17.1530 [0.000]
[kpt  43  10   5]    17.7899 [0.000]    18.7395 [0.000]    18.7945 [0.000]    19.5129 [0.000]    19.7881 [0.000]
[kpt  43  10   6]    20.9048 [0.000]    21.0877 [0.000]    21.2721 [0.000]    21.3836 [0.000]    21.7119 [0.000]
[kpt  43  10   7]    21.7750 [0.000]    21.8622 [0.000]    22.2821 [0.000]    25.4982 [0.000]    25.6923 [0.000]
[kpt  43  10   8]    27.0160 [0.000]    27.8192 [0.000]    28.2195 [0.000]    28.2598 [0.000]    28.9865 [0.000]
[kpt  43  10   9]    31.4396 [0.000]    32.0021 [0.000]    32.1308 [0.000]




KOHN SHAM EIGENVALUES [eV] AT K-POINT [ 44]:       0.083333      0.333333      0.416667

[kpt  44  10   0]   -46.2955 [2.000]   -22.5516 [2.000]   -22.5419 [2.000]   -22.5064 [2.000]   -14.2114 [2.000]
[kpt  44  10   1]    -6.3206 [2.000]    -5.7788 [2.000]    -5.7210 [2.000]     0.3749 [2.000]     0.4674 [2.000]
[kpt  44  10   2]     0.7358 [2.000]     6.2532 [2.000]     6.7271 [2.000]     6.7982 [2.000]     7.6712 [2.000]
[kpt  44  10   3]     7.8693 [2.000]     8.6162 [2.000]     9.1785 [2.000]     9.3983 [2.000]    10.0325 [2.000]
[kpt  44  10   4]    13.5418 [0.000]    13.7959 [0.000]    14.0555 [0.000]    15.2994 [0.000]    17.4607 [0.000]
[kpt  44  10   5]    18.0874 [0.000]    18.6380 [0.000]    19.2322 [0.000]    19.6987 [0.000]    19.8813 [0.000]
[kpt  44  10   6]    20.6966 [0.000]    21.0384 [0.000]    21.2501 [0.000]    21.4927 [0.000]    21.6756 [0.000]
[kpt  44  10   7]    21.7769 [0.000]    21.8415 [0.000]    22.8196 [0.000]    24.6004 [0.000]    25.8269 [0.000]
[kpt  44  10   8]    26.8222 [0.000]    27.1992 [0.000]    28.0414 [0.000]    28.2170 [0.000]    28.8311 [0.000]
[kpt  44  10   9]    31.2405 [0.000]    32.0822 [0.000]    32.4514 [0.000]




KOHN SHAM EIGENVALUES [eV] AT K-POINT [ 45]:       0.083333      0.333333      0.500000

[kpt  45  10   0]   -46.2955 [2.000]   -22.5549 [2.000]   -22.5417 [2.000]   -22.5063 [2.000]   -14.2056 [2.000]
[kpt  45  10   1]    -6.3087 [2.000]    -5.7636 [2.000]    -5.7233 [2.000]     0.3775 [2.000]     0.4580 [2.000]
[kpt  45  10   2]     0.7241 [2.000]     6.1719 [2.000]     6.6699 [2.000]     6.7619 [2.000]     7.6374 [2.000]
[kpt  45  10   3]     7.8608 [2.000]     8.5918 [2.000]     9.2756 [2.000]     9.3277 [2.000]    10.0509 [2.000]
[kpt  45  10   4]    13.5487 [0.000]    13.8888 [0.000]    14.1255 [0.000]    15.3087 [0.000]    17.5682 [0.000]
[kpt  45  10   5]    18.2993 [0.000]    18.4805 [0.000]    19.3606 [0.000]    19.8547 [0.000]    20.0194 [0.000]
[kpt  45  10   6]    20.4696 [0.000]    21.0212 [0.000]    21.2429 [0.000]    21.5909 [0.000]    21.6499 [0.000]
[kpt  45  10   7]    21.7727 [0.000]    21.8200 [0.000]    23.4949 [0.000]    23.7257 [0.000]    25.9149 [0.000]
[kpt  45  10   8]    26.7539 [0.000]    26.9532 [0.000]    27.9745 [0.000]    28.2510 [0.000]    28.7872 [0.000]
[kpt  45  10   9]    31.1494 [0.000]    32.0671 [0.000]    32.6167 [0.000]




KOHN SHAM EIGENVALUES [eV] AT K-POINT [ 46]:       0.083333      0.416667      0.416667

[kpt  46  10   0]   -46.2953 [2.000]   -22.5511 [2.000]   -22.5509 [2.000]   -22.5060 [2.000]   -14.1970 [2.000]
[kpt  46  10   1]    -6.2229 [2.000]    -5.7818 [2.000]    -5.7413 [2.000]     0.3590 [2.000]     0.4053 [2.000]
[kpt  46  10   2]     0.7284 [2.000]     6.1414 [2.000]     6.5597 [2.000]     6.5830 [2.000]     7.6932 [2.000]
[kpt  46  10   3]     7.7576 [2.000]     8.4887 [2.000]     9.3141 [2.000]     9.4589 [2.000]    10.1533 [2.000]
[kpt  46  10   4]    13.7890 [0.000]    13.8177 [0.000]    14.1939 [0.000]    15.3456 [0.000]    17.7940 [0.000]
[kpt  46  10   5]    18.2187 [0.000]    18.5238 [0.000]    19.7394 [0.000]    19.7644 [0.000]    20.0651 [0.000]
[kpt  46  10   6]    20.6666 [0.000]    20.9575 [0.000]    21.2045 [0.000]    21.5372 [0.000]    21.6439 [0.000]
[kpt  46  10   7]    21.7789 [0.000]    21.8141 [0.000]    23.2113 [0.000]    24.5440 [0.000]    25.0917 [0.000]
[kpt  46  10   8]    26.5989 [0.000]    27.2847 [0.000]    27.4637 [0.000]    27.8356 [0.000]    28.7659 [0.000]
[kpt  46  10   9]    31.1252 [0.000]    32.4514 [0.000]    32.4518 [0.000]




KOHN SHAM EIGENVALUES [eV] AT K-POINT [ 47]:       0.083333      0.416667      0.500000

[kpt  47  10   0]   -46.2953 [2.000]   -22.5543 [2.000]   -22.5508 [2.000]   -22.5059 [2.000]   -14.1916 [2.000]
[kpt  47  10   1]    -6.1871 [2.000]    -5.7692 [2.000]    -5.7620 [2.000]     0.3578 [2.000]     0.3800 [2.000]
[kpt  47  10   2]     0.7250 [2.000]     6.0767 [2.000]     6.4958 [2.000]     6.5364 [2.000]     7.6774 [2.000]
[kpt  47  10   3]     7.7419 [2.000]     8.4374 [2.000]     9.4221 [2.000]     9.4323 [2.000]    10.1901 [2.000]
[kpt  47  10   4]    13.8069 [0.000]    13.8978 [0.000]    14.2513 [0.000]    15.3564 [0.000]    17.9130 [0.000]
[kpt  47  10   5]    18.2188 [0.000]    18.5480 [0.000]    19.7669 [0.000]    19.8512 [0.000]    20.3523 [0.000]
[kpt  47  10   6]    20.5241 [0.000]    20.9234 [0.000]    21.2048 [0.000]    21.6160 [0.000]    21.6173 [0.000]
[kpt  47  10   7]    21.7667 [0.000]    21.7839 [0.000]    23.6834 [0.000]    23.9888 [0.000]    24.9730 [0.000]
[kpt  47  10   8]    26.5200 [0.000]    27.1230 [0.000]    27.4604 [0.000]    27.7279 [0.000]    28.7464 [0.000]
[kpt  47  10   9]    31.0604 [0.000]    32.4418 [0.000]    32.5777 [0.000]




KOHN SHAM EIGENVALUES [eV] AT K-POINT [ 48]:       0.083333      0.500000      0.500000

[kpt  48  10   0]   -46.2952 [2.000]   -22.5541 [2.000]   -22.5541 [2.000]   -22.5058 [2.000]   -14.1865 [2.000]
[kpt  48  10   1]    -6.1369 [2.000]    -5.7763 [2.000]    -5.7763 [2.000]     0.3523 [2.000]     0.3523 [2.000]
[kpt  48  10   2]     0.7241 [2.000]     6.0194 [2.000]     6.4379 [2.000]     6.4760 [2.000]     7.6960 [2.000]
[kpt  48  10   3]     7.6960 [2.000]     8.3782 [2.000]     9.4773 [2.000]     9.4773 [2.000]    10.2333 [2.000]
[kpt  48  10   4]    13.9011 [0.000]    13.9011 [0.000]    14.3035 [0.000]    15.3671 [0.000]    18.0391 [0.000]
[kpt  48  10   5]    18.1278 [0.000]    18.6578 [0.000]    19.8476 [0.000]    19.8476 [0.000]    20.5500 [0.000]
[kpt  48  10   6]    20.5500 [0.000]    20.8805 [0.000]    21.2360 [0.000]    21.6258 [0.000]    21.6259 [0.000]
[kpt  48  10   7]    21.7089 [0.000]    21.7768 [0.000]    24.0866 [0.000]    24.0866 [0.000]    24.2342 [0.000]
[kpt  48  10   8]    26.4366 [0.000]    27.2043 [0.000]    27.2043 [0.000]    27.6306 [0.000]    28.7321 [0.000]
[kpt  48  10   9]    31.0094 [0.000]    32.5563 [0.000]    32.5579 [0.000]




KOHN SHAM EIGENVALUES [eV] AT K-POINT [ 49]:       0.166667      0.166667      0.166667

[kpt  49  10   0]   -46.2965 [2.000]   -22.5185 [2.000]   -22.5178 [2.000]   -22.5178 [2.000]   -14.3051 [2.000]
[kpt  49  10   1]    -6.4733 [2.000]    -5.8213 [2.000]    -5.8213 [2.000]     0.4144 [2.000]     0.4144 [2.000]
[kpt  49  10   2]     0.8008 [2.000]     7.1025 [2.000]     7.6583 [2.000]     7.6583 [2.000]     8.3142 [2.000]
[kpt  49  10   3]     8.3142 [2.000]     8.7175 [2.000]     9.4314 [2.000]     9.7017 [2.000]     9.7017 [2.000]
[kpt  49  10   4]    12.9002 [0.000]    12.9628 [0.000]    12.9628 [0.000]    15.3704 [0.000]    15.3704 [0.000]
[kpt  49  10   5]    16.7374 [0.000]    16.7374 [0.000]    18.4740 [0.000]    19.3848 [0.000]    19.3848 [0.000]
[kpt  49  10   6]    20.0913 [0.000]    21.3382 [0.000]    21.5118 [0.000]    21.5849 [0.000]    21.5849 [0.000]
[kpt  49  10   7]    21.7749 [0.000]    21.7749 [0.000]    21.8865 [0.000]    25.6395 [0.000]    27.4286 [0.000]
[kpt  49  10   8]    27.4287 [0.000]    28.4361 [0.000]    29.1552 [0.000]    30.7547 [0.000]    30.7557 [0.000]
[kpt  49  10   9]    31.1465 [0.000]    31.1469 [0.000]    32.3823 [0.000]




KOHN SHAM EIGENVALUES [eV] AT K-POINT [ 50]:       0.166667      0.166667      0.250000

[kpt  50  10   0]   -46.2962 [2.000]   -22.5307 [2.000]   -22.5177 [2.000]   -22.5173 [2.000]   -14.2803 [2.000]
[kpt  50  10   1]    -6.4535 [2.000]    -5.8049 [2.000]    -5.7939 [2.000]     0.3980 [2.000]     0.4066 [2.000]
[kpt  50  10   2]     0.8435 [2.000]     6.8602 [2.000]     7.4374 [2.000]     7.6141 [2.000]     8.0922 [2.000]
[kpt  50  10   3]     8.1395 [2.000]     8.5261 [2.000]     9.4607 [2.000]     9.5707 [2.000]     9.6601 [2.000]
[kpt  50  10   4]    12.9751 [0.000]    13.2523 [0.000]    13.2604 [0.000]    15.3647 [0.000]    15.9497 [0.000]
[kpt  50  10   5]    17.0623 [0.000]    17.2256 [0.000]    18.6015 [0.000]    19.4149 [0.000]    19.4711 [0.000]
[kpt  50  10   6]    20.5991 [0.000]    21.2744 [0.000]    21.4564 [0.000]    21.5551 [0.000]    21.5605 [0.000]
[kpt  50  10   7]    21.7589 [0.000]    21.7615 [0.000]    21.8832 [0.000]    25.6779 [0.000]    26.9546 [0.000]
[kpt  50  10   8]    27.6468 [0.000]    28.0609 [0.000]    28.8878 [0.000]    30.0893 [0.000]    30.4331 [0.000]
[kpt  50  10   9]    30.8982 [0.000]    31.1963 [0.000]    32.0193 [0.000]




KOHN SHAM EIGENVALUES [eV] AT K-POINT [ 51]:       0.166667      0.166667      0.333333

[kpt  51  10   0]   -46.2960 [2.000]   -22.5433 [2.000]   -22.5171 [2.000]   -22.5167 [2.000]   -14.2553 [2.000]
[kpt  51  10   1]    -6.4632 [2.000]    -5.7882 [2.000]    -5.7325 [2.000]     0.3807 [2.000]     0.4492 [2.000]
[kpt  51  10   2]     0.8302 [2.000]     6.5830 [2.000]     7.2454 [2.000]     7.5632 [2.000]     7.7750 [2.000]
[kpt  51  10   3]     8.0322 [2.000]     8.5574 [2.000]     9.4019 [2.000]     9.4644 [2.000]     9.5760 [2.000]
[kpt  51  10   4]    13.0130 [0.000]    13.5704 [0.000]    13.5926 [0.000]    15.3560 [0.000]    16.4306 [0.000]
[kpt  51  10   5]    17.4435 [0.000]    17.7915 [0.000]    18.8651 [0.000]    19.4478 [0.000]    19.4499 [0.000]
[kpt  51  10   6]    20.8191 [0.000]    21.1964 [0.000]    21.5238 [0.000]    21.5589 [0.000]    21.7152 [0.000]
[kpt  51  10   7]    21.7535 [0.000]    21.7580 [0.000]    21.8676 [0.000]    25.3740 [0.000]    26.6477 [0.000]
[kpt  51  10   8]    27.6673 [0.000]    27.9667 [0.000]    27.9937 [0.000]    29.9516 [0.000]    30.1750 [0.000]
[kpt  51  10   9]    30.7553 [0.000]    31.2569 [0.000]    31.5984 [0.000]




KOHN SHAM EIGENVALUES [eV] AT K-POINT [ 52]:       0.166667      0.166667      0.416667

[kpt  52  10   0]   -46.2958 [2.000]   -22.5526 [2.000]   -22.5167 [2.000]   -22.5164 [2.000]   -14.2367 [2.000]
[kpt  52  10   1]    -6.4854 [2.000]    -5.7760 [2.000]    -5.6692 [2.000]     0.3675 [2.000]     0.5283 [2.000]
[kpt  52  10   2]     0.7690 [2.000]     6.3435 [2.000]     7.1782 [2.000]     7.5221 [2.000]     7.5263 [2.000]
[kpt  52  10   3]     7.9772 [2.000]     8.6414 [2.000]     9.3203 [2.000]     9.4031 [2.000]     9.4737 [2.000]
[kpt  52  10   4]    13.0385 [0.000]    13.8198 [0.000]    13.8377 [0.000]    15.3465 [0.000]    16.7367 [0.000]
[kpt  52  10   5]    17.7955 [0.000]    18.2360 [0.000]    19.2094 [0.000]    19.3171 [0.000]    19.5183 [0.000]
[kpt  52  10   6]    20.5845 [0.000]    21.1908 [0.000]    21.5177 [0.000]    21.5900 [0.000]    21.6948 [0.000]
[kpt  52  10   7]    21.7566 [0.000]    21.8474 [0.000]    22.4480 [0.000]    24.4843 [0.000]    26.6746 [0.000]
[kpt  52  10   8]    27.2279 [0.000]    27.4864 [0.000]    28.3811 [0.000]    29.4115 [0.000]    30.3804 [0.000]
[kpt  52  10   9]    30.7084 [0.000]    31.2609 [0.000]    31.4088 [0.000]




KOHN SHAM EIGENVALUES [eV] AT K-POINT [ 53]:       0.166667      0.166667      0.500000

[kpt  53  10   0]   -46.2958 [2.000]   -22.5559 [2.000]   -22.5165 [2.000]   -22.5162 [2.000]   -14.2299 [2.000]
[kpt  53  10   1]    -6.4960 [2.000]    -5.7715 [2.000]    -5.6428 [2.000]     0.3626 [2.000]     0.5902 [2.000]
[kpt  53  10   2]     0.7129 [2.000]     6.2491 [2.000]     7.1905 [2.000]     7.4049 [2.000]     7.5138 [2.000]
[kpt  53  10   3]     7.9601 [2.000]     8.6859 [2.000]     9.2879 [2.000]     9.3800 [2.000]     9.4231 [2.000]
[kpt  53  10   4]    13.0474 [0.000]    13.9146 [0.000]    13.9279 [0.000]    15.3420 [0.000]    16.8409 [0.000]
[kpt  53  10   5]    17.9579 [0.000]    18.3882 [0.000]    19.2266 [0.000]    19.4394 [0.000]    19.5558 [0.000]
[kpt  53  10   6]    20.3952 [0.000]    21.1899 [0.000]    21.5129 [0.000]    21.6131 [0.000]    21.6775 [0.000]
[kpt  53  10   7]    21.7514 [0.000]    21.8378 [0.000]    23.3403 [0.000]    23.4686 [0.000]    26.7190 [0.000]
[kpt  53  10   8]    27.1451 [0.000]    27.2601 [0.000]    28.8221 [0.000]    28.9255 [0.000]    30.4448 [0.000]
[kpt  53  10   9]    30.7124 [0.000]    31.1197 [0.000]    31.5414 [0.000]




KOHN SHAM EIGENVALUES [eV] AT K-POINT [ 54]:       0.166667      0.250000      0.250000

[kpt  54  10   0]   -46.2960 [2.000]   -22.5304 [2.000]   -22.5298 [2.000]   -22.5169 [2.000]   -14.2577 [2.000]
[kpt  54  10   1]    -6.3954 [2.000]    -5.7974 [2.000]    -5.7752 [2.000]     0.3507 [2.000]     0.3670 [2.000]
[kpt  54  10   2]     0.8586 [2.000]     6.7064 [2.000]     7.2810 [2.000]     7.4587 [2.000]     7.8885 [2.000]
[kpt  54  10   3]     8.0859 [2.000]     8.2852 [2.000]     9.4721 [2.000]     9.5388 [2.000]     9.7175 [2.000]
[kpt  54  10   4]    13.2617 [0.000]    13.3292 [0.000]    13.4732 [0.000]    15.6360 [0.000]    16.2814 [0.000]
[kpt  54  10   5]    17.3694 [0.000]    17.6102 [0.000]    18.6015 [0.000]    19.4108 [0.000]    19.5177 [0.000]
[kpt  54  10   6]    20.9788 [0.000]    21.2053 [0.000]    21.4947 [0.000]    21.5029 [0.000]    21.6516 [0.000]
[kpt  54  10   7]    21.7395 [0.000]    21.7524 [0.000]    21.8902 [0.000]    25.7360 [0.000]    26.7097 [0.000]
[kpt  54  10   8]    27.4279 [0.000]    27.8155 [0.000]    28.8351 [0.000]    29.4195 [0.000]    30.1286 [0.000]
[kpt  54  10   9]    30.6613 [0.000]    31.1877 [0.000]    31.7425 [0.000]




KOHN SHAM EIGENVALUES [eV] AT K-POINT [ 55]:       0.166667      0.250000      0.333333

[kpt  55  10   0]   -46.2957 [2.000]   -22.5427 [2.000]   -22.5295 [2.000]   -22.5164 [2.000]   -14.2348 [2.000]
[kpt  55  10   1]    -6.3642 [2.000]    -5.7766 [2.000]    -5.7390 [2.000]     0.3144 [2.000]     0.3703 [2.000]
[kpt  55  10   2]     0.8140 [2.000]     6.5150 [2.000]     7.0717 [2.000]     7.3248 [2.000]     7.6943 [2.000]
[kpt  55  10   3]     7.9845 [2.000]     8.3105 [2.000]     9.3643 [2.000]     9.5263 [2.000]     9.7674 [2.000]
[kpt  55  10   4]    13.3307 [0.000]    13.6204 [0.000]    13.7322 [0.000]    15.6896 [0.000]    16.7309 [0.000]
[kpt  55  10   5]    17.6935 [0.000]    18.1162 [0.000]    18.7423 [0.000]    19.3039 [0.000]    19.5652 [0.000]
[kpt  55  10   6]    20.9729 [0.000]    21.1495 [0.000]    21.4725 [0.000]    21.5675 [0.000]    21.7047 [0.000]
[kpt  55  10   7]    21.7542 [0.000]    21.8862 [0.000]    22.0968 [0.000]    25.4958 [0.000]    26.3674 [0.000]
[kpt  55  10   8]    27.2531 [0.000]    27.8845 [0.000]    27.9832 [0.000]    29.2978 [0.000]    29.7225 [0.000]
[kpt  55  10   9]    30.6492 [0.000]    31.1997 [0.000]    31.4755 [0.000]




KOHN SHAM EIGENVALUES [eV] AT K-POINT [ 56]:       0.166667      0.250000      0.416667

[kpt  56  10   0]   -46.2956 [2.000]   -22.5518 [2.000]   -22.5290 [2.000]   -22.5160 [2.000]   -14.2179 [2.000]
[kpt  56  10   1]    -6.3598 [2.000]    -5.7567 [2.000]    -5.6961 [2.000]     0.2835 [2.000]     0.4215 [2.000]
[kpt  56  10   2]     0.7336 [2.000]     6.3089 [2.000]     6.9900 [2.000]     7.2116 [2.000]     7.5599 [2.000]
[kpt  56  10   3]     7.9364 [2.000]     8.3853 [2.000]     9.3087 [2.000]     9.4634 [2.000]     9.7754 [2.000]
[kpt  56  10   4]    13.3598 [0.000]    13.8601 [0.000]    13.9442 [0.000]    15.6956 [0.000]    17.0410 [0.000]
[kpt  56  10   5]    18.0247 [0.000]    18.4696 [0.000]    18.8742 [0.000]    19.2481 [0.000]    19.6906 [0.000]
[kpt  56  10   6]    20.6941 [0.000]    21.1371 [0.000]    21.4576 [0.000]    21.6413 [0.000]    21.6657 [0.000]
[kpt  56  10   7]    21.7561 [0.000]    21.8734 [0.000]    22.7831 [0.000]    24.6500 [0.000]    26.4154 [0.000]
[kpt  56  10   8]    27.0743 [0.000]    27.1926 [0.000]    28.2366 [0.000]    29.1290 [0.000]    29.5483 [0.000]
[kpt  56  10   9]    30.6515 [0.000]    31.1159 [0.000]    31.3584 [0.000]




KOHN SHAM EIGENVALUES [eV] AT K-POINT [ 57]:       0.166667      0.250000      0.500000

[kpt  57  10   0]   -46.2955 [2.000]   -22.5552 [2.000]   -22.5289 [2.000]   -22.5159 [2.000]   -14.2117 [2.000]
[kpt  57  10   1]    -6.3617 [2.000]    -5.7496 [2.000]    -5.6760 [2.000]     0.2719 [2.000]     0.4620 [2.000]
[kpt  57  10   2]     0.6820 [2.000]     6.2193 [2.000]     7.0007 [2.000]     7.1429 [2.000]     7.5150 [2.000]
[kpt  57  10   3]     7.9244 [2.000]     8.4184 [2.000]     9.3059 [2.000]     9.4173 [2.000]     9.7730 [2.000]
[kpt  57  10   4]    13.3698 [0.000]    13.9505 [0.000]    14.0262 [0.000]    15.6944 [0.000]    17.1478 [0.000]
[kpt  57  10   5]    18.2145 [0.000]    18.5786 [0.000]    18.7791 [0.000]    19.3158 [0.000]    19.8927 [0.000]
[kpt  57  10   6]    20.4612 [0.000]    21.1309 [0.000]    21.4519 [0.000]    21.6359 [0.000]    21.6913 [0.000]
[kpt  57  10   7]    21.7494 [0.000]    21.8651 [0.000]    23.5151 [0.000]    23.7883 [0.000]    26.5467 [0.000]
[kpt  57  10   8]    26.8698 [0.000]    27.0008 [0.000]    28.6314 [0.000]    28.6992 [0.000]    29.5993 [0.000]
[kpt  57  10   9]    30.6325 [0.000]    31.0911 [0.000]    31.3265 [0.000]




KOHN SHAM EIGENVALUES [eV] AT K-POINT [ 58]:       0.166667      0.333333      0.333333

[kpt  58  10   0]   -46.2955 [2.000]   -22.5422 [2.000]   -22.5417 [2.000]   -22.5159 [2.000]   -14.2141 [2.000]
[kpt  58  10   1]    -6.2774 [2.000]    -5.7724 [2.000]    -5.7227 [2.000]     0.2869 [2.000]     0.3039 [2.000]
[kpt  58  10   2]     0.7460 [2.000]     6.4141 [2.000]     6.8770 [2.000]     7.0506 [2.000]     7.6638 [2.000]
[kpt  58  10   3]     7.9194 [2.000]     8.2293 [2.000]     9.3209 [2.000]     9.5607 [2.000]     9.9330 [2.000]
[kpt  58  10   4]    13.6236 [0.000]    13.6837 [0.000]    13.9251 [0.000]    15.8203 [0.000]    17.1427 [0.000]
[kpt  58  10   5]    17.9386 [0.000]    18.5875 [0.000]    18.6510 [0.000]    19.2135 [0.000]    19.6294 [0.000]
[kpt  58  10   6]    20.9426 [0.000]    21.1230 [0.000]    21.4646 [0.000]    21.5915 [0.000]    21.6716 [0.000]
[kpt  58  10   7]    21.7573 [0.000]    21.8927 [0.000]    22.5673 [0.000]    25.5638 [0.000]    25.8235 [0.000]
[kpt  58  10   8]    26.9687 [0.000]    27.8729 [0.000]    27.9670 [0.000]    28.3048 [0.000]    29.3050 [0.000]
[kpt  58  10   9]    30.8932 [0.000]    31.0109 [0.000]    31.4714 [0.000]




KOHN SHAM EIGENVALUES [eV] AT K-POINT [ 59]:       0.166667      0.333333      0.416667

[kpt  59  10   0]   -46.2953 [2.000]   -22.5511 [2.000]   -22.5415 [2.000]   -22.5155 [2.000]   -14.1988 [2.000]
[kpt  59  10   1]    -6.2283 [2.000]    -5.7526 [2.000]    -5.7108 [2.000]     0.2422 [2.000]     0.3177 [2.000]
[kpt  59  10   2]     0.6584 [2.000]     6.2525 [2.000]     6.7719 [2.000]     6.9158 [2.000]     7.6136 [2.000]
[kpt  59  10   3]     7.8776 [2.000]     8.2153 [2.000]     9.3533 [2.000]     9.5366 [2.000]    10.0170 [2.000]
[kpt  59  10   4]    13.6773 [0.000]    13.8932 [0.000]    14.0958 [0.000]    15.8550 [0.000]    17.4541 [0.000]
[kpt  59  10   5]    18.1778 [0.000]    18.5645 [0.000]    18.8943 [0.000]    19.2148 [0.000]    19.8282 [0.000]
[kpt  59  10   6]    20.7562 [0.000]    21.0898 [0.000]    21.4374 [0.000]    21.6295 [0.000]    21.6851 [0.000]
[kpt  59  10   7]    21.7608 [0.000]    21.8848 [0.000]    23.1264 [0.000]    24.8503 [0.000]    25.7992 [0.000]
[kpt  59  10   8]    26.8403 [0.000]    27.3025 [0.000]    28.0546 [0.000]    28.2566 [0.000]    28.9354 [0.000]
[kpt  59  10   9]    30.7864 [0.000]    31.1058 [0.000]    31.4493 [0.000]




KOHN SHAM EIGENVALUES [eV] AT K-POINT [ 60]:       0.166667      0.333333      0.500000

[kpt  60  10   0]   -46.2953 [2.000]   -22.5544 [2.000]   -22.5413 [2.000]   -22.5154 [2.000]   -14.1932 [2.000]
[kpt  60  10   1]    -6.2145 [2.000]    -5.7365 [2.000]    -5.7105 [2.000]     0.2233 [2.000]     0.3398 [2.000]
[kpt  60  10   2]     0.6119 [2.000]     6.1688 [2.000]     6.7707 [2.000]     6.8599 [2.000]     7.5841 [2.000]
[kpt  60  10   3]     7.8730 [2.000]     8.2085 [2.000]     9.4156 [2.000]     9.4820 [2.000]    10.0410 [2.000]
[kpt  60  10   4]    13.6877 [0.000]    13.9806 [0.000]    14.1645 [0.000]    15.8604 [0.000]    17.5638 [0.000]
[kpt  60  10   5]    18.3464 [0.000]    18.4636 [0.000]    18.9318 [0.000]    19.2340 [0.000]    20.1171 [0.000]
[kpt  60  10   6]    20.5467 [0.000]    21.0744 [0.000]    21.4141 [0.000]    21.6171 [0.000]    21.7424 [0.000]
[kpt  60  10   7]    21.7503 [0.000]    21.8749 [0.000]    23.6135 [0.000]    24.2096 [0.000]    25.8508 [0.000]
[kpt  60  10   8]    26.7892 [0.000]    27.0684 [0.000]    28.1995 [0.000]    28.2394 [0.000]    28.7615 [0.000]
[kpt  60  10   9]    30.6983 [0.000]    31.2316 [0.000]    31.3784 [0.000]




KOHN SHAM EIGENVALUES [eV] AT K-POINT [ 61]:       0.166667      0.416667      0.416667

[kpt  61  10   0]   -46.2952 [2.000]   -22.5506 [2.000]   -22.5505 [2.000]   -22.5151 [2.000]   -14.1848 [2.000]
[kpt  61  10   1]    -6.1285 [2.000]    -5.7535 [2.000]    -5.7194 [2.000]     0.2406 [2.000]     0.2462 [2.000]
[kpt  61  10   2]     0.5741 [2.000]     6.1441 [2.000]     6.5844 [2.000]     6.8137 [2.000]     7.6694 [2.000]
[kpt  61  10   3]     7.8145 [2.000]     8.0834 [2.000]     9.4531 [2.000]     9.5785 [2.000]    10.1518 [2.000]
[kpt  61  10   4]    13.9031 [0.000]    13.9255 [0.000]    14.2347 [0.000]    15.9005 [0.000]    17.7863 [0.000]
[kpt  61  10   5]    18.1133 [0.000]    18.6187 [0.000]    19.1127 [0.000]    19.2036 [0.000]    20.0862 [0.000]
[kpt  61  10   6]    20.7300 [0.000]    21.0459 [0.000]    21.3567 [0.000]    21.6754 [0.000]    21.7121 [0.000]
[kpt  61  10   7]    21.7661 [0.000]    21.8743 [0.000]    23.5017 [0.000]    25.0073 [0.000]    25.0444 [0.000]
[kpt  61  10   8]    26.6967 [0.000]    27.3908 [0.000]    27.6107 [0.000]    27.9148 [0.000]    28.6678 [0.000]
[kpt  61  10   9]    30.6329 [0.000]    31.3041 [0.000]    31.5088 [0.000]




KOHN SHAM EIGENVALUES [eV] AT K-POINT [ 62]:       0.166667      0.416667      0.500000

[kpt  62  10   0]   -46.2951 [2.000]   -22.5539 [2.000]   -22.5504 [2.000]   -22.5150 [2.000]   -14.1796 [2.000]
[kpt  62  10   1]    -6.0917 [2.000]    -5.7394 [2.000]    -5.7366 [2.000]     0.2167 [2.000]     0.2543 [2.000]
[kpt  62  10   2]     0.5331 [2.000]     6.0770 [2.000]     6.5393 [2.000]     6.7869 [2.000]     7.6850 [2.000]
[kpt  62  10   3]     7.8080 [2.000]     8.0177 [2.000]     9.5370 [2.000]     9.5560 [2.000]    10.1938 [2.000]
[kpt  62  10   4]    13.9224 [0.000]    14.0020 [0.000]    14.2919 [0.000]    15.9070 [0.000]    17.9068 [0.000]
[kpt  62  10   5]    18.0568 [0.000]    18.7085 [0.000]    19.1494 [0.000]    19.1630 [0.000]    20.3841 [0.000]
[kpt  62  10   6]    20.6263 [0.000]    21.0246 [0.000]    21.2750 [0.000]    21.6917 [0.000]    21.7497 [0.000]
[kpt  62  10   7]    21.7736 [0.000]    21.8547 [0.000]    23.8032 [0.000]    24.5250 [0.000]    25.1014 [0.000]
[kpt  62  10   8]    26.6392 [0.000]    27.2634 [0.000]    27.5912 [0.000]    27.8573 [0.000]    28.5688 [0.000]
[kpt  62  10   9]    30.5570 [0.000]    31.4393 [0.000]    31.4664 [0.000]




KOHN SHAM EIGENVALUES [eV] AT K-POINT [ 63]:       0.166667      0.500000      0.500000

[kpt  63  10   0]   -46.2951 [2.000]   -22.5537 [2.000]   -22.5537 [2.000]   -22.5149 [2.000]   -14.1746 [2.000]
[kpt  63  10   1]    -6.0403 [2.000]    -5.7464 [2.000]    -5.7464 [2.000]     0.2238 [2.000]     0.2238 [2.000]
[kpt  63  10   2]     0.4951 [2.000]     6.0192 [2.000]     6.4790 [2.000]     6.7662 [2.000]     7.7781 [2.000]
[kpt  63  10   3]     7.7781 [2.000]     7.8923 [2.000]     9.5876 [2.000]     9.5876 [2.000]    10.2422 [2.000]
[kpt  63  10   4]    14.0097 [0.000]    14.0097 [0.000]    14.3446 [0.000]    15.9124 [0.000]    17.9546 [0.000]
[kpt  63  10   5]    18.0392 [0.000]    18.8591 [0.000]    19.1327 [0.000]    19.1327 [0.000]    20.6614 [0.000]
[kpt  63  10   6]    20.6615 [0.000]    21.0016 [0.000]    21.0866 [0.000]    21.7460 [0.000]    21.7846 [0.000]
[kpt  63  10   7]    21.7846 [0.000]    21.8016 [0.000]    24.0061 [0.000]    24.6471 [0.000]    24.6471 [0.000]
[kpt  63  10   8]    26.5782 [0.000]    27.3736 [0.000]    27.3737 [0.000]    27.7036 [0.000]    28.5128 [0.000]
[kpt  63  10   9]    30.4879 [0.000]    31.5069 [0.000]    31.5070 [0.000]




KOHN SHAM EIGENVALUES [eV] AT K-POINT [ 64]:       0.250000      0.250000      0.250000

[kpt  64  10   0]   -46.2957 [2.000]   -22.5301 [2.000]   -22.5292 [2.000]   -22.5292 [2.000]   -14.2367 [2.000]
[kpt  64  10   1]    -6.3147 [2.000]    -5.7725 [2.000]    -5.7725 [2.000]     0.2798 [2.000]     0.2798 [2.000]
[kpt  64  10   2]     0.8414 [2.000]     6.6069 [2.000]     7.2660 [2.000]     7.2660 [2.000]     7.7887 [2.000]
[kpt  64  10   3]     7.9867 [2.000]     7.9867 [2.000]     9.5988 [2.000]     9.5988 [2.000]     9.6980 [2.000]
[kpt  64  10   4]    13.5153 [0.000]    13.5322 [0.000]    13.5322 [0.000]    16.2691 [0.000]    16.2691 [0.000]
[kpt  64  10   5]    17.7486 [0.000]    17.7486 [0.000]    18.5037 [0.000]    19.4114 [0.000]    19.4114 [0.000]
[kpt  64  10   6]    21.1230 [0.000]    21.1689 [0.000]    21.5787 [0.000]    21.5787 [0.000]    21.7240 [0.000]
[kpt  64  10   7]    21.7240 [0.000]    21.9028 [0.000]    21.9322 [0.000]    25.7046 [0.000]    27.0517 [0.000]
[kpt  64  10   8]    27.0517 [0.000]    27.3094 [0.000]    28.8902 [0.000]    29.4417 [0.000]    29.4421 [0.000]
[kpt  64  10   9]    30.5806 [0.000]    30.5806 [0.000]    31.3770 [0.000]




KOHN SHAM EIGENVALUES [eV] AT K-POINT [ 65]:       0.250000      0.250000      0.333333

[kpt  65  10   0]   -46.2955 [2.000]   -22.5420 [2.000]   -22.5291 [2.000]   -22.5287 [2.000]   -14.2155 [2.000]
[kpt  65  10   1]    -6.2563 [2.000]    -5.7472 [2.000]    -5.7446 [2.000]     0.2086 [2.000]     0.2557 [2.000]
[kpt  65  10   2]     0.7567 [2.000]     6.4788 [2.000]     7.0230 [2.000]     7.2526 [2.000]     7.5177 [2.000]
[kpt  65  10   3]     7.9291 [2.000]     8.0360 [2.000]     9.5031 [2.000]     9.6821 [2.000]     9.7715 [2.000]
[kpt  65  10   4]    13.5767 [0.000]    13.7747 [0.000]    13.7947 [0.000]    16.2520 [0.000]    16.8091 [0.000]
[kpt  65  10   5]    17.9619 [0.000]    18.1677 [0.000]    18.5498 [0.000]    19.1940 [0.000]    19.4783 [0.000]
[kpt  65  10   6]    20.9956 [0.000]    21.1727 [0.000]    21.5717 [0.000]    21.6613 [0.000]    21.6765 [0.000]
[kpt  65  10   7]    21.7339 [0.000]    21.9064 [0.000]    22.5010 [0.000]    25.5066 [0.000]    26.4655 [0.000]
[kpt  65  10   8]    27.0920 [0.000]    27.4889 [0.000]    28.0653 [0.000]    29.4079 [0.000]    29.4638 [0.000]
[kpt  65  10   9]    29.9439 [0.000]    30.6912 [0.000]    31.0488 [0.000]




KOHN SHAM EIGENVALUES [eV] AT K-POINT [ 66]:       0.250000      0.250000      0.416667

[kpt  66  10   0]   -46.2953 [2.000]   -22.5511 [2.000]   -22.5287 [2.000]   -22.5283 [2.000]   -14.1998 [2.000]
[kpt  66  10   1]    -6.2319 [2.000]    -5.7284 [2.000]    -5.7035 [2.000]     0.1562 [2.000]     0.2868 [2.000]
[kpt  66  10   2]     0.6440 [2.000]     6.2908 [2.000]     6.9753 [2.000]     7.2445 [2.000]     7.2871 [2.000]
[kpt  66  10   3]     7.9043 [2.000]     8.1236 [2.000]     9.4325 [2.000]     9.7090 [2.000]     9.7957 [2.000]
[kpt  66  10   4]    13.6123 [0.000]    13.9802 [0.000]    14.0029 [0.000]    16.2349 [0.000]    17.1535 [0.000]
[kpt  66  10   5]    18.2380 [0.000]    18.3823 [0.000]    18.7287 [0.000]    18.8928 [0.000]    19.7465 [0.000]
[kpt  66  10   6]    20.7743 [0.000]    21.1518 [0.000]    21.5441 [0.000]    21.6287 [0.000]    21.7133 [0.000]
[kpt  66  10   7]    21.7623 [0.000]    21.9030 [0.000]    23.1277 [0.000]    24.8711 [0.000]    26.2348 [0.000]
[kpt  66  10   8]    26.9581 [0.000]    27.3118 [0.000]    27.9838 [0.000]    29.1738 [0.000]    29.6465 [0.000]
[kpt  66  10   9]    29.7818 [0.000]    30.5493 [0.000]    30.8204 [0.000]




KOHN SHAM EIGENVALUES [eV] AT K-POINT [ 67]:       0.250000      0.250000      0.500000

[kpt  67  10   0]   -46.2953 [2.000]   -22.5545 [2.000]   -22.5285 [2.000]   -22.5281 [2.000]   -14.1940 [2.000]
[kpt  67  10   1]    -6.2270 [2.000]    -5.7214 [2.000]    -5.6840 [2.000]     0.1370 [2.000]     0.3200 [2.000]
[kpt  67  10   2]     0.5808 [2.000]     6.2005 [2.000]     7.0519 [2.000]     7.1344 [2.000]     7.2421 [2.000]
[kpt  67  10   3]     7.8981 [2.000]     8.1623 [2.000]     9.4070 [2.000]     9.7110 [2.000]     9.7988 [2.000]
[kpt  67  10   4]    13.6249 [0.000]    14.0619 [0.000]    14.0811 [0.000]    16.2273 [0.000]    17.2689 [0.000]
[kpt  67  10   5]    18.4310 [0.000]    18.5393 [0.000]    18.5776 [0.000]    18.8059 [0.000]    20.0424 [0.000]
[kpt  67  10   6]    20.5523 [0.000]    21.1426 [0.000]    21.5218 [0.000]    21.6131 [0.000]    21.7285 [0.000]
[kpt  67  10   7]    21.7794 [0.000]    21.8996 [0.000]    23.6026 [0.000]    24.3000 [0.000]    26.2327 [0.000]
[kpt  67  10   8]    26.9056 [0.000]    27.0405 [0.000]    28.3923 [0.000]    28.7378 [0.000]    29.6484 [0.000]
[kpt  67  10   9]    30.1509 [0.000]    30.2586 [0.000]    30.7367 [0.000]




KOHN SHAM EIGENVALUES [eV] AT K-POINT [ 68]:       0.250000      0.333333      0.333333

[kpt  68  10   0]   -46.2953 [2.000]   -22.5416 [2.000]   -22.5411 [2.000]   -22.5283 [2.000]   -14.1959 [2.000]
[kpt  68  10   1]    -6.1575 [2.000]    -5.7390 [2.000]    -5.7166 [2.000]     0.1430 [2.000]     0.1649 [2.000]
[kpt  68  10   2]     0.6373 [2.000]     6.4103 [2.000]     6.8744 [2.000]     7.1032 [2.000]     7.4182 [2.000]
[kpt  68  10   3]     7.9077 [2.000]     7.9653 [2.000]     9.5561 [2.000]     9.7115 [2.000]     9.9188 [2.000]
[kpt  68  10   4]    13.8249 [0.000]    13.8483 [0.000]    13.9829 [0.000]    16.4902 [0.000]    17.1203 [0.000]
[kpt  68  10   5]    18.1111 [0.000]    18.3798 [0.000]    18.4131 [0.000]    19.1244 [0.000]    19.4861 [0.000]
[kpt  68  10   6]    20.9387 [0.000]    21.1757 [0.000]    21.6138 [0.000]    21.6784 [0.000]    21.6897 [0.000]
[kpt  68  10   7]    21.7473 [0.000]    21.9174 [0.000]    22.9812 [0.000]    25.4022 [0.000]    26.2834 [0.000]
[kpt  68  10   8]    26.9301 [0.000]    27.4249 [0.000]    28.1079 [0.000]    28.4528 [0.000]    29.5744 [0.000]
[kpt  68  10   9]    29.6985 [0.000]    30.4979 [0.000]    30.7643 [0.000]




KOHN SHAM EIGENVALUES [eV] AT K-POINT [ 69]:       0.250000      0.333333      0.416667

[kpt  69  10   0]   -46.2951 [2.000]   -22.5504 [2.000]   -22.5409 [2.000]   -22.5279 [2.000]   -14.1815 [2.000]
[kpt  69  10   1]    -6.0979 [2.000]    -5.7172 [2.000]    -5.6968 [2.000]     0.0790 [2.000]     0.1623 [2.000]
[kpt  69  10   2]     0.5042 [2.000]     6.2468 [2.000]     6.7826 [2.000]     7.0915 [2.000]     7.3120 [2.000]
[kpt  69  10   3]     7.8909 [2.000]     7.9959 [2.000]     9.5625 [2.000]     9.7402 [2.000]    10.0103 [2.000]
[kpt  69  10   4]    13.8738 [0.000]    14.0400 [0.000]    14.1519 [0.000]    16.5147 [0.000]    17.4412 [0.000]
[kpt  69  10   5]    18.1649 [0.000]    18.3731 [0.000]    18.5322 [0.000]    18.9914 [0.000]    19.8236 [0.000]
[kpt  69  10   6]    20.8176 [0.000]    21.1580 [0.000]    21.5163 [0.000]    21.6951 [0.000]    21.7134 [0.000]
[kpt  69  10   7]    21.8078 [0.000]    21.9192 [0.000]    23.4278 [0.000]    25.0759 [0.000]    25.9517 [0.000]
[kpt  69  10   8]    26.8730 [0.000]    27.4797 [0.000]    27.7374 [0.000]    28.4716 [0.000]    29.1045 [0.000]
[kpt  69  10   9]    29.9346 [0.000]    30.3392 [0.000]    30.6047 [0.000]




KOHN SHAM EIGENVALUES [eV] AT K-POINT [ 70]:       0.250000      0.333333      0.500000

[kpt  70  10   0]   -46.2950 [2.000]   -22.5538 [2.000]   -22.5407 [2.000]   -22.5278 [2.000]   -14.1762 [2.000]
[kpt  70  10   1]    -6.0802 [2.000]    -5.7008 [2.000]    -5.6934 [2.000]     0.0535 [2.000]     0.1839 [2.000]
[kpt  70  10   2]     0.4356 [2.000]     6.1579 [2.000]     6.7810 [2.000]     7.1078 [2.000]     7.2465 [2.000]
[kpt  70  10   3]     7.8891 [2.000]     8.0142 [2.000]     9.5680 [2.000]     9.7448 [2.000]    10.0385 [2.000]
[kpt  70  10   4]    13.8876 [0.000]    14.1178 [0.000]    14.2193 [0.000]    16.5119 [0.000]    17.5546 [0.000]
[kpt  70  10   5]    18.1755 [0.000]    18.3842 [0.000]    18.5824 [0.000]    18.9038 [0.000]    20.1396 [0.000]
[kpt  70  10   6]    20.6632 [0.000]    21.1484 [0.000]    21.4563 [0.000]    21.6988 [0.000]    21.7212 [0.000]
[kpt  70  10   7]    21.8361 [0.000]    21.9172 [0.000]    23.6685 [0.000]    24.7829 [0.000]    25.8825 [0.000]
[kpt  70  10   8]    26.8440 [0.000]    27.2542 [0.000]    27.9559 [0.000]    28.4512 [0.000]    28.8926 [0.000]
[kpt  70  10   9]    30.1620 [0.000]    30.2006 [0.000]    30.4861 [0.000]




KOHN SHAM EIGENVALUES [eV] AT K-POINT [ 71]:       0.250000      0.416667      0.416667

[kpt  71  10   0]   -46.2949 [2.000]   -22.5500 [2.000]   -22.5499 [2.000]   -22.5275 [2.000]   -14.1681 [2.000]
[kpt  71  10   1]    -5.9953 [2.000]    -5.7137 [2.000]    -5.6894 [2.000]     0.0572 [2.000]     0.0831 [2.000]
[kpt  71  10   2]     0.3617 [2.000]     6.1373 [2.000]     6.5869 [2.000]     7.1262 [2.000]     7.3135 [2.000]
[kpt  71  10   3]     7.8708 [2.000]     7.9337 [2.000]     9.6682 [2.000]     9.7621 [2.000]    10.1539 [2.000]
[kpt  71  10   4]    14.0696 [0.000]    14.0815 [0.000]    14.2918 [0.000]    16.5656 [0.000]    17.7596 [0.000]
[kpt  71  10   5]    17.9504 [0.000]    18.3728 [0.000]    18.4776 [0.000]    19.1288 [0.000]    20.1095 [0.000]
[kpt  71  10   6]    20.8231 [0.000]    21.1502 [0.000]    21.3692 [0.000]    21.6926 [0.000]    21.7920 [0.000]
[kpt  71  10   7]    21.8454 [0.000]    21.9199 [0.000]    23.6241 [0.000]    25.2000 [0.000]    25.5902 [0.000]
[kpt  71  10   8]    26.8191 [0.000]    27.5005 [0.000]    27.8407 [0.000]    27.8590 [0.000]    28.6079 [0.000]
[kpt  71  10   9]    30.1360 [0.000]    30.2228 [0.000]    30.5850 [0.000]




KOHN SHAM EIGENVALUES [eV] AT K-POINT [ 72]:       0.250000      0.416667      0.500000

[kpt  72  10   0]   -46.2949 [2.000]   -22.5533 [2.000]   -22.5498 [2.000]   -22.5274 [2.000]   -14.1631 [2.000]
[kpt  72  10   1]    -5.9571 [2.000]    -5.7012 [2.000]    -5.6981 [2.000]     0.0364 [2.000]     0.0880 [2.000]
[kpt  72  10   2]     0.2899 [2.000]     6.0668 [2.000]     6.5432 [2.000]     7.1601 [2.000]     7.2955 [2.000]
[kpt  72  10   3]     7.8713 [2.000]     7.9050 [2.000]     9.7165 [2.000]     9.7656 [2.000]    10.2008 [2.000]
[kpt  72  10   4]    14.0885 [0.000]    14.1525 [0.000]    14.3490 [0.000]    16.5620 [0.000]    17.8532 [0.000]
[kpt  72  10   5]    17.9055 [0.000]    18.3805 [0.000]    18.4516 [0.000]    19.1467 [0.000]    20.4055 [0.000]
[kpt  72  10   6]    20.7577 [0.000]    21.1433 [0.000]    21.2513 [0.000]    21.6903 [0.000]    21.8172 [0.000]
[kpt  72  10   7]    21.8701 [0.000]    21.9127 [0.000]    23.6933 [0.000]    25.1544 [0.000]    25.4970 [0.000]
[kpt  72  10   8]    26.7915 [0.000]    27.4852 [0.000]    27.6765 [0.000]    28.0604 [0.000]    28.2784 [0.000]
[kpt  72  10   9]    30.0521 [0.000]    30.4178 [0.000]    30.5054 [0.000]




KOHN SHAM EIGENVALUES [eV] AT K-POINT [ 73]:       0.250000      0.500000      0.500000

[kpt  73  10   0]   -46.2948 [2.000]   -22.5531 [2.000]   -22.5531 [2.000]   -22.5272 [2.000]   -14.1583 [2.000]
[kpt  73  10   1]    -5.9042 [2.000]    -5.7042 [2.000]    -5.7042 [2.000]     0.0537 [2.000]     0.0537 [2.000]
[kpt  73  10   2]     0.2140 [2.000]     6.0073 [2.000]     6.4831 [2.000]     7.1833 [2.000]     7.3194 [2.000]
[kpt  73  10   3]     7.8597 [2.000]     7.8597 [2.000]     9.7762 [2.000]     9.7762 [2.000]    10.2544 [2.000]
[kpt  73  10   4]    14.1650 [0.000]    14.1650 [0.000]    14.4022 [0.000]    16.5532 [0.000]    17.7718 [0.000]
[kpt  73  10   5]    18.0394 [0.000]    18.3846 [0.000]    18.3846 [0.000]    19.2030 [0.000]    20.7961 [0.000]
[kpt  73  10   6]    20.7961 [0.000]    20.9295 [0.000]    21.1380 [0.000]    21.6841 [0.000]    21.8817 [0.000]
[kpt  73  10   7]    21.8818 [0.000]    21.8823 [0.000]    23.6955 [0.000]    25.3042 [0.000]    25.3042 [0.000]
[kpt  73  10   8]    26.7634 [0.000]    27.6575 [0.000]    27.6575 [0.000]    27.8235 [0.000]    28.0183 [0.000]
[kpt  73  10   9]    29.9723 [0.000]    30.5332 [0.000]    30.5333 [0.000]




KOHN SHAM EIGENVALUES [eV] AT K-POINT [ 74]:       0.333333      0.333333      0.333333

[kpt  74  10   0]   -46.2950 [2.000]   -22.5411 [2.000]   -22.5406 [2.000]   -22.5406 [2.000]   -14.1776 [2.000]
[kpt  74  10   1]    -6.0403 [2.000]    -5.7047 [2.000]    -5.7047 [2.000]     0.0448 [2.000]     0.0448 [2.000]
[kpt  74  10   2]     0.4749 [2.000]     6.3627 [2.000]     6.8735 [2.000]     6.8735 [2.000]     7.3642 [2.000]
[kpt  74  10   3]     7.9032 [2.000]     7.9032 [2.000]     9.7691 [2.000]     9.7691 [2.000]     9.9798 [2.000]
[kpt  74  10   4]    14.0398 [0.000]    14.0398 [0.000]    14.0438 [0.000]    17.0818 [0.000]    17.0818 [0.000]
[kpt  74  10   5]    18.1789 [0.000]    18.1789 [0.000]    18.1792 [0.000]    19.3786 [0.000]    19.3786 [0.000]
[kpt  74  10   6]    20.9287 [0.000]    21.2033 [0.000]    21.6291 [0.000]    21.6291 [0.000]    21.7917 [0.000]
[kpt  74  10   7]    21.7917 [0.000]    21.9338 [0.000]    23.3478 [0.000]    25.2972 [0.000]    26.7836 [0.000]
[kpt  74  10   8]    26.7836 [0.000]    26.9171 [0.000]    28.3065 [0.000]    28.6209 [0.000]    28.6209 [0.000]
[kpt  74  10   9]    29.8705 [0.000]    29.8705 [0.000]    30.3220 [0.000]




KOHN SHAM EIGENVALUES [eV] AT K-POINT [ 75]:       0.333333      0.333333      0.416667

[kpt  75  10   0]   -46.2949 [2.000]   -22.5498 [2.000]   -22.5404 [2.000]   -22.5401 [2.000]   -14.1641 [2.000]
[kpt  75  10   1]    -5.9615 [2.000]    -5.6869 [2.000]    -5.6790 [2.000]    -0.0421 [2.000]     0.0205 [2.000]
[kpt  75  10   2]     0.3145 [2.000]     6.2059 [2.000]     6.7516 [2.000]     6.8738 [2.000]     7.3587 [2.000]
[kpt  75  10   3]     7.9027 [2.000]     7.9334 [2.000]     9.7691 [2.000]     9.9055 [2.000]    10.0557 [2.000]
[kpt  75  10   4]    14.0841 [0.000]    14.2040 [0.000]    14.2135 [0.000]    17.0358 [0.000]    17.4552 [0.000]
[kpt  75  10   5]    18.0381 [0.000]    18.0561 [0.000]    18.1500 [0.000]    19.3114 [0.000]    19.8582 [0.000]
[kpt  75  10   6]    20.8812 [0.000]    21.2086 [0.000]    21.4964 [0.000]    21.6406 [0.000]    21.8191 [0.000]
[kpt  75  10   7]    21.8681 [0.000]    21.9417 [0.000]    23.5425 [0.000]    25.2991 [0.000]    26.2110 [0.000]
[kpt  75  10   8]    26.9096 [0.000]    27.2364 [0.000]    27.7507 [0.000]    28.6329 [0.000]    28.7877 [0.000]
[kpt  75  10   9]    29.4522 [0.000]    29.8831 [0.000]    30.0780 [0.000]




KOHN SHAM EIGENVALUES [eV] AT K-POINT [ 76]:       0.333333      0.333333      0.500000

[kpt  76  10   0]   -46.2948 [2.000]   -22.5531 [2.000]   -22.5403 [2.000]   -22.5400 [2.000]   -14.1591 [2.000]
[kpt  76  10   1]    -5.9357 [2.000]    -5.6768 [2.000]    -5.6695 [2.000]    -0.0737 [2.000]     0.0338 [2.000]
[kpt  76  10   2]     0.2349 [2.000]     6.1170 [2.000]     6.7418 [2.000]     6.8741 [2.000]     7.3442 [2.000]
[kpt  76  10   3]     7.9030 [2.000]     7.9601 [2.000]     9.7668 [2.000]     9.9506 [2.000]    10.0835 [2.000]
[kpt  76  10   4]    14.0998 [0.000]    14.2709 [0.000]    14.2793 [0.000]    17.0132 [0.000]    17.5605 [0.000]
[kpt  76  10   5]    17.9883 [0.000]    18.0561 [0.000]    18.1130 [0.000]    19.2885 [0.000]    20.1791 [0.000]
[kpt  76  10   6]    20.7910 [0.000]    21.2076 [0.000]    21.4091 [0.000]    21.6469 [0.000]    21.8275 [0.000]
[kpt  76  10   7]    21.8942 [0.000]    21.9431 [0.000]    23.5862 [0.000]    25.3153 [0.000]    26.0033 [0.000]
[kpt  76  10   8]    26.8991 [0.000]    27.4674 [0.000]    27.4983 [0.000]    28.5019 [0.000]    28.9679 [0.000]
[kpt  76  10   9]    29.3823 [0.000]    29.8139 [0.000]    29.9933 [0.000]




KOHN SHAM EIGENVALUES [eV] AT K-POINT [ 77]:       0.333333      0.416667      0.416667

[kpt  77  10   0]   -46.2947 [2.000]   -22.5494 [2.000]   -22.5493 [2.000]   -22.5399 [2.000]   -14.1512 [2.000]
[kpt  77  10   1]    -5.8562 [2.000]    -5.6726 [2.000]    -5.6603 [2.000]    -0.0984 [2.000]    -0.0701 [2.000]
[kpt  77  10   2]     0.1418 [2.000]     6.0940 [2.000]     6.5900 [2.000]     6.8344 [2.000]     7.4771 [2.000]
[kpt  77  10   3]     7.9071 [2.000]     7.9221 [2.000]     9.9103 [2.000]     9.9634 [2.000]    10.1639 [2.000]
[kpt  77  10   4]    14.2501 [0.000]    14.2532 [0.000]    14.3508 [0.000]    17.1240 [0.000]    17.6347 [0.000]
[kpt  77  10   5]    17.8140 [0.000]    17.8800 [0.000]    18.0279 [0.000]    19.5636 [0.000]    20.1148 [0.000]
[kpt  77  10   6]    20.9187 [0.000]    21.2341 [0.000]    21.3770 [0.000]    21.5921 [0.000]    21.8857 [0.000]
[kpt  77  10   7]    21.9075 [0.000]    21.9516 [0.000]    23.4874 [0.000]    25.5745 [0.000]    26.1439 [0.000]
[kpt  77  10   8]    26.9303 [0.000]    27.1196 [0.000]    27.9322 [0.000]    28.1550 [0.000]    28.5847 [0.000]
[kpt  77  10   9]    29.4891 [0.000]    29.7068 [0.000]    29.8497 [0.000]




KOHN SHAM EIGENVALUES [eV] AT K-POINT [ 78]:       0.333333      0.416667      0.500000

[kpt  78  10   0]   -46.2946 [2.000]   -22.5526 [2.000]   -22.5492 [2.000]   -22.5397 [2.000]   -14.1465 [2.000]
[kpt  78  10   1]    -5.8160 [2.000]    -5.6649 [2.000]    -5.6569 [2.000]    -0.1250 [2.000]    -0.0728 [2.000]
[kpt  78  10   2]     0.0564 [2.000]     6.0232 [2.000]     6.5460 [2.000]     6.8367 [2.000]     7.5117 [2.000]
[kpt  78  10   3]     7.9101 [2.000]     7.9255 [2.000]     9.9389 [2.000]     9.9997 [2.000]    10.2112 [2.000]
[kpt  78  10   4]    14.2674 [0.000]    14.3172 [0.000]    14.4079 [0.000]    17.0810 [0.000]    17.6735 [0.000]
[kpt  78  10   5]    17.7929 [0.000]    17.8185 [0.000]    18.0154 [0.000]    19.6027 [0.000]    20.4065 [0.000]
[kpt  78  10   6]    20.8915 [0.000]    21.2408 [0.000]    21.2452 [0.000]    21.5855 [0.000]    21.9024 [0.000]
[kpt  78  10   7]    21.9285 [0.000]    21.9514 [0.000]    23.4364 [0.000]    25.7245 [0.000]    25.9846 [0.000]
[kpt  78  10   8]    26.9311 [0.000]    27.2445 [0.000]    27.7549 [0.000]    28.2530 [0.000]    28.3365 [0.000]
[kpt  78  10   9]    29.6026 [0.000]    29.6427 [0.000]    29.7724 [0.000]




KOHN SHAM EIGENVALUES [eV] AT K-POINT [ 79]:       0.333333      0.500000      0.500000

[kpt  79  10   0]   -46.2946 [2.000]   -22.5525 [2.000]   -22.5525 [2.000]   -22.5396 [2.000]   -14.1418 [2.000]
[kpt  79  10   1]    -5.7628 [2.000]    -5.6607 [2.000]    -5.6607 [2.000]    -0.1112 [2.000]    -0.1112 [2.000]
[kpt  79  10   2]    -0.0395 [2.000]     5.9630 [2.000]     6.4873 [2.000]     6.8390 [2.000]     7.5725 [2.000]
[kpt  79  10   3]     7.9114 [2.000]     7.9114 [2.000]    10.0071 [2.000]    10.0071 [2.000]    10.2668 [2.000]
[kpt  79  10   4]    14.3327 [0.000]    14.3327 [0.000]    14.4617 [0.000]    17.0152 [0.000]    17.7317 [0.000]
[kpt  79  10   5]    17.7317 [0.000]    17.7318 [0.000]    18.0395 [0.000]    19.6844 [0.000]    20.7964 [0.000]
[kpt  79  10   6]    20.9301 [0.000]    20.9301 [0.000]    21.2504 [0.000]    21.5662 [0.000]    21.9402 [0.000]
[kpt  79  10   7]    21.9402 [0.000]    21.9403 [0.000]    23.3604 [0.000]    25.8928 [0.000]    25.8928 [0.000]
[kpt  79  10   8]    26.9360 [0.000]    27.3334 [0.000]    27.9711 [0.000]    27.9947 [0.000]    27.9947 [0.000]
[kpt  79  10   9]    29.5695 [0.000]    29.7404 [0.000]    29.7404 [0.000]




KOHN SHAM EIGENVALUES [eV] AT K-POINT [ 80]:       0.416667      0.416667      0.416667

[kpt  80  10   0]   -46.2945 [2.000]   -22.5490 [2.000]   -22.5488 [2.000]   -22.5488 [2.000]   -14.1388 [2.000]
[kpt  80  10   1]    -5.7480 [2.000]    -5.6417 [2.000]    -5.6417 [2.000]    -0.1800 [2.000]    -0.1800 [2.000]
[kpt  80  10   2]    -0.0376 [2.000]     5.9942 [2.000]     6.5925 [2.000]     6.5925 [2.000]     7.6904 [2.000]
[kpt  80  10   3]     7.9235 [2.000]     7.9235 [2.000]    10.0995 [2.000]    10.0995 [2.000]    10.1971 [2.000]
[kpt  80  10   4]    14.3951 [0.000]    14.3951 [0.000]    14.3951 [0.000]    17.3567 [0.000]    17.3567 [0.000]
[kpt  80  10   5]    17.4871 [0.000]    17.9041 [0.000]    17.9041 [0.000]    20.1072 [0.000]    20.1072 [0.000]
[kpt  80  10   6]    20.9849 [0.000]    21.2848 [0.000]    21.3977 [0.000]    21.3977 [0.000]    21.9416 [0.000]
[kpt  80  10   7]    21.9416 [0.000]    21.9692 [0.000]    23.2792 [0.000]    25.9632 [0.000]    26.5759 [0.000]
[kpt  80  10   8]    26.5759 [0.000]    27.0025 [0.000]    28.1113 [0.000]    28.3028 [0.000]    28.3028 [0.000]
[kpt  80  10   9]    29.3404 [0.000]    29.3405 [0.000]    29.5276 [0.000]




KOHN SHAM EIGENVALUES [eV] AT K-POINT [ 81]:       0.416667      0.416667      0.500000

[kpt  81  10   0]   -46.2945 [2.000]   -22.5522 [2.000]   -22.5488 [2.000]   -22.5487 [2.000]   -14.1342 [2.000]
[kpt  81  10   1]    -5.7047 [2.000]    -5.6379 [2.000]    -5.6302 [2.000]    -0.2199 [2.000]    -0.1876 [2.000]
[kpt  81  10   2]    -0.1230 [2.000]     5.9327 [2.000]     6.5320 [2.000]     6.5934 [2.000]     7.7573 [2.000]
[kpt  81  10   3]     7.9278 [2.000]     7.9334 [2.000]    10.1277 [2.000]    10.1706 [2.000]    10.2338 [2.000]
[kpt  81  10   4]    14.4116 [0.000]    14.4522 [0.000]    14.4523 [0.000]    17.2271 [0.000]    17.3126 [0.000]
[kpt  81  10   5]    17.4200 [0.000]    17.8865 [0.000]    17.9864 [0.000]    20.1022 [0.000]    20.4521 [0.000]
[kpt  81  10   6]    20.9918 [0.000]    21.2202 [0.000]    21.3012 [0.000]    21.4086 [0.000]    21.9526 [0.000]
[kpt  81  10   7]    21.9625 [0.000]    21.9725 [0.000]    23.1819 [0.000]    26.1540 [0.000]    26.3423 [0.000]
[kpt  81  10   8]    26.7619 [0.000]    27.0233 [0.000]    27.9957 [0.000]    28.2611 [0.000]    28.3203 [0.000]
[kpt  81  10   9]    29.2813 [0.000]    29.3487 [0.000]    29.4275 [0.000]




KOHN SHAM EIGENVALUES [eV] AT K-POINT [ 82]:       0.416667      0.500000      0.500000

[kpt  82  10   0]   -46.2944 [2.000]   -22.5520 [2.000]   -22.5520 [2.000]   -22.5486 [2.000]   -14.1297 [2.000]
[kpt  82  10   1]    -5.6557 [2.000]    -5.6278 [2.000]    -5.6278 [2.000]    -0.2291 [2.000]    -0.2291 [2.000]
[kpt  82  10   2]    -0.2113 [2.000]     5.8776 [2.000]     6.4903 [2.000]     6.5668 [2.000]     7.8433 [2.000]
[kpt  82  10   3]     7.9342 [2.000]     7.9342 [2.000]    10.2022 [2.000]    10.2022 [2.000]    10.2758 [2.000]
[kpt  82  10   4]    14.4687 [0.000]    14.4687 [0.000]    14.5063 [0.000]    17.1143 [0.000]    17.2742 [0.000]
[kpt  82  10   5]    17.2742 [0.000]    17.9265 [0.000]    18.0396 [0.000]    20.2549 [0.000]    20.7079 [0.000]
[kpt  82  10   6]    21.0290 [0.000]    21.0290 [0.000]    21.3212 [0.000]    21.3396 [0.000]    21.9741 [0.000]
[kpt  82  10   7]    21.9741 [0.000]    21.9744 [0.000]    23.0717 [0.000]    26.3320 [0.000]    26.3320 [0.000]
[kpt  82  10   8]    26.7434 [0.000]    27.0531 [0.000]    28.0989 [0.000]    28.1759 [0.000]    28.1759 [0.000]
[kpt  82  10   9]    29.3015 [0.000]    29.3015 [0.000]    29.3179 [0.000]




KOHN SHAM EIGENVALUES [eV] AT K-POINT [ 83]:       0.500000      0.500000      0.500000

[kpt  83  10   0]   -46.2944 [2.000]   -22.5519 [2.000]   -22.5519 [2.000]   -22.5519 [2.000]   -14.1252 [2.000]
[kpt  83  10   1]    -5.6156 [2.000]    -5.6156 [2.000]    -5.6156 [2.000]    -0.2718 [2.000]    -0.2718 [2.000]
[kpt  83  10   2]    -0.2718 [2.000]     5.8265 [2.000]     6.4914 [2.000]     6.4914 [2.000]     7.9399 [2.000]
[kpt  83  10   3]     7.9399 [2.000]     7.9399 [2.000]    10.2792 [2.000]    10.2792 [2.000]    10.2792 [2.000]
[kpt  83  10   4]    14.5229 [0.000]    14.5229 [0.000]    14.5229 [0.000]    17.1064 [0.000]    17.1064 [0.000]
[kpt  83  10   5]    17.1064 [0.000]    18.0397 [0.000]    18.0397 [0.000]    20.6769 [0.000]    20.6769 [0.000]
[kpt  83  10   6]    21.0655 [0.000]    21.0655 [0.000]    21.0655 [0.000]    21.3451 [0.000]    21.9856 [0.000]
[kpt  83  10   7]    21.9856 [0.000]    21.9856 [0.000]    22.9503 [0.000]    26.5145 [0.000]    26.5145 [0.000]
[kpt  83  10   8]    26.5145 [0.000]    27.0942 [0.000]    28.1500 [0.000]    28.1500 [0.000]    28.1500 [0.000]
[kpt  83  10   9]    29.2326 [0.000]    29.2326 [0.000]    29.2326 [0.000]


spinup:  valence band maximum = 10.279186 eV, conduction band minumm = 12.123560 eV
spinup:  Band gap = 1.844374 eV

Total charge in supercell =      40.00000000

 Vdd took 0.000992 seconds


VORONOI DEFORMATION DENSITY PARTIAL CHARGES 

      Ion  Species      Charge
       1     Ba           0.219
       2     Ti           0.590
       3      O          -0.265
       4      O          -0.270
       5      O          -0.273
 quench: [md:   0/100  scf:  10/20  step time:   5.65  scf time:    57.13 secs  RMS[dV]: 7.14e-05 ]


average potential <V> = 1.08e-06
Davidson converged in 1 steps
Davidson converged in 1 steps
Davidson converged in 2 steps
Davidson converged in 2 steps
Davidson converged in 2 steps
Davidson converged in 2 steps
Davidson converged in 2 steps

FERMI ENERGY =     11.30177601 eV
@@ EIGENVALUE SUM     =       -5.189097 Ha
@@ ION_ION            =     -103.531057 Ha
@@ ELECTROSTATIC      =      -29.390578 Ha
@@ VXC                =      -27.980751 Ha
@@ EXC                =      -21.520561 Ha
@@ TOTAL ENERGY       =     -131.650542 Ha
@@ estimated error    =        1.50e-07 Ha
Charge density mixing: Broyden
 quench: [md:   0/100  scf:  11/20  step time:   4.38  scf time:    61.51 secs  RMS[dV]: 8.65e-05 ]


average potential <V> = 6.44e-07
Davidson converged in 2 steps
Davidson converged in 2 steps
Davidson converged in 2 steps
Davidson converged in 2 steps
Davidson converged in 2 steps
Davidson converged in 2 steps
Davidson converged in 2 steps

FERMI ENERGY =     11.30185615 eV
@@ EIGENVALUE SUM     =       -5.189624 Ha
@@ ION_ION            =     -103.531057 Ha
@@ ELECTROSTATIC      =      -29.390011 Ha
@@ VXC                =      -27.980585 Ha
@@ EXC                =      -21.520434 Ha
@@ TOTAL ENERGY       =     -131.650542 Ha
@@ estimated error    =        5.76e-08 Ha
Charge density mixing: Broyden
 quench: [md:   0/100  scf:  12/20  step time:   4.65  scf time:    66.15 secs  RMS[dV]: 6.04e-05 ]


average potential <V> = 7.11e-08
Davidson converged in 1 steps
Davidson converged in 1 steps
Davidson converged in 1 steps
Davidson converged in 1 steps
Davidson converged in 1 steps
Davidson converged in 1 steps
Davidson converged in 1 steps

FERMI ENERGY =     11.30189178 eV
@@ EIGENVALUE SUM     =       -5.189513 Ha
@@ ION_ION            =     -103.531057 Ha
@@ ELECTROSTATIC      =      -29.390130 Ha
@@ VXC                =      -27.980617 Ha
@@ EXC                =      -21.520459 Ha
@@ TOTAL ENERGY       =     -131.650542 Ha
@@ estimated error    =        6.51e-09 Ha
Charge density mixing: Broyden
 quench: [md:   0/100  scf:  13/20  step time:   4.04  scf time:    70.19 secs  RMS[dV]: 9.54e-06 ]


average potential <V> = 1.42e-07
Davidson converged in 1 steps
Davidson converged in 2 steps
Davidson converged in 2 steps
Davidson converged in 2 steps
Davidson converged in 2 steps
Davidson converged in 2 steps
Davidson converged in 2 steps

FERMI ENERGY =     11.30188725 eV
@@ EIGENVALUE SUM     =       -5.189461 Ha
@@ ION_ION            =     -103.531057 Ha
@@ ELECTROSTATIC      =      -29.390183 Ha
@@ VXC                =      -27.980620 Ha
@@ EXC                =      -21.520461 Ha
@@ TOTAL ENERGY       =     -131.650542 Ha
@@ estimated error    =        3.58e-09 Ha
Charge density mixing: Broyden
 quench: [md:   0/100  scf:  14/20  step time:   4.37  scf time:    74.57 secs  RMS[dV]: 1.27e-05 ]


average potential <V> = 2.59e-08
Davidson converged in 1 steps
Davidson converged in 1 steps
Davidson converged in 1 steps
Davidson converged in 2 steps
Davidson converged in 2 steps
Davidson converged in 2 steps
Davidson converged in 2 steps

FERMI ENERGY =     11.30189950 eV
@@ EIGENVALUE SUM     =       -5.189460 Ha
@@ ION_ION            =     -103.531057 Ha
@@ ELECTROSTATIC      =      -29.390184 Ha
@@ VXC                =      -27.980622 Ha
@@ EXC                =      -21.520463 Ha
@@ TOTAL ENERGY       =     -131.650542 Ha
@@ estimated error    =        4.74e-10 Ha
Charge density mixing: Broyden
WriteRestart: Restart file Waves/wave.out opened...
WriteData: total size of each of the 1 files = 247.8 Mb
WriteData: writing took 0.2 seconds, writing speed 1116.485 Mbps 
WriteRestart: writing took 0.8 seconds 


KOHN SHAM EIGENVALUES [eV] AT K-POINT [  0]:       0.000000      0.000000      0.000000

[kpt   0  15   0]   -46.2985 [2.000]   -22.5074 [2.000]   -22.5074 [2.000]   -22.5074 [2.000]   -14.3856 [2.000]
[kpt   0  15   1]    -6.5258 [2.000]    -5.8524 [2.000]    -5.8524 [2.000]     0.4361 [2.000]     0.4361 [2.000]
[kpt   0  15   2]     0.4361 [2.000]     8.0046 [2.000]     8.0046 [2.000]     8.0046 [2.000]     9.1783 [2.000]
[kpt   0  15   3]     9.1783 [2.000]     9.1783 [2.000]    10.1638 [2.000]    10.1638 [2.000]    10.1638 [2.000]
[kpt   0  15   4]    12.1230 [0.000]    12.1230 [0.000]    12.1230 [0.000]    14.3068 [0.000]    14.3068 [0.000]
[kpt   0  15   5]    15.4593 [0.000]    15.4593 [0.000]    17.7075 [0.000]    18.9393 [0.000]    18.9393 [0.000]
[kpt   0  15   6]    18.9393 [0.000]    21.4155 [0.000]    21.7443 [0.000]    21.7443 [0.000]    21.7443 [0.000]
[kpt   0  15   7]    21.8787 [0.000]    21.8787 [0.000]    21.8787 [0.000]    25.2436 [0.000]    27.9762 [0.000]
[kpt   0  15   8]    27.9762 [0.000]    27.9762 [0.000]    31.1714 [0.000]    31.1714 [0.000]    31.1714 [0.000]
[kpt   0  15   9]    33.3136 [0.000]    33.3136 [0.000]    33.3136 [0.000]




KOHN SHAM EIGENVALUES [eV] AT K-POINT [  1]:       0.000000      0.000000      0.083333

[kpt   1  15   0]   -46.2985 [2.000]   -22.5109 [2.000]   -22.5073 [2.000]   -22.5073 [2.000]   -14.3779 [2.000]
[kpt   1  15   1]    -6.5273 [2.000]    -5.8503 [2.000]    -5.8490 [2.000]     0.4470 [2.000]     0.4470 [2.000]
[kpt   1  15   2]     0.4641 [2.000]     7.8881 [2.000]     7.9871 [2.000]     7.9871 [2.000]     9.0977 [2.000]
[kpt   1  15   3]     9.0977 [2.000]     9.1195 [2.000]     9.9757 [2.000]    10.1087 [2.000]    10.1087 [2.000]
[kpt   1  15   4]    12.1314 [0.000]    12.2708 [0.000]    12.2708 [0.000]    14.3072 [0.000]    14.5118 [0.000]
[kpt   1  15   5]    15.5856 [0.000]    15.5905 [0.000]    17.8752 [0.000]    18.9167 [0.000]    19.0135 [0.000]
[kpt   1  15   6]    19.0135 [0.000]    21.4140 [0.000]    21.7005 [0.000]    21.7455 [0.000]    21.7455 [0.000]
[kpt   1  15   7]    21.8531 [0.000]    21.8738 [0.000]    21.8738 [0.000]    25.2898 [0.000]    27.9675 [0.000]
[kpt   1  15   8]    27.9892 [0.000]    27.9892 [0.000]    30.8734 [0.000]    31.0706 [0.000]    31.0706 [0.000]
[kpt   1  15   9]    32.8421 [0.000]    33.0126 [0.000]    33.3295 [0.000]




KOHN SHAM EIGENVALUES [eV] AT K-POINT [  2]:       0.000000      0.000000      0.166667

[kpt   2  15   0]   -46.2983 [2.000]   -22.5203 [2.000]   -22.5069 [2.000]   -22.5069 [2.000]   -14.3566 [2.000]
[kpt   2  15   1]    -6.5449 [2.000]    -5.8444 [2.000]    -5.8240 [2.000]     0.4769 [2.000]     0.4769 [2.000]
[kpt   2  15   2]     0.5401 [2.000]     7.5722 [2.000]     7.9306 [2.000]     7.9306 [2.000]     8.9085 [2.000]
[kpt   2  15   3]     8.9085 [2.000]     8.9670 [2.000]     9.5476 [2.000]     9.9822 [2.000]     9.9822 [2.000]
[kpt   2  15   4]    12.1545 [0.000]    12.6324 [0.000]    12.6324 [0.000]    14.3081 [0.000]    14.9850 [0.000]
[kpt   2  15   5]    15.9314 [0.000]    15.9622 [0.000]    18.3577 [0.000]    18.8551 [0.000]    19.2145 [0.000]
[kpt   2  15   6]    19.2145 [0.000]    21.4100 [0.000]    21.5729 [0.000]    21.7486 [0.000]    21.7486 [0.000]
[kpt   2  15   7]    21.7767 [0.000]    21.8590 [0.000]    21.8590 [0.000]    25.3909 [0.000]    27.9358 [0.000]
[kpt   2  15   8]    28.0361 [0.000]    28.0361 [0.000]    30.3732 [0.000]    30.7927 [0.000]    30.7927 [0.000]
[kpt   2  15   9]    31.4999 [0.000]    32.4756 [0.000]    33.3820 [0.000]




KOHN SHAM EIGENVALUES [eV] AT K-POINT [  3]:       0.000000      0.000000      0.250000

[kpt   3  15   0]   -46.2980 [2.000]   -22.5331 [2.000]   -22.5064 [2.000]   -22.5064 [2.000]   -14.3273 [2.000]
[kpt   3  15   1]    -6.5952 [2.000]    -5.8363 [2.000]    -5.7579 [2.000]     0.5186 [2.000]     0.5186 [2.000]
[kpt   3  15   2]     0.6428 [2.000]     7.1470 [2.000]     7.8306 [2.000]     7.8306 [2.000]     8.7127 [2.000]
[kpt   3  15   3]     8.7127 [2.000]     8.7749 [2.000]     9.0875 [2.000]     9.8390 [2.000]     9.8390 [2.000]
[kpt   3  15   4]    12.1865 [0.000]    13.0674 [0.000]    13.0674 [0.000]    14.3093 [0.000]    15.5021 [0.000]
[kpt   3  15   5]    16.4123 [0.000]    16.5154 [0.000]    18.7705 [0.000]    19.0879 [0.000]    19.4852 [0.000]
[kpt   3  15   6]    19.4852 [0.000]    21.3819 [0.000]    21.4046 [0.000]    21.6529 [0.000]    21.7531 [0.000]
[kpt   3  15   7]    21.7531 [0.000]    21.8337 [0.000]    21.8337 [0.000]    25.4263 [0.000]    27.7463 [0.000]
[kpt   3  15   8]    28.1382 [0.000]    28.1382 [0.000]    29.9423 [0.000]    30.3121 [0.000]    30.3939 [0.000]
[kpt   3  15   9]    30.3939 [0.000]    31.8534 [0.000]    33.4900 [0.000]




KOHN SHAM EIGENVALUES [eV] AT K-POINT [  4]:       0.000000      0.000000      0.333333

[kpt   4  15   0]   -46.2978 [2.000]   -22.5459 [2.000]   -22.5059 [2.000]   -22.5059 [2.000]   -14.2975 [2.000]
[kpt   4  15   1]    -6.6656 [2.000]    -5.8282 [2.000]    -5.6651 [2.000]     0.5614 [2.000]     0.5614 [2.000]
[kpt   4  15   2]     0.7443 [2.000]     6.7308 [2.000]     7.7043 [2.000]     7.7043 [2.000]     8.5746 [2.000]
[kpt   4  15   3]     8.5746 [2.000]     8.5980 [2.000]     8.7116 [2.000]     9.7137 [2.000]     9.7137 [2.000]
[kpt   4  15   4]    12.2192 [0.000]    13.4648 [0.000]    13.4648 [0.000]    14.3105 [0.000]    15.9289 [0.000]
[kpt   4  15   5]    16.9160 [0.000]    17.1548 [0.000]    18.6856 [0.000]    19.7524 [0.000]    19.7524 [0.000]
[kpt   4  15   6]    19.8972 [0.000]    21.2449 [0.000]    21.3994 [0.000]    21.4976 [0.000]    21.7577 [0.000]
[kpt   4  15   7]    21.7577 [0.000]    21.8005 [0.000]    21.8005 [0.000]    25.1563 [0.000]    27.1163 [0.000]
[kpt   4  15   8]    28.3215 [0.000]    28.3215 [0.000]    29.6318 [0.000]    29.9343 [0.000]    29.9343 [0.000]
[kpt   4  15   9]    30.1190 [0.000]    31.2837 [0.000]    33.8412 [0.000]




KOHN SHAM EIGENVALUES [eV] AT K-POINT [  5]:       0.000000      0.000000      0.416667

[kpt   5  15   0]   -46.2976 [2.000]   -22.5552 [2.000]   -22.5056 [2.000]   -22.5056 [2.000]   -14.2755 [2.000]
[kpt   5  15   1]    -6.7248 [2.000]    -5.8222 [2.000]    -5.5851 [2.000]     0.5935 [2.000]     0.5935 [2.000]
[kpt   5  15   2]     0.8180 [2.000]     6.4325 [2.000]     7.5985 [2.000]     7.5985 [2.000]     8.4703 [2.000]
[kpt   5  15   3]     8.4765 [2.000]     8.5011 [2.000]     8.5011 [2.000]     9.6297 [2.000]     9.6297 [2.000]
[kpt   5  15   4]    12.2435 [0.000]    13.7416 [0.000]    13.7416 [0.000]    14.3113 [0.000]    16.2035 [0.000]
[kpt   5  15   5]    17.3105 [0.000]    17.7266 [0.000]    18.6232 [0.000]    19.9466 [0.000]    19.9466 [0.000]
[kpt   5  15   6]    20.2418 [0.000]    21.3542 [0.000]    21.3955 [0.000]    21.6886 [0.000]    21.7611 [0.000]
[kpt   5  15   7]    21.7611 [0.000]    21.7694 [0.000]    21.7694 [0.000]    24.3100 [0.000]    26.6022 [0.000]
[kpt   5  15   8]    28.5981 [0.000]    28.5981 [0.000]    29.4476 [0.000]    29.4683 [0.000]    29.4683 [0.000]
[kpt   5  15   9]    30.8078 [0.000]    30.8871 [0.000]    33.3597 [0.000]




KOHN SHAM EIGENVALUES [eV] AT K-POINT [  6]:       0.000000      0.000000      0.500000

[kpt   6  15   0]   -46.2976 [2.000]   -22.5586 [2.000]   -22.5054 [2.000]   -22.5054 [2.000]   -14.2673 [2.000]
[kpt   6  15   1]    -6.7475 [2.000]    -5.8200 [2.000]    -5.5538 [2.000]     0.6055 [2.000]     0.6055 [2.000]
[kpt   6  15   2]     0.8449 [2.000]     6.3248 [2.000]     7.5577 [2.000]     7.5577 [2.000]     8.3873 [2.000]
[kpt   6  15   3]     8.4335 [2.000]     8.4787 [2.000]     8.4787 [2.000]     9.6002 [2.000]     9.6002 [2.000]
[kpt   6  15   4]    12.2525 [0.000]    13.8408 [0.000]    13.8408 [0.000]    14.3116 [0.000]    16.2978 [0.000]
[kpt   6  15   5]    17.4631 [0.000]    17.9787 [0.000]    18.6003 [0.000]    20.0176 [0.000]    20.0176 [0.000]
[kpt   6  15   6]    20.1953 [0.000]    21.2930 [0.000]    21.3941 [0.000]    21.7552 [0.000]    21.7552 [0.000]
[kpt   6  15   7]    21.7633 [0.000]    21.7633 [0.000]    22.4064 [0.000]    23.4886 [0.000]    26.4695 [0.000]
[kpt   6  15   8]    28.8662 [0.000]    28.8663 [0.000]    29.1338 [0.000]    29.1338 [0.000]    29.3867 [0.000]
[kpt   6  15   9]    30.7452 [0.000]    31.7860 [0.000]    32.1329 [0.000]




KOHN SHAM EIGENVALUES [eV] AT K-POINT [  7]:       0.000000      0.083333      0.083333

[kpt   7  15   0]   -46.2984 [2.000]   -22.5108 [2.000]   -22.5106 [2.000]   -22.5071 [2.000]   -14.3703 [2.000]
[kpt   7  15   1]    -6.5260 [2.000]    -5.8486 [2.000]    -5.8465 [2.000]     0.4347 [2.000]     0.4579 [2.000]
[kpt   7  15   2]     0.5098 [2.000]     7.8085 [2.000]     7.9337 [2.000]     7.9719 [2.000]     8.9173 [2.000]
[kpt   7  15   3]     9.0203 [2.000]     9.1840 [2.000]     9.8344 [2.000]    10.0349 [2.000]    10.0491 [2.000]
[kpt   7  15   4]    12.2560 [0.000]    12.3000 [0.000]    12.3884 [0.000]    14.4087 [0.000]    14.6179 [0.000]
[kpt   7  15   5]    15.7065 [0.000]    15.7191 [0.000]    18.0134 [0.000]    18.9727 [0.000]    19.0137 [0.000]
[kpt   7  15   6]    19.0995 [0.000]    21.4103 [0.000]    21.6877 [0.000]    21.7134 [0.000]    21.7468 [0.000]
[kpt   7  15   7]    21.8325 [0.000]    21.8687 [0.000]    21.8691 [0.000]    25.3341 [0.000]    27.7976 [0.000]
[kpt   7  15   8]    27.9950 [0.000]    28.1613 [0.000]    30.4682 [0.000]    30.9600 [0.000]    31.2508 [0.000]
[kpt   7  15   9]    32.5765 [0.000]    32.8850 [0.000]    33.1414 [0.000]




KOHN SHAM EIGENVALUES [eV] AT K-POINT [  8]:       0.000000      0.083333      0.166667

[kpt   8  15   0]   -46.2982 [2.000]   -22.5201 [2.000]   -22.5103 [2.000]   -22.5068 [2.000]   -14.3496 [2.000]
[kpt   8  15   1]    -6.5358 [2.000]    -5.8419 [2.000]    -5.8262 [2.000]     0.4485 [2.000]     0.4882 [2.000]
[kpt   8  15   2]     0.5869 [2.000]     7.5207 [2.000]     7.8544 [2.000]     7.9218 [2.000]     8.6665 [2.000]
[kpt   8  15   3]     8.8365 [2.000]     9.1283 [2.000]     9.4684 [2.000]     9.9126 [2.000]     9.9148 [2.000]
[kpt   8  15   4]    12.2944 [0.000]    12.6410 [0.000]    12.6979 [0.000]    14.4466 [0.000]    15.0609 [0.000]
[kpt   8  15   5]    16.0359 [0.000]    16.0869 [0.000]    18.4101 [0.000]    18.9327 [0.000]    19.2051 [0.000]
[kpt   8  15   6]    19.3381 [0.000]    21.4004 [0.000]    21.5700 [0.000]    21.6978 [0.000]    21.7505 [0.000]
[kpt   8  15   7]    21.7698 [0.000]    21.8546 [0.000]    21.8569 [0.000]    25.4333 [0.000]    27.6245 [0.000]
[kpt   8  15   8]    28.0191 [0.000]    28.3371 [0.000]    29.9650 [0.000]    30.6587 [0.000]    31.1726 [0.000]
[kpt   8  15   9]    31.4297 [0.000]    32.4252 [0.000]    33.0474 [0.000]




KOHN SHAM EIGENVALUES [eV] AT K-POINT [  9]:       0.000000      0.083333      0.250000

[kpt   9  15   0]   -46.2980 [2.000]   -22.5329 [2.000]   -22.5098 [2.000]   -22.5063 [2.000]   -14.3209 [2.000]
[kpt   9  15   1]    -6.5764 [2.000]    -5.8325 [2.000]    -5.7662 [2.000]     0.4864 [2.000]     0.5305 [2.000]
[kpt   9  15   2]     0.6719 [2.000]     7.1141 [2.000]     7.7495 [2.000]     7.8292 [2.000]     8.4052 [2.000]
[kpt   9  15   3]     8.6445 [2.000]     8.9380 [2.000]     9.1646 [2.000]     9.7592 [2.000]     9.7714 [2.000]
[kpt   9  15   4]    12.3243 [0.000]    13.0725 [0.000]    13.0970 [0.000]    14.4533 [0.000]    15.5805 [0.000]
[kpt   9  15   5]    16.4971 [0.000]    16.6358 [0.000]    18.8580 [0.000]    18.9789 [0.000]    19.4822 [0.000]
[kpt   9  15   6]    19.7009 [0.000]    21.3858 [0.000]    21.3876 [0.000]    21.6258 [0.000]    21.7305 [0.000]
[kpt   9  15   7]    21.7554 [0.000]    21.8297 [0.000]    21.8344 [0.000]    25.4674 [0.000]    27.4468 [0.000]
[kpt   9  15   8]    28.0790 [0.000]    28.3619 [0.000]    29.5386 [0.000]    30.2256 [0.000]    30.3464 [0.000]
[kpt   9  15   9]    30.8844 [0.000]    31.8667 [0.000]    32.9789 [0.000]




KOHN SHAM EIGENVALUES [eV] AT K-POINT [ 10]:       0.000000      0.083333      0.333333

[kpt  10  15   0]   -46.2977 [2.000]   -22.5457 [2.000]   -22.5093 [2.000]   -22.5058 [2.000]   -14.2918 [2.000]
[kpt  10  15   1]    -6.6390 [2.000]    -5.8231 [2.000]    -5.6776 [2.000]     0.5339 [2.000]     0.5740 [2.000]
[kpt  10  15   2]     0.7461 [2.000]     6.7101 [2.000]     7.6395 [2.000]     7.7075 [2.000]     8.1563 [2.000]
[kpt  10  15   3]     8.5105 [2.000]     8.6971 [2.000]     9.0355 [2.000]     9.6257 [2.000]     9.6277 [2.000]
[kpt  10  15   4]    12.3544 [0.000]    13.4676 [0.000]    13.4781 [0.000]    14.4551 [0.000]    16.0119 [0.000]
[kpt  10  15   5]    16.9852 [0.000]    17.2726 [0.000]    18.7821 [0.000]    19.4782 [0.000]    19.7556 [0.000]
[kpt  10  15   6]    20.1758 [0.000]    21.2698 [0.000]    21.3762 [0.000]    21.5051 [0.000]    21.7272 [0.000]
[kpt  10  15   7]    21.7603 [0.000]    21.7968 [0.000]    21.8028 [0.000]    25.1817 [0.000]    27.0527 [0.000]
[kpt  10  15   8]    28.1652 [0.000]    28.1923 [0.000]    29.2121 [0.000]    29.7527 [0.000]    30.3024 [0.000]
[kpt  10  15   9]    30.5345 [0.000]    31.3441 [0.000]    32.9043 [0.000]




KOHN SHAM EIGENVALUES [eV] AT K-POINT [ 11]:       0.000000      0.083333      0.416667

[kpt  11  15   0]   -46.2976 [2.000]   -22.5550 [2.000]   -22.5089 [2.000]   -22.5054 [2.000]   -14.2703 [2.000]
[kpt  11  15   1]    -6.6935 [2.000]    -5.8163 [2.000]    -5.5998 [2.000]     0.5731 [2.000]     0.6065 [2.000]
[kpt  11  15   2]     0.7952 [2.000]     6.4178 [2.000]     7.5637 [2.000]     7.6031 [2.000]     7.9651 [2.000]
[kpt  11  15   3]     8.4411 [2.000]     8.5445 [2.000]     8.9845 [2.000]     9.5174 [2.000]     9.5362 [2.000]
[kpt  11  15   4]    12.3767 [0.000]    13.7432 [0.000]    13.7508 [0.000]    14.4548 [0.000]    16.2892 [0.000]
[kpt  11  15   5]    17.3737 [0.000]    17.8450 [0.000]    18.7261 [0.000]    19.7255 [0.000]    19.9537 [0.000]
[kpt  11  15   6]    20.3335 [0.000]    21.3695 [0.000]    21.3801 [0.000]    21.7138 [0.000]    21.7621 [0.000]
[kpt  11  15   7]    21.7648 [0.000]    21.7671 [0.000]    21.8078 [0.000]    24.3181 [0.000]    26.6242 [0.000]
[kpt  11  15   8]    28.3062 [0.000]    28.3506 [0.000]    28.9752 [0.000]    29.2688 [0.000]    30.2448 [0.000]
[kpt  11  15   9]    30.9469 [0.000]    31.0693 [0.000]    32.8344 [0.000]




KOHN SHAM EIGENVALUES [eV] AT K-POINT [ 12]:       0.000000      0.083333      0.500000

[kpt  12  15   0]   -46.2975 [2.000]   -22.5584 [2.000]   -22.5088 [2.000]   -22.5053 [2.000]   -14.2623 [2.000]
[kpt  12  15   1]    -6.7146 [2.000]    -5.8138 [2.000]    -5.5692 [2.000]     0.5884 [2.000]     0.6186 [2.000]
[kpt  12  15   2]     0.8120 [2.000]     6.3118 [2.000]     7.5392 [2.000]     7.5625 [2.000]     7.8918 [2.000]
[kpt  12  15   3]     8.4203 [2.000]     8.4936 [2.000]     8.9728 [2.000]     9.4751 [2.000]     9.5048 [2.000]
[kpt  12  15   4]    12.3850 [0.000]    13.8421 [0.000]    13.8500 [0.000]    14.4542 [0.000]    16.3843 [0.000]
[kpt  12  15   5]    17.5262 [0.000]    18.0993 [0.000]    18.7056 [0.000]    19.7901 [0.000]    20.0258 [0.000]
[kpt  12  15   6]    20.2542 [0.000]    21.3472 [0.000]    21.3677 [0.000]    21.7195 [0.000]    21.7509 [0.000]
[kpt  12  15   7]    21.7609 [0.000]    21.7660 [0.000]    22.5215 [0.000]    23.4756 [0.000]    26.5007 [0.000]
[kpt  12  15   8]    28.4537 [0.000]    28.5311 [0.000]    28.8607 [0.000]    28.9531 [0.000]    30.1293 [0.000]
[kpt  12  15   9]    30.8373 [0.000]    31.9554 [0.000]    32.3863 [0.000]




KOHN SHAM EIGENVALUES [eV] AT K-POINT [ 13]:       0.000000      0.166667      0.166667

[kpt  13  15   0]   -46.2980 [2.000]   -22.5200 [2.000]   -22.5194 [2.000]   -22.5064 [2.000]   -14.3302 [2.000]
[kpt  13  15   1]    -6.5222 [2.000]    -5.8379 [2.000]    -5.8162 [2.000]     0.4297 [2.000]     0.5197 [2.000]
[kpt  13  15   2]     0.6548 [2.000]     7.3376 [2.000]     7.6913 [2.000]     7.8900 [2.000]     8.3582 [2.000]
[kpt  13  15   3]     8.6603 [2.000]     9.1981 [2.000]     9.2190 [2.000]     9.7526 [2.000]     9.8432 [2.000]
[kpt  13  15   4]    12.5943 [0.000]    12.7089 [0.000]    12.8999 [0.000]    14.6349 [0.000]    15.3732 [0.000]
[kpt  13  15   5]    16.3198 [0.000]    16.4481 [0.000]    18.5945 [0.000]    19.0973 [0.000]    19.2250 [0.000]
[kpt  13  15   6]    19.6548 [0.000]    21.3746 [0.000]    21.5411 [0.000]    21.6049 [0.000]    21.7111 [0.000]
[kpt  13  15   7]    21.7553 [0.000]    21.8408 [0.000]    21.8559 [0.000]    25.5365 [0.000]    27.2655 [0.000]
[kpt  13  15   8]    27.9698 [0.000]    28.6498 [0.000]    29.4907 [0.000]    30.3087 [0.000]    30.9705 [0.000]
[kpt  13  15   9]    31.4897 [0.000]    31.9718 [0.000]    32.6307 [0.000]




KOHN SHAM EIGENVALUES [eV] AT K-POINT [ 14]:       0.000000      0.166667      0.250000

[kpt  14  15   0]   -46.2978 [2.000]   -22.5325 [2.000]   -22.5191 [2.000]   -22.5059 [2.000]   -14.3033 [2.000]
[kpt  14  15   1]    -6.5312 [2.000]    -5.8261 [2.000]    -5.7766 [2.000]     0.4417 [2.000]     0.5636 [2.000]
[kpt  14  15   2]     0.7074 [2.000]     7.0151 [2.000]     7.5395 [2.000]     7.8216 [2.000]     8.0320 [2.000]
[kpt  14  15   3]     8.4704 [2.000]     8.9326 [2.000]     9.2283 [2.000]     9.5733 [2.000]     9.7653 [2.000]
[kpt  14  15   4]    12.6629 [0.000]    13.0888 [0.000]    13.2087 [0.000]    14.7078 [0.000]    15.8529 [0.000]
[kpt  14  15   5]    16.7254 [0.000]    16.9891 [0.000]    18.9020 [0.000]    19.0911 [0.000]    19.4786 [0.000]
[kpt  14  15   6]    20.0751 [0.000]    21.3407 [0.000]    21.3992 [0.000]    21.5624 [0.000]    21.6480 [0.000]
[kpt  14  15   7]    21.7614 [0.000]    21.8171 [0.000]    21.8457 [0.000]    25.5866 [0.000]    26.9532 [0.000]
[kpt  14  15   8]    27.8967 [0.000]    28.6336 [0.000]    29.1494 [0.000]    29.8338 [0.000]    30.1996 [0.000]
[kpt  14  15   9]    31.4912 [0.000]    31.6872 [0.000]    32.2873 [0.000]




KOHN SHAM EIGENVALUES [eV] AT K-POINT [ 15]:       0.000000      0.166667      0.333333

[kpt  15  15   0]   -46.2976 [2.000]   -22.5451 [2.000]   -22.5185 [2.000]   -22.5054 [2.000]   -14.2762 [2.000]
[kpt  15  15   1]    -6.5674 [2.000]    -5.8120 [2.000]    -5.7066 [2.000]     0.4785 [2.000]     0.6087 [2.000]
[kpt  15  15   2]     0.7321 [2.000]     6.6549 [2.000]     7.4298 [2.000]     7.7159 [2.000]     7.7293 [2.000]
[kpt  15  15   3]     8.3413 [2.000]     8.7840 [2.000]     9.2141 [2.000]     9.4179 [2.000]     9.6482 [2.000]
[kpt  15  15   4]    12.6901 [0.000]    13.4758 [0.000]    13.5403 [0.000]    14.7321 [0.000]    16.2827 [0.000]
[kpt  15  15   5]    17.1710 [0.000]    17.6193 [0.000]    19.0446 [0.000]    19.2007 [0.000]    19.7667 [0.000]
[kpt  15  15   6]    20.4598 [0.000]    21.2923 [0.000]    21.3106 [0.000]    21.5724 [0.000]    21.6383 [0.000]
[kpt  15  15   7]    21.7668 [0.000]    21.7854 [0.000]    21.8217 [0.000]    25.2610 [0.000]    26.7931 [0.000]
[kpt  15  15   8]    27.8224 [0.000]    27.9467 [0.000]    28.9525 [0.000]    29.3193 [0.000]    30.3374 [0.000]
[kpt  15  15   9]    31.2975 [0.000]    31.4972 [0.000]    31.9987 [0.000]




KOHN SHAM EIGENVALUES [eV] AT K-POINT [ 16]:       0.000000      0.166667      0.416667

[kpt  16  15   0]   -46.2974 [2.000]   -22.5544 [2.000]   -22.5181 [2.000]   -22.5051 [2.000]   -14.2561 [2.000]
[kpt  16  15   1]    -6.6063 [2.000]    -5.8018 [2.000]    -5.6390 [2.000]     0.5227 [2.000]     0.6426 [2.000]
[kpt  16  15   2]     0.7310 [2.000]     6.3808 [2.000]     7.3761 [2.000]     7.5123 [2.000]     7.6164 [2.000]
[kpt  16  15   3]     8.2806 [2.000]     8.7114 [2.000]     9.2317 [2.000]     9.3136 [2.000]     9.5170 [2.000]
[kpt  16  15   4]    12.7088 [0.000]    13.7477 [0.000]    13.7942 [0.000]    14.7395 [0.000]    16.5632 [0.000]
[kpt  16  15   5]    17.5459 [0.000]    18.1933 [0.000]    19.0081 [0.000]    19.3411 [0.000]    19.9754 [0.000]
[kpt  16  15   6]    20.4445 [0.000]    21.2941 [0.000]    21.3779 [0.000]    21.5962 [0.000]    21.7526 [0.000]
[kpt  16  15   7]    21.7717 [0.000]    21.7885 [0.000]    22.0707 [0.000]    24.3495 [0.000]    26.6725 [0.000]
[kpt  16  15   8]    27.6898 [0.000]    27.7724 [0.000]    28.8341 [0.000]    28.8667 [0.000]    30.7819 [0.000]
[kpt  16  15   9]    31.0923 [0.000]    31.2536 [0.000]    32.1595 [0.000]




KOHN SHAM EIGENVALUES [eV] AT K-POINT [ 17]:       0.000000      0.166667      0.500000

[kpt  17  15   0]   -46.2973 [2.000]   -22.5578 [2.000]   -22.5180 [2.000]   -22.5050 [2.000]   -14.2487 [2.000]
[kpt  17  15   1]    -6.6224 [2.000]    -5.7981 [2.000]    -5.6114 [2.000]     0.5445 [2.000]     0.6552 [2.000]
[kpt  17  15   2]     0.7245 [2.000]     6.2794 [2.000]     7.3798 [2.000]     7.4160 [2.000]     7.5765 [2.000]
[kpt  17  15   3]     8.2640 [2.000]     8.6874 [2.000]     9.2643 [2.000]     9.2770 [2.000]     9.4421 [2.000]
[kpt  17  15   4]    12.7156 [0.000]    13.8455 [0.000]    13.8895 [0.000]    14.7406 [0.000]    16.6597 [0.000]
[kpt  17  15   5]    17.7014 [0.000]    18.4547 [0.000]    18.9945 [0.000]    19.3592 [0.000]    20.0506 [0.000]
[kpt  17  15   6]    20.3261 [0.000]    21.2902 [0.000]    21.4126 [0.000]    21.5924 [0.000]    21.7386 [0.000]
[kpt  17  15   7]    21.7723 [0.000]    21.7728 [0.000]    22.8199 [0.000]    23.4446 [0.000]    26.5926 [0.000]
[kpt  17  15   8]    27.7560 [0.000]    27.7851 [0.000]    28.5741 [0.000]    28.8457 [0.000]    31.0070 [0.000]
[kpt  17  15   9]    31.0418 [0.000]    31.0505 [0.000]    32.8991 [0.000]




KOHN SHAM EIGENVALUES [eV] AT K-POINT [ 18]:       0.000000      0.250000      0.250000

[kpt  18  15   0]   -46.2976 [2.000]   -22.5322 [2.000]   -22.5314 [2.000]   -22.5054 [2.000]   -14.2791 [2.000]
[kpt  18  15   1]    -6.4893 [2.000]    -5.8222 [2.000]    -5.7626 [2.000]     0.4210 [2.000]     0.6098 [2.000]
[kpt  18  15   2]     0.7137 [2.000]     6.8352 [2.000]     7.2954 [2.000]     7.6480 [2.000]     7.7941 [2.000]
[kpt  18  15   3]     8.2681 [2.000]     8.8296 [2.000]     9.2856 [2.000]     9.3635 [2.000]     9.8267 [2.000]
[kpt  18  15   4]    13.0258 [0.000]    13.1603 [0.000]    13.4172 [0.000]    14.8645 [0.000]    16.2891 [0.000]
[kpt  18  15   5]    17.0544 [0.000]    17.5257 [0.000]    18.9385 [0.000]    19.3471 [0.000]    19.5338 [0.000]
[kpt  18  15   6]    20.4426 [0.000]    21.2765 [0.000]    21.4138 [0.000]    21.4165 [0.000]    21.6367 [0.000]
[kpt  18  15   7]    21.7687 [0.000]    21.7951 [0.000]    21.8520 [0.000]    25.7336 [0.000]    26.4205 [0.000]
[kpt  18  15   8]    27.6332 [0.000]    28.7113 [0.000]    28.9436 [0.000]    29.3373 [0.000]    29.4167 [0.000]
[kpt  18  15   9]    31.6088 [0.000]    31.8839 [0.000]    32.0780 [0.000]




KOHN SHAM EIGENVALUES [eV] AT K-POINT [ 19]:       0.000000      0.250000      0.333333

[kpt  19  15   0]   -46.2973 [2.000]   -22.5444 [2.000]   -22.5311 [2.000]   -22.5050 [2.000]   -14.2546 [2.000]
[kpt  19  15   1]    -6.4754 [2.000]    -5.8066 [2.000]    -5.7276 [2.000]     0.4314 [2.000]     0.6574 [2.000]
[kpt  19  15   2]     0.6870 [2.000]     6.5700 [2.000]     7.1244 [2.000]     7.3178 [2.000]     7.7249 [2.000]
[kpt  19  15   3]     8.1259 [2.000]     8.8268 [2.000]     9.1814 [2.000]     9.2901 [2.000]     9.8422 [2.000]
[kpt  19  15   4]    13.0991 [0.000]    13.4891 [0.000]    13.6764 [0.000]    14.9328 [0.000]    16.7142 [0.000]
[kpt  19  15   5]    17.4338 [0.000]    18.1554 [0.000]    18.9976 [0.000]    19.3978 [0.000]    19.7911 [0.000]
[kpt  19  15   6]    20.6780 [0.000]    21.2154 [0.000]    21.2602 [0.000]    21.4093 [0.000]    21.7644 [0.000]
[kpt  19  15   7]    21.7752 [0.000]    21.8403 [0.000]    21.8483 [0.000]    25.3934 [0.000]    26.2806 [0.000]
[kpt  19  15   8]    27.3887 [0.000]    27.8894 [0.000]    28.8135 [0.000]    28.8579 [0.000]    29.3059 [0.000]
[kpt  19  15   9]    31.7191 [0.000]    31.9718 [0.000]    32.0164 [0.000]




KOHN SHAM EIGENVALUES [eV] AT K-POINT [ 20]:       0.000000      0.250000      0.416667

[kpt  20  15   0]   -46.2972 [2.000]   -22.5536 [2.000]   -22.5307 [2.000]   -22.5046 [2.000]   -14.2365 [2.000]
[kpt  20  15   1]    -6.4829 [2.000]    -5.7884 [2.000]    -5.6877 [2.000]     0.4651 [2.000]     0.6404 [2.000]
[kpt  20  15   2]     0.6931 [2.000]     6.3299 [2.000]     6.9977 [2.000]     7.1501 [2.000]     7.6372 [2.000]
[kpt  20  15   3]     8.0691 [2.000]     8.8963 [2.000]     9.0584 [2.000]     9.2437 [2.000]     9.8226 [2.000]
[kpt  20  15   4]    13.1164 [0.000]    13.7543 [0.000]    13.8938 [0.000]    14.9596 [0.000]    17.0004 [0.000]
[kpt  20  15   5]    17.7872 [0.000]    18.7386 [0.000]    18.9667 [0.000]    19.3965 [0.000]    20.0126 [0.000]
[kpt  20  15   6]    20.5522 [0.000]    21.1787 [0.000]    21.3476 [0.000]    21.3989 [0.000]    21.7333 [0.000]
[kpt  20  15   7]    21.7790 [0.000]    21.8084 [0.000]    22.3869 [0.000]    24.4157 [0.000]    26.5498 [0.000]
[kpt  20  15   8]    27.1668 [0.000]    27.2302 [0.000]    28.3841 [0.000]    28.8300 [0.000]    29.4615 [0.000]
[kpt  20  15   9]    31.3977 [0.000]    31.9041 [0.000]    32.6268 [0.000]




KOHN SHAM EIGENVALUES [eV] AT K-POINT [ 21]:       0.000000      0.250000      0.500000

[kpt  21  15   0]   -46.2971 [2.000]   -22.5570 [2.000]   -22.5305 [2.000]   -22.5045 [2.000]   -14.2298 [2.000]
[kpt  21  15   1]    -6.4889 [2.000]    -5.7814 [2.000]    -5.6696 [2.000]     0.4904 [2.000]     0.6102 [2.000]
[kpt  21  15   2]     0.7064 [2.000]     6.2357 [2.000]     6.9381 [2.000]     7.1141 [2.000]     7.5986 [2.000]
[kpt  21  15   3]     8.0569 [2.000]     8.9459 [2.000]     9.0149 [2.000]     9.2057 [2.000]     9.8094 [2.000]
[kpt  21  15   4]    13.1220 [0.000]    13.8506 [0.000]    13.9788 [0.000]    14.9663 [0.000]    17.0994 [0.000]
[kpt  21  15   5]    17.9547 [0.000]    18.9090 [0.000]    19.0189 [0.000]    19.3948 [0.000]    20.0925 [0.000]
[kpt  21  15   6]    20.3938 [0.000]    21.1693 [0.000]    21.3881 [0.000]    21.4433 [0.000]    21.7189 [0.000]
[kpt  21  15   7]    21.7803 [0.000]    21.7829 [0.000]    23.1883 [0.000]    23.4188 [0.000]    26.7376 [0.000]
[kpt  21  15   8]    26.9037 [0.000]    27.1770 [0.000]    28.1930 [0.000]    28.8248 [0.000]    29.5335 [0.000]
[kpt  21  15   9]    31.2640 [0.000]    31.8580 [0.000]    33.4359 [0.000]




KOHN SHAM EIGENVALUES [eV] AT K-POINT [ 22]:       0.000000      0.333333      0.333333

[kpt  22  15   0]   -46.2971 [2.000]   -22.5440 [2.000]   -22.5434 [2.000]   -22.5045 [2.000]   -14.2328 [2.000]
[kpt  22  15   1]    -6.3968 [2.000]    -5.8054 [2.000]    -5.7272 [2.000]     0.4108 [2.000]     0.6186 [2.000]
[kpt  22  15   2]     0.7075 [2.000]     6.4301 [2.000]     6.8810 [2.000]     6.9397 [2.000]     7.7162 [2.000]
[kpt  22  15   3]     7.9428 [2.000]     8.9295 [2.000]     8.9752 [2.000]     9.3581 [2.000]     9.9778 [2.000]
[kpt  22  15   4]    13.4435 [0.000]    13.5364 [0.000]    13.8671 [0.000]    15.0324 [0.000]    17.1550 [0.000]
[kpt  22  15   5]    17.7367 [0.000]    18.7947 [0.000]    18.8409 [0.000]    19.7028 [0.000]    19.8700 [0.000]
[kpt  22  15   6]    20.8312 [0.000]    21.1152 [0.000]    21.1765 [0.000]    21.2428 [0.000]    21.7368 [0.000]
[kpt  22  15   7]    21.7808 [0.000]    21.8420 [0.000]    22.1940 [0.000]    25.3814 [0.000]    25.7389 [0.000]
[kpt  22  15   8]    27.0367 [0.000]    27.8026 [0.000]    28.1937 [0.000]    28.4068 [0.000]    28.8209 [0.000]
[kpt  22  15   9]    31.6360 [0.000]    32.4097 [0.000]    32.5110 [0.000]




KOHN SHAM EIGENVALUES [eV] AT K-POINT [ 23]:       0.000000      0.333333      0.416667

[kpt  23  15   0]   -46.2969 [2.000]   -22.5528 [2.000]   -22.5431 [2.000]   -22.5041 [2.000]   -14.2167 [2.000]
[kpt  23  15   1]    -6.3541 [2.000]    -5.7887 [2.000]    -5.7251 [2.000]     0.4210 [2.000]     0.5458 [2.000]
[kpt  23  15   2]     0.7452 [2.000]     6.2534 [2.000]     6.6797 [2.000]     6.7851 [2.000]     7.6615 [2.000]
[kpt  23  15   3]     7.8665 [2.000]     8.8354 [2.000]     9.0834 [2.000]     9.3500 [2.000]    10.0396 [2.000]
[kpt  23  15   4]    13.4942 [0.000]    13.7615 [0.000]    14.0403 [0.000]    15.0741 [0.000]    17.4616 [0.000]
[kpt  23  15   5]    18.0438 [0.000]    18.6726 [0.000]    19.3997 [0.000]    19.7904 [0.000]    20.0655 [0.000]
[kpt  23  15   6]    20.6549 [0.000]    21.0449 [0.000]    21.1540 [0.000]    21.3359 [0.000]    21.7073 [0.000]
[kpt  23  15   7]    21.7840 [0.000]    21.8107 [0.000]    22.6963 [0.000]    24.4934 [0.000]    25.8610 [0.000]
[kpt  23  15   8]    26.8170 [0.000]    27.1683 [0.000]    27.9956 [0.000]    28.2137 [0.000]    28.8069 [0.000]
[kpt  23  15   9]    31.4411 [0.000]    32.5800 [0.000]    33.0867 [0.000]




KOHN SHAM EIGENVALUES [eV] AT K-POINT [ 24]:       0.000000      0.333333      0.500000

[kpt  24  15   0]   -46.2969 [2.000]   -22.5562 [2.000]   -22.5430 [2.000]   -22.5040 [2.000]   -14.2108 [2.000]
[kpt  24  15   1]    -6.3427 [2.000]    -5.7739 [2.000]    -5.7283 [2.000]     0.4424 [2.000]     0.5020 [2.000]
[kpt  24  15   2]     0.7592 [2.000]     6.1722 [2.000]     6.5985 [2.000]     6.7580 [2.000]     7.6258 [2.000]
[kpt  24  15   3]     7.8563 [2.000]     8.7857 [2.000]     9.1975 [2.000]     9.2912 [2.000]    10.0556 [2.000]
[kpt  24  15   4]    13.4994 [0.000]    13.8559 [0.000]    14.1109 [0.000]    15.0851 [0.000]    17.5686 [0.000]
[kpt  24  15   5]    18.2395 [0.000]    18.5321 [0.000]    19.7226 [0.000]    19.8075 [0.000]    20.1502 [0.000]
[kpt  24  15   6]    20.4400 [0.000]    21.0231 [0.000]    21.1482 [0.000]    21.4663 [0.000]    21.6933 [0.000]
[kpt  24  15   7]    21.7716 [0.000]    21.7848 [0.000]    23.4389 [0.000]    23.5284 [0.000]    25.9570 [0.000]
[kpt  24  15   8]    26.7432 [0.000]    26.9137 [0.000]    27.8890 [0.000]    28.2331 [0.000]    28.8036 [0.000]
[kpt  24  15   9]    31.3491 [0.000]    32.6071 [0.000]    33.6545 [0.000]




KOHN SHAM EIGENVALUES [eV] AT K-POINT [ 25]:       0.000000      0.416667      0.416667

[kpt  25  15   0]   -46.2968 [2.000]   -22.5524 [2.000]   -22.5522 [2.000]   -22.5038 [2.000]   -14.2021 [2.000]
[kpt  25  15   1]    -6.2571 [2.000]    -5.7923 [2.000]    -5.7496 [2.000]     0.4030 [2.000]     0.4683 [2.000]
[kpt  25  15   2]     0.7844 [2.000]     6.1390 [2.000]     6.4639 [2.000]     6.5818 [2.000]     7.6728 [2.000]
[kpt  25  15   3]     7.7330 [2.000]     8.6838 [2.000]     9.2628 [2.000]     9.4184 [2.000]    10.1544 [2.000]
[kpt  25  15   4]    13.7488 [0.000]    13.7785 [0.000]    14.1786 [0.000]    15.1221 [0.000]    17.7950 [0.000]
[kpt  25  15   5]    18.2351 [0.000]    18.5107 [0.000]    19.9989 [0.000]    20.0648 [0.000]    20.1389 [0.000]
[kpt  25  15   6]    20.6448 [0.000]    20.9325 [0.000]    21.0247 [0.000]    21.3857 [0.000]    21.6800 [0.000]
[kpt  25  15   7]    21.7652 [0.000]    21.7855 [0.000]    23.0706 [0.000]    24.3655 [0.000]    25.1362 [0.000]
[kpt  25  15   8]    26.5610 [0.000]    27.2495 [0.000]    27.4171 [0.000]    27.7941 [0.000]    28.7926 [0.000]
[kpt  25  15   9]    31.3591 [0.000]    33.0132 [0.000]    33.5424 [0.000]




KOHN SHAM EIGENVALUES [eV] AT K-POINT [ 26]:       0.000000      0.416667      0.500000

[kpt  26  15   0]   -46.2967 [2.000]   -22.5556 [2.000]   -22.5521 [2.000]   -22.5037 [2.000]   -14.1967 [2.000]
[kpt  26  15   1]    -6.2217 [2.000]    -5.7802 [2.000]    -5.7715 [2.000]     0.4109 [2.000]     0.4267 [2.000]
[kpt  26  15   2]     0.7990 [2.000]     6.0752 [2.000]     6.3847 [2.000]     6.5346 [2.000]     7.6504 [2.000]
[kpt  26  15   3]     7.7128 [2.000]     8.6297 [2.000]     9.3775 [2.000]     9.3980 [2.000]    10.1888 [2.000]
[kpt  26  15   4]    13.7654 [0.000]    13.8599 [0.000]    14.2361 [0.000]    15.1346 [0.000]    17.9134 [0.000]
[kpt  26  15   5]    18.2845 [0.000]    18.4872 [0.000]    20.1235 [0.000]    20.2126 [0.000]    20.3335 [0.000]
[kpt  26  15   6]    20.4590 [0.000]    20.8891 [0.000]    21.0545 [0.000]    21.4899 [0.000]    21.6669 [0.000]
[kpt  26  15   7]    21.6867 [0.000]    21.7856 [0.000]    23.5839 [0.000]    23.7703 [0.000]    24.9745 [0.000]
[kpt  26  15   8]    26.4746 [0.000]    27.0761 [0.000]    27.4151 [0.000]    27.6852 [0.000]    28.7877 [0.000]
[kpt  26  15   9]    31.3048 [0.000]    33.1641 [0.000]    33.4592 [0.000]




KOHN SHAM EIGENVALUES [eV] AT K-POINT [ 27]:       0.000000      0.500000      0.500000

[kpt  27  15   0]   -46.2966 [2.000]   -22.5554 [2.000]   -22.5554 [2.000]   -22.5036 [2.000]   -14.1915 [2.000]
[kpt  27  15   1]    -6.1720 [2.000]    -5.7874 [2.000]    -5.7874 [2.000]     0.4001 [2.000]     0.4001 [2.000]
[kpt  27  15   2]     0.8138 [2.000]     6.0180 [2.000]     6.3116 [2.000]     6.4741 [2.000]     7.6609 [2.000]
[kpt  27  15   3]     7.6609 [2.000]     8.5740 [2.000]     9.4426 [2.000]     9.4426 [2.000]    10.2298 [2.000]
[kpt  27  15   4]    13.8614 [0.000]    13.8614 [0.000]    14.2882 [0.000]    15.1474 [0.000]    18.0382 [0.000]
[kpt  27  15   5]    18.1989 [0.000]    18.5929 [0.000]    20.2439 [0.000]    20.2439 [0.000]    20.4626 [0.000]
[kpt  27  15   6]    20.4626 [0.000]    20.8299 [0.000]    21.3105 [0.000]    21.5007 [0.000]    21.5007 [0.000]
[kpt  27  15   7]    21.6544 [0.000]    21.7853 [0.000]    23.8588 [0.000]    23.8588 [0.000]    24.3203 [0.000]
[kpt  27  15   8]    26.3836 [0.000]    27.1500 [0.000]    27.1500 [0.000]    27.6062 [0.000]    28.7818 [0.000]
[kpt  27  15   9]    31.2650 [0.000]    33.3896 [0.000]    33.4121 [0.000]




KOHN SHAM EIGENVALUES [eV] AT K-POINT [ 28]:       0.083333      0.083333      0.083333

[kpt  28  15   0]   -46.2983 [2.000]   -22.5108 [2.000]   -22.5105 [2.000]   -22.5105 [2.000]   -14.3630 [2.000]
[kpt  28  15   1]    -6.5223 [2.000]    -5.8459 [2.000]    -5.8459 [2.000]     0.4415 [2.000]     0.4415 [2.000]
[kpt  28  15   2]     0.5584 [2.000]     7.7289 [2.000]     7.9196 [2.000]     7.9196 [2.000]     8.8564 [2.000]
[kpt  28  15   3]     8.8564 [2.000]     9.2448 [2.000]     9.6869 [2.000]     9.9873 [2.000]     9.9873 [2.000]
[kpt  28  15   4]    12.3624 [0.000]    12.4129 [0.000]    12.4129 [0.000]    14.6180 [0.000]    14.6180 [0.000]
[kpt  28  15   5]    15.8325 [0.000]    15.8325 [0.000]    18.1155 [0.000]    19.0823 [0.000]    19.0823 [0.000]
[kpt  28  15   6]    19.0874 [0.000]    21.4051 [0.000]    21.6777 [0.000]    21.7107 [0.000]    21.7107 [0.000]
[kpt  28  15   7]    21.8341 [0.000]    21.8341 [0.000]    21.8796 [0.000]    25.3763 [0.000]    27.8167 [0.000]
[kpt  28  15   8]    27.8167 [0.000]    28.3195 [0.000]    30.1300 [0.000]    31.1380 [0.000]    31.1381 [0.000]
[kpt  28  15   9]    32.5181 [0.000]    32.5212 [0.000]    33.0736 [0.000]




KOHN SHAM EIGENVALUES [eV] AT K-POINT [ 29]:       0.083333      0.083333      0.166667

[kpt  29  15   0]   -46.2982 [2.000]   -22.5200 [2.000]   -22.5103 [2.000]   -22.5101 [2.000]   -14.3427 [2.000]
[kpt  29  15   1]    -6.5250 [2.000]    -5.8384 [2.000]    -5.8294 [2.000]     0.4478 [2.000]     0.4602 [2.000]
[kpt  29  15   2]     0.6394 [2.000]     7.4631 [2.000]     7.8218 [2.000]     7.8733 [2.000]     8.6064 [2.000]
[kpt  29  15   3]     8.6841 [2.000]     9.2326 [2.000]     9.3493 [2.000]     9.8617 [2.000]     9.8670 [2.000]
[kpt  29  15   4]    12.4116 [0.000]    12.7048 [0.000]    12.7116 [0.000]    14.6179 [0.000]    15.1043 [0.000]
[kpt  29  15   5]    16.1448 [0.000]    16.1930 [0.000]    18.4124 [0.000]    19.0463 [0.000]    19.2627 [0.000]
[kpt  29  15   6]    19.3992 [0.000]    21.3910 [0.000]    21.5670 [0.000]    21.6883 [0.000]    21.6975 [0.000]
[kpt  29  15   7]    21.7847 [0.000]    21.8268 [0.000]    21.8725 [0.000]    25.4719 [0.000]    27.5642 [0.000]
[kpt  29  15   8]    27.8816 [0.000]    28.4977 [0.000]    29.6491 [0.000]    30.8367 [0.000]    31.1207 [0.000]
[kpt  29  15   9]    31.4115 [0.000]    32.2850 [0.000]    32.8634 [0.000]




KOHN SHAM EIGENVALUES [eV] AT K-POINT [ 30]:       0.083333      0.083333      0.250000

[kpt  30  15   0]   -46.2979 [2.000]   -22.5328 [2.000]   -22.5098 [2.000]   -22.5096 [2.000]   -14.3146 [2.000]
[kpt  30  15   1]    -6.5567 [2.000]    -5.8281 [2.000]    -5.7739 [2.000]     0.4860 [2.000]     0.4896 [2.000]
[kpt  30  15   2]     0.7155 [2.000]     7.0787 [2.000]     7.6994 [2.000]     7.7902 [2.000]     8.3921 [2.000]
[kpt  30  15   3]     8.4143 [2.000]     9.0764 [2.000]     9.1349 [2.000]     9.7062 [2.000]     9.7203 [2.000]
[kpt  30  15   4]    12.4426 [0.000]    13.1022 [0.000]    13.1076 [0.000]    14.6171 [0.000]    15.6383 [0.000]
[kpt  30  15   5]    16.5851 [0.000]    16.7350 [0.000]    18.7917 [0.000]    19.0615 [0.000]    19.4876 [0.000]
[kpt  30  15   6]    19.8610 [0.000]    21.3621 [0.000]    21.4007 [0.000]    21.6091 [0.000]    21.6979 [0.000]
[kpt  30  15   7]    21.7634 [0.000]    21.8064 [0.000]    21.8517 [0.000]    25.5048 [0.000]    27.3119 [0.000]
[kpt  30  15   8]    28.0119 [0.000]    28.4335 [0.000]    29.2226 [0.000]    30.3253 [0.000]    30.4171 [0.000]
[kpt  30  15   9]    30.9723 [0.000]    31.8461 [0.000]    32.6579 [0.000]




KOHN SHAM EIGENVALUES [eV] AT K-POINT [ 31]:       0.083333      0.083333      0.333333

[kpt  31  15   0]   -46.2977 [2.000]   -22.5455 [2.000]   -22.5092 [2.000]   -22.5091 [2.000]   -14.2862 [2.000]
[kpt  31  15   1]    -6.6119 [2.000]    -5.8177 [2.000]    -5.6888 [2.000]     0.5121 [2.000]     0.5554 [2.000]
[kpt  31  15   2]     0.7657 [2.000]     6.6894 [2.000]     7.5841 [2.000]     7.6863 [2.000]     8.1028 [2.000]
[kpt  31  15   3]     8.2471 [2.000]     8.9776 [2.000]     9.0156 [2.000]     9.5355 [2.000]     9.5872 [2.000]
[kpt  31  15   4]    12.4727 [0.000]    13.4801 [0.000]    13.4877 [0.000]    14.6150 [0.000]    16.0784 [0.000]
[kpt  31  15   5]    17.0565 [0.000]    17.3648 [0.000]    18.8572 [0.000]    19.4053 [0.000]    19.6721 [0.000]
[kpt  31  15   6]    20.3479 [0.000]    21.2812 [0.000]    21.3884 [0.000]    21.5055 [0.000]    21.6982 [0.000]
[kpt  31  15   7]    21.7625 [0.000]    21.7769 [0.000]    21.8204 [0.000]    25.2082 [0.000]    26.9910 [0.000]
[kpt  31  15   8]    27.9921 [0.000]    28.2306 [0.000]    28.8146 [0.000]    29.9394 [0.000]    30.2816 [0.000]
[kpt  31  15   9]    30.7901 [0.000]    31.3799 [0.000]    32.5001 [0.000]




KOHN SHAM EIGENVALUES [eV] AT K-POINT [ 32]:       0.083333      0.083333      0.416667

[kpt  32  15   0]   -46.2975 [2.000]   -22.5548 [2.000]   -22.5089 [2.000]   -22.5087 [2.000]   -14.2652 [2.000]
[kpt  32  15   1]    -6.6620 [2.000]    -5.8101 [2.000]    -5.6128 [2.000]     0.5313 [2.000]     0.6235 [2.000]
[kpt  32  15   2]     0.7813 [2.000]     6.4040 [2.000]     7.5254 [2.000]     7.6024 [2.000]     7.8506 [2.000]
[kpt  32  15   3]     8.1644 [2.000]     8.9280 [2.000]     8.9879 [2.000]     9.3805 [2.000]     9.4959 [2.000]
[kpt  32  15   4]    12.4947 [0.000]    13.7528 [0.000]    13.7571 [0.000]    14.6117 [0.000]    16.3602 [0.000]
[kpt  32  15   5]    17.4382 [0.000]    17.9242 [0.000]    18.8387 [0.000]    19.7151 [0.000]    19.7596 [0.000]
[kpt  32  15   6]    20.4029 [0.000]    21.3314 [0.000]    21.4329 [0.000]    21.6826 [0.000]    21.7446 [0.000]
[kpt  32  15   7]    21.7627 [0.000]    21.7900 [0.000]    21.9044 [0.000]    24.3326 [0.000]    26.6450 [0.000]
[kpt  32  15   8]    27.9289 [0.000]    28.4799 [0.000]    28.5466 [0.000]    29.4508 [0.000]    30.2752 [0.000]
[kpt  32  15   9]    31.0410 [0.000]    31.2992 [0.000]    32.3948 [0.000]




KOHN SHAM EIGENVALUES [eV] AT K-POINT [ 33]:       0.083333      0.083333      0.500000

[kpt  33  15   0]   -46.2974 [2.000]   -22.5582 [2.000]   -22.5087 [2.000]   -22.5086 [2.000]   -14.2574 [2.000]
[kpt  33  15   1]    -6.6817 [2.000]    -5.8073 [2.000]    -5.5826 [2.000]     0.5384 [2.000]     0.6570 [2.000]
[kpt  33  15   2]     0.7782 [2.000]     6.2998 [2.000]     7.5218 [2.000]     7.5711 [2.000]     7.7427 [2.000]
[kpt  33  15   3]     8.1367 [2.000]     8.8970 [2.000]     9.0156 [2.000]     9.3062 [2.000]     9.4635 [2.000]
[kpt  33  15   4]    12.5028 [0.000]    13.8527 [0.000]    13.8545 [0.000]    14.6098 [0.000]    16.4567 [0.000]
[kpt  33  15   5]    17.5905 [0.000]    18.1634 [0.000]    18.8429 [0.000]    19.7747 [0.000]    19.8215 [0.000]
[kpt  33  15   6]    20.3001 [0.000]    21.3335 [0.000]    21.4104 [0.000]    21.6844 [0.000]    21.7366 [0.000]
[kpt  33  15   7]    21.7586 [0.000]    21.7802 [0.000]    22.6486 [0.000]    23.4672 [0.000]    26.5320 [0.000]
[kpt  33  15   8]    28.0802 [0.000]    28.2483 [0.000]    28.8689 [0.000]    29.0689 [0.000]    30.2078 [0.000]
[kpt  33  15   9]    30.9180 [0.000]    32.0965 [0.000]    32.3569 [0.000]




KOHN SHAM EIGENVALUES [eV] AT K-POINT [ 34]:       0.083333      0.166667      0.166667

[kpt  34  15   0]   -46.2980 [2.000]   -22.5198 [2.000]   -22.5193 [2.000]   -22.5098 [2.000]   -14.3236 [2.000]
[kpt  34  15   1]    -6.5067 [2.000]    -5.8335 [2.000]    -5.8205 [2.000]     0.4256 [2.000]     0.4682 [2.000]
[kpt  34  15   2]     0.7175 [2.000]     7.2758 [2.000]     7.6834 [2.000]     7.8188 [2.000]     8.3612 [2.000]
[kpt  34  15   3]     8.5316 [2.000]     9.0557 [2.000]     9.3135 [2.000]     9.7288 [2.000]     9.8043 [2.000]
[kpt  34  15   4]    12.6782 [0.000]    12.7727 [0.000]    12.9124 [0.000]    14.8530 [0.000]    15.3724 [0.000]
[kpt  34  15   5]    16.4260 [0.000]    16.5233 [0.000]    18.5092 [0.000]    19.2560 [0.000]    19.2738 [0.000]
[kpt  34  15   6]    19.7368 [0.000]    21.3651 [0.000]    21.5375 [0.000]    21.6008 [0.000]    21.6645 [0.000]
[kpt  34  15   7]    21.7697 [0.000]    21.8095 [0.000]    21.8749 [0.000]    25.5661 [0.000]    27.3051 [0.000]
[kpt  34  15   8]    27.8104 [0.000]    28.6660 [0.000]    29.2478 [0.000]    30.5969 [0.000]    30.9181 [0.000]
[kpt  34  15   9]    31.3917 [0.000]    31.7485 [0.000]    32.5823 [0.000]




KOHN SHAM EIGENVALUES [eV] AT K-POINT [ 35]:       0.083333      0.166667      0.250000

[kpt  35  15   0]   -46.2977 [2.000]   -22.5323 [2.000]   -22.5190 [2.000]   -22.5093 [2.000]   -14.2974 [2.000]
[kpt  35  15   1]    -6.5091 [2.000]    -5.8203 [2.000]    -5.7833 [2.000]     0.4309 [2.000]     0.4920 [2.000]
[kpt  35  15   2]     0.7729 [2.000]     6.9736 [2.000]     7.5168 [2.000]     7.7370 [2.000]     8.0845 [2.000]
[kpt  35  15   3]     8.3407 [2.000]     8.8475 [2.000]     9.3008 [2.000]     9.5624 [2.000]     9.7286 [2.000]
[kpt  35  15   4]    12.7455 [0.000]    13.1278 [0.000]    13.2215 [0.000]    14.9155 [0.000]    15.8668 [0.000]
[kpt  35  15   5]    16.8147 [0.000]    17.0441 [0.000]    18.7400 [0.000]    19.2505 [0.000]    19.4832 [0.000]
[kpt  35  15   6]    20.2232 [0.000]    21.3185 [0.000]    21.4176 [0.000]    21.5599 [0.000]    21.6225 [0.000]
[kpt  35  15   7]    21.7621 [0.000]    21.7910 [0.000]    21.8642 [0.000]    25.6116 [0.000]    26.9644 [0.000]
[kpt  35  15   8]    27.8323 [0.000]    28.5078 [0.000]    28.9128 [0.000]    30.0996 [0.000]    30.2521 [0.000]
[kpt  35  15   9]    31.3802 [0.000]    31.5185 [0.000]    32.2048 [0.000]




KOHN SHAM EIGENVALUES [eV] AT K-POINT [ 36]:       0.083333      0.166667      0.333333

[kpt  36  15   0]   -46.2975 [2.000]   -22.5450 [2.000]   -22.5184 [2.000]   -22.5088 [2.000]   -14.2708 [2.000]
[kpt  36  15   1]    -6.5393 [2.000]    -5.8053 [2.000]    -5.7145 [2.000]     0.4526 [2.000]     0.5372 [2.000]
[kpt  36  15   2]     0.7869 [2.000]     6.6346 [2.000]     7.3822 [2.000]     7.6266 [2.000]     7.8169 [2.000]
[kpt  36  15   3]     8.1859 [2.000]     8.8187 [2.000]     9.2272 [2.000]     9.4158 [2.000]     9.6152 [2.000]
[kpt  36  15   4]    12.7765 [0.000]    13.4985 [0.000]    13.5523 [0.000]    14.9288 [0.000]    16.3109 [0.000]
[kpt  36  15   5]    17.2442 [0.000]    17.6538 [0.000]    18.9831 [0.000]    19.2915 [0.000]    19.6405 [0.000]
[kpt  36  15   6]    20.5980 [0.000]    21.2447 [0.000]    21.4170 [0.000]    21.5648 [0.000]    21.6352 [0.000]
[kpt  36  15   7]    21.7597 [0.000]    21.7669 [0.000]    21.8412 [0.000]    25.2902 [0.000]    26.7610 [0.000]
[kpt  36  15   8]    27.7808 [0.000]    27.9705 [0.000]    28.5137 [0.000]    29.6634 [0.000]    30.3180 [0.000]
[kpt  36  15   9]    31.2004 [0.000]    31.4493 [0.000]    31.8453 [0.000]




KOHN SHAM EIGENVALUES [eV] AT K-POINT [ 37]:       0.083333      0.166667      0.416667

[kpt  37  15   0]   -46.2973 [2.000]   -22.5542 [2.000]   -22.5180 [2.000]   -22.5084 [2.000]   -14.2511 [2.000]
[kpt  37  15   1]    -6.5744 [2.000]    -5.7946 [2.000]    -5.6473 [2.000]     0.4681 [2.000]     0.6094 [2.000]
[kpt  37  15   2]     0.7561 [2.000]     6.3697 [2.000]     7.3251 [2.000]     7.5081 [2.000]     7.6281 [2.000]
[kpt  37  15   3]     8.1080 [2.000]     8.8866 [2.000]     9.1218 [2.000]     9.3356 [2.000]     9.4924 [2.000]
[kpt  37  15   4]    12.7976 [0.000]    13.7655 [0.000]    13.8041 [0.000]    14.9296 [0.000]    16.5988 [0.000]
[kpt  37  15   5]    17.6123 [0.000]    18.1821 [0.000]    19.1129 [0.000]    19.3548 [0.000]    19.7618 [0.000]
[kpt  37  15   6]    20.4953 [0.000]    21.2467 [0.000]    21.4790 [0.000]    21.5761 [0.000]    21.7276 [0.000]
[kpt  37  15   7]    21.7647 [0.000]    21.8136 [0.000]    22.1747 [0.000]    24.3829 [0.000]    26.6848 [0.000]
[kpt  37  15   8]    27.4706 [0.000]    27.7965 [0.000]    28.5359 [0.000]    29.2138 [0.000]    30.6083 [0.000]
[kpt  37  15   9]    31.0288 [0.000]    31.2659 [0.000]    32.0025 [0.000]




KOHN SHAM EIGENVALUES [eV] AT K-POINT [ 38]:       0.083333      0.166667      0.500000

[kpt  38  15   0]   -46.2973 [2.000]   -22.5576 [2.000]   -22.5179 [2.000]   -22.5083 [2.000]   -14.2438 [2.000]
[kpt  38  15   1]    -6.5893 [2.000]    -5.7908 [2.000]    -5.6198 [2.000]     0.4730 [2.000]     0.6879 [2.000]
[kpt  38  15   2]     0.6929 [2.000]     6.2703 [2.000]     7.3388 [2.000]     7.4187 [2.000]     7.5753 [2.000]
[kpt  38  15   3]     8.0844 [2.000]     8.9718 [2.000]     9.0271 [2.000]     9.3238 [2.000]     9.4281 [2.000]
[kpt  38  15   4]    12.8051 [0.000]    13.8629 [0.000]    13.8982 [0.000]    14.9284 [0.000]    16.6976 [0.000]
[kpt  38  15   5]    17.7682 [0.000]    18.3927 [0.000]    19.1883 [0.000]    19.3460 [0.000]    19.8266 [0.000]
[kpt  38  15   6]    20.3530 [0.000]    21.2482 [0.000]    21.4993 [0.000]    21.5717 [0.000]    21.7134 [0.000]
[kpt  38  15   7]    21.7611 [0.000]    21.8021 [0.000]    22.9700 [0.000]    23.4496 [0.000]    26.6246 [0.000]
[kpt  38  15   8]    27.5641 [0.000]    27.6011 [0.000]    28.7770 [0.000]    28.8526 [0.000]    30.7013 [0.000]
[kpt  38  15   9]    31.0112 [0.000]    31.1047 [0.000]    32.4374 [0.000]




KOHN SHAM EIGENVALUES [eV] AT K-POINT [ 39]:       0.083333      0.250000      0.250000

[kpt  39  15   0]   -46.2975 [2.000]   -22.5320 [2.000]   -22.5313 [2.000]   -22.5088 [2.000]   -14.2736 [2.000]
[kpt  39  15   1]    -6.4634 [2.000]    -5.8157 [2.000]    -5.7671 [2.000]     0.4021 [2.000]     0.4997 [2.000]
[kpt  39  15   2]     0.7981 [2.000]     6.7974 [2.000]     7.2914 [2.000]     7.5652 [2.000]     7.8598 [2.000]
[kpt  39  15   3]     8.2057 [2.000]     8.6795 [2.000]     9.3699 [2.000]     9.3781 [2.000]     9.7963 [2.000]
[kpt  39  15   4]    13.0848 [0.000]    13.2023 [0.000]    13.4323 [0.000]    15.0896 [0.000]    16.2872 [0.000]
[kpt  39  15   5]    17.1336 [0.000]    17.5438 [0.000]    18.7997 [0.000]    19.3909 [0.000]    19.5382 [0.000]
[kpt  39  15   6]    20.6166 [0.000]    21.2557 [0.000]    21.4323 [0.000]    21.4348 [0.000]    21.6360 [0.000]
[kpt  39  15   7]    21.7648 [0.000]    21.7719 [0.000]    21.8684 [0.000]    25.7359 [0.000]    26.4940 [0.000]
[kpt  39  15   8]    27.5811 [0.000]    28.4494 [0.000]    28.7751 [0.000]    29.4157 [0.000]    29.7191 [0.000]
[kpt  39  15   9]    31.3965 [0.000]    31.6618 [0.000]    32.0144 [0.000]




KOHN SHAM EIGENVALUES [eV] AT K-POINT [ 40]:       0.083333      0.250000      0.333333

[kpt  40  15   0]   -46.2973 [2.000]   -22.5442 [2.000]   -22.5310 [2.000]   -22.5083 [2.000]   -14.2495 [2.000]
[kpt  40  15   1]    -6.4456 [2.000]    -5.7987 [2.000]    -5.7310 [2.000]     0.4017 [2.000]     0.5158 [2.000]
[kpt  40  15   2]     0.7839 [2.000]     6.5527 [2.000]     7.1078 [2.000]     7.3148 [2.000]     7.7410 [2.000]
[kpt  40  15   3]     8.0746 [2.000]     8.6831 [2.000]     9.2168 [2.000]     9.3609 [2.000]     9.8198 [2.000]
[kpt  40  15   4]    13.1585 [0.000]    13.5210 [0.000]    13.6914 [0.000]    15.1549 [0.000]    16.7166 [0.000]
[kpt  40  15   5]    17.5005 [0.000]    18.1378 [0.000]    18.9191 [0.000]    19.3945 [0.000]    19.6844 [0.000]
[kpt  40  15   6]    20.8059 [0.000]    21.1690 [0.000]    21.3848 [0.000]    21.4229 [0.000]    21.7409 [0.000]
[kpt  40  15   7]    21.7683 [0.000]    21.8585 [0.000]    21.8959 [0.000]    25.4289 [0.000]    26.2987 [0.000]
[kpt  40  15   8]    27.3551 [0.000]    27.8960 [0.000]    28.3972 [0.000]    29.1830 [0.000]    29.3895 [0.000]
[kpt  40  15   9]    31.5083 [0.000]    31.6163 [0.000]    31.9525 [0.000]




KOHN SHAM EIGENVALUES [eV] AT K-POINT [ 41]:       0.083333      0.250000      0.416667

[kpt  41  15   0]   -46.2971 [2.000]   -22.5534 [2.000]   -22.5305 [2.000]   -22.5080 [2.000]   -14.2317 [2.000]
[kpt  41  15   1]    -6.4504 [2.000]    -5.7799 [2.000]    -5.6900 [2.000]     0.4117 [2.000]     0.5464 [2.000]
[kpt  41  15   2]     0.7430 [2.000]     6.3231 [2.000]     6.9950 [2.000]     7.1661 [2.000]     7.6403 [2.000]
[kpt  41  15   3]     8.0138 [2.000]     8.7557 [2.000]     9.1187 [2.000]     9.3003 [2.000]     9.8075 [2.000]
[kpt  41  15   4]    13.1799 [0.000]    13.7804 [0.000]    13.9071 [0.000]    15.1763 [0.000]    17.0077 [0.000]
[kpt  41  15   5]    17.8489 [0.000]    18.6354 [0.000]    18.9360 [0.000]    19.4795 [0.000]    19.7995 [0.000]
[kpt  41  15   6]    20.5985 [0.000]    21.1412 [0.000]    21.4077 [0.000]    21.4902 [0.000]    21.7047 [0.000]
[kpt  41  15   7]    21.7707 [0.000]    21.8348 [0.000]    22.4969 [0.000]    24.4793 [0.000]    26.5195 [0.000]
[kpt  41  15   8]    27.1426 [0.000]    27.2050 [0.000]    28.3513 [0.000]    28.9298 [0.000]    29.4732 [0.000]
[kpt  41  15   9]    31.2470 [0.000]    31.5452 [0.000]    32.3231 [0.000]




KOHN SHAM EIGENVALUES [eV] AT K-POINT [ 42]:       0.083333      0.250000      0.500000

[kpt  42  15   0]   -46.2970 [2.000]   -22.5568 [2.000]   -22.5303 [2.000]   -22.5078 [2.000]   -14.2251 [2.000]
[kpt  42  15   1]    -6.4555 [2.000]    -5.7727 [2.000]    -5.6712 [2.000]     0.4161 [2.000]     0.5698 [2.000]
[kpt  42  15   2]     0.7147 [2.000]     6.2307 [2.000]     6.9570 [2.000]     7.1214 [2.000]     7.5987 [2.000]
[kpt  42  15   3]     7.9990 [2.000]     8.7946 [2.000]     9.0964 [2.000]     9.2560 [2.000]     9.7975 [2.000]
[kpt  42  15   4]    13.1869 [0.000]    13.8756 [0.000]    13.9913 [0.000]    15.1808 [0.000]    17.1085 [0.000]
[kpt  42  15   5]    18.0201 [0.000]    18.8155 [0.000]    18.8766 [0.000]    19.6201 [0.000]    19.8470 [0.000]
[kpt  42  15   6]    20.4098 [0.000]    21.1365 [0.000]    21.4016 [0.000]    21.5548 [0.000]    21.6848 [0.000]
[kpt  42  15   7]    21.7673 [0.000]    21.8196 [0.000]    23.3623 [0.000]    23.4451 [0.000]    26.7710 [0.000]
[kpt  42  15   8]    26.8010 [0.000]    27.1123 [0.000]    28.3404 [0.000]    28.8120 [0.000]    29.5409 [0.000]
[kpt  42  15   9]    31.1187 [0.000]    31.5010 [0.000]    32.6017 [0.000]




KOHN SHAM EIGENVALUES [eV] AT K-POINT [ 43]:       0.083333      0.333333      0.333333

[kpt  43  15   0]   -46.2970 [2.000]   -22.5438 [2.000]   -22.5432 [2.000]   -22.5078 [2.000]   -14.2280 [2.000]
[kpt  43  15   1]    -6.3650 [2.000]    -5.7967 [2.000]    -5.7261 [2.000]     0.3773 [2.000]     0.4899 [2.000]
[kpt  43  15   2]     0.7615 [2.000]     6.4231 [2.000]     6.8795 [2.000]     6.9680 [2.000]     7.7230 [2.000]
[kpt  43  15   3]     7.9350 [2.000]     8.6522 [2.000]     9.1280 [2.000]     9.4164 [2.000]     9.9641 [2.000]
[kpt  43  15   4]    13.4883 [0.000]    13.5743 [0.000]    13.8826 [0.000]    15.2593 [0.000]    17.1522 [0.000]
[kpt  43  15   5]    17.7910 [0.000]    18.7405 [0.000]    18.7950 [0.000]    19.5132 [0.000]    19.7883 [0.000]
[kpt  43  15   6]    20.9050 [0.000]    21.0872 [0.000]    21.2715 [0.000]    21.3831 [0.000]    21.7111 [0.000]
[kpt  43  15   7]    21.7741 [0.000]    21.8613 [0.000]    22.2822 [0.000]    25.4987 [0.000]    25.6924 [0.000]
[kpt  43  15   8]    27.0159 [0.000]    27.8202 [0.000]    28.2203 [0.000]    28.2599 [0.000]    28.9867 [0.000]
[kpt  43  15   9]    31.4400 [0.000]    32.0020 [0.000]    32.1306 [0.000]




KOHN SHAM EIGENVALUES [eV] AT K-POINT [ 44]:       0.083333      0.333333      0.416667

[kpt  44  15   0]   -46.2969 [2.000]   -22.5527 [2.000]   -22.5430 [2.000]   -22.5075 [2.000]   -14.2121 [2.000]
[kpt  44  15   1]    -6.3209 [2.000]    -5.7791 [2.000]    -5.7213 [2.000]     0.3747 [2.000]     0.4671 [2.000]
[kpt  44  15   2]     0.7355 [2.000]     6.2526 [2.000]     6.7270 [2.000]     6.7977 [2.000]     7.6710 [2.000]
[kpt  44  15   3]     7.8692 [2.000]     8.6157 [2.000]     9.1784 [2.000]     9.3981 [2.000]    10.0324 [2.000]
[kpt  44  15   4]    13.5412 [0.000]    13.7953 [0.000]    14.0550 [0.000]    15.2985 [0.000]    17.4598 [0.000]
[kpt  44  15   5]    18.0883 [0.000]    18.6384 [0.000]    19.2330 [0.000]    19.6990 [0.000]    19.8816 [0.000]
[kpt  44  15   6]    20.6968 [0.000]    21.0380 [0.000]    21.2495 [0.000]    21.4922 [0.000]    21.6748 [0.000]
[kpt  44  15   7]    21.7761 [0.000]    21.8407 [0.000]    22.8201 [0.000]    24.6010 [0.000]    25.8273 [0.000]
[kpt  44  15   8]    26.8221 [0.000]    27.2000 [0.000]    28.0415 [0.000]    28.2179 [0.000]    28.8314 [0.000]
[kpt  44  15   9]    31.2404 [0.000]    32.0817 [0.000]    32.4499 [0.000]




KOHN SHAM EIGENVALUES [eV] AT K-POINT [ 45]:       0.083333      0.333333      0.500000

[kpt  45  15   0]   -46.2968 [2.000]   -22.5560 [2.000]   -22.5428 [2.000]   -22.5074 [2.000]   -14.2062 [2.000]
[kpt  45  15   1]    -6.3090 [2.000]    -5.7639 [2.000]    -5.7235 [2.000]     0.3773 [2.000]     0.4578 [2.000]
[kpt  45  15   2]     0.7238 [2.000]     6.1713 [2.000]     6.6700 [2.000]     6.7612 [2.000]     7.6372 [2.000]
[kpt  45  15   3]     7.8607 [2.000]     8.5913 [2.000]     9.2755 [2.000]     9.3276 [2.000]    10.0507 [2.000]
[kpt  45  15   4]    13.5480 [0.000]    13.8881 [0.000]    14.1250 [0.000]    15.3079 [0.000]    17.5674 [0.000]
[kpt  45  15   5]    18.3004 [0.000]    18.4807 [0.000]    19.3611 [0.000]    19.8549 [0.000]    20.0200 [0.000]
[kpt  45  15   6]    20.4699 [0.000]    21.0208 [0.000]    21.2424 [0.000]    21.5903 [0.000]    21.6491 [0.000]
[kpt  45  15   7]    21.7718 [0.000]    21.8192 [0.000]    23.4954 [0.000]    23.7265 [0.000]    25.9153 [0.000]
[kpt  45  15   8]    26.7538 [0.000]    26.9538 [0.000]    27.9745 [0.000]    28.2520 [0.000]    28.7876 [0.000]
[kpt  45  15   9]    31.1496 [0.000]    32.0669 [0.000]    32.6168 [0.000]




KOHN SHAM EIGENVALUES [eV] AT K-POINT [ 46]:       0.083333      0.416667      0.416667

[kpt  46  15   0]   -46.2967 [2.000]   -22.5522 [2.000]   -22.5520 [2.000]   -22.5071 [2.000]   -14.1976 [2.000]
[kpt  46  15   1]    -6.2232 [2.000]    -5.7821 [2.000]    -5.7416 [2.000]     0.3589 [2.000]     0.4051 [2.000]
[kpt  46  15   2]     0.7281 [2.000]     6.1408 [2.000]     6.5598 [2.000]     6.5822 [2.000]     7.6931 [2.000]
[kpt  46  15   3]     7.7575 [2.000]     8.4882 [2.000]     9.3140 [2.000]     9.4588 [2.000]    10.1532 [2.000]
[kpt  46  15   4]    13.7884 [0.000]    13.8170 [0.000]    14.1933 [0.000]    15.3449 [0.000]    17.7932 [0.000]
[kpt  46  15   5]    18.2192 [0.000]    18.5246 [0.000]    19.7398 [0.000]    19.7647 [0.000]    20.0657 [0.000]
[kpt  46  15   6]    20.6667 [0.000]    20.9571 [0.000]    21.2042 [0.000]    21.5367 [0.000]    21.6430 [0.000]
[kpt  46  15   7]    21.7780 [0.000]    21.8133 [0.000]    23.2118 [0.000]    24.5447 [0.000]    25.0922 [0.000]
[kpt  46  15   8]    26.5987 [0.000]    27.2855 [0.000]    27.4645 [0.000]    27.8356 [0.000]    28.7663 [0.000]
[kpt  46  15   9]    31.1238 [0.000]    32.4504 [0.000]    32.4516 [0.000]




KOHN SHAM EIGENVALUES [eV] AT K-POINT [ 47]:       0.083333      0.416667      0.500000

[kpt  47  15   0]   -46.2966 [2.000]   -22.5554 [2.000]   -22.5519 [2.000]   -22.5070 [2.000]   -14.1923 [2.000]
[kpt  47  15   1]    -6.1874 [2.000]    -5.7695 [2.000]    -5.7623 [2.000]     0.3576 [2.000]     0.3798 [2.000]
[kpt  47  15   2]     0.7247 [2.000]     6.0761 [2.000]     6.4959 [2.000]     6.5356 [2.000]     7.6773 [2.000]
[kpt  47  15   3]     7.7418 [2.000]     8.4368 [2.000]     9.4220 [2.000]     9.4322 [2.000]    10.1899 [2.000]
[kpt  47  15   4]    13.8063 [0.000]    13.8971 [0.000]    14.2507 [0.000]    15.3556 [0.000]    17.9122 [0.000]
[kpt  47  15   5]    18.2190 [0.000]    18.5490 [0.000]    19.7672 [0.000]    19.8514 [0.000]    20.3528 [0.000]
[kpt  47  15   6]    20.5243 [0.000]    20.9230 [0.000]    21.2045 [0.000]    21.6153 [0.000]    21.6165 [0.000]
[kpt  47  15   7]    21.7659 [0.000]    21.7830 [0.000]    23.6840 [0.000]    23.9897 [0.000]    24.9736 [0.000]
[kpt  47  15   8]    26.5198 [0.000]    27.1235 [0.000]    27.4613 [0.000]    27.7278 [0.000]    28.7468 [0.000]
[kpt  47  15   9]    31.0609 [0.000]    32.4395 [0.000]    32.5775 [0.000]




KOHN SHAM EIGENVALUES [eV] AT K-POINT [ 48]:       0.083333      0.500000      0.500000

[kpt  48  15   0]   -46.2966 [2.000]   -22.5552 [2.000]   -22.5552 [2.000]   -22.5069 [2.000]   -14.1872 [2.000]
[kpt  48  15   1]    -6.1372 [2.000]    -5.7766 [2.000]    -5.7766 [2.000]     0.3521 [2.000]     0.3521 [2.000]
[kpt  48  15   2]     0.7238 [2.000]     6.0189 [2.000]     6.4380 [2.000]     6.4752 [2.000]     7.6960 [2.000]
[kpt  48  15   3]     7.6960 [2.000]     8.3775 [2.000]     9.4771 [2.000]     9.4771 [2.000]    10.2331 [2.000]
[kpt  48  15   4]    13.9004 [0.000]    13.9004 [0.000]    14.3029 [0.000]    15.3663 [0.000]    18.0382 [0.000]
[kpt  48  15   5]    18.1280 [0.000]    18.6588 [0.000]    19.8477 [0.000]    19.8477 [0.000]    20.5502 [0.000]
[kpt  48  15   6]    20.5502 [0.000]    20.8802 [0.000]    21.2359 [0.000]    21.6252 [0.000]    21.6252 [0.000]
[kpt  48  15   7]    21.7080 [0.000]    21.7759 [0.000]    24.0875 [0.000]    24.0875 [0.000]    24.2347 [0.000]
[kpt  48  15   8]    26.4364 [0.000]    27.2050 [0.000]    27.2050 [0.000]    27.6303 [0.000]    28.7325 [0.000]
[kpt  48  15   9]    31.0093 [0.000]    32.5560 [0.000]    32.5567 [0.000]




KOHN SHAM EIGENVALUES [eV] AT K-POINT [ 49]:       0.166667      0.166667      0.166667

[kpt  49  15   0]   -46.2978 [2.000]   -22.5196 [2.000]   -22.5189 [2.000]   -22.5189 [2.000]   -14.3057 [2.000]
[kpt  49  15   1]    -6.4736 [2.000]    -5.8216 [2.000]    -5.8216 [2.000]     0.4142 [2.000]     0.4142 [2.000]
[kpt  49  15   2]     0.8004 [2.000]     7.1023 [2.000]     7.6578 [2.000]     7.6578 [2.000]     8.3142 [2.000]
[kpt  49  15   3]     8.3142 [2.000]     8.7172 [2.000]     9.4313 [2.000]     9.7015 [2.000]     9.7015 [2.000]
[kpt  49  15   4]    12.8996 [0.000]    12.9623 [0.000]    12.9623 [0.000]    15.3695 [0.000]    15.3695 [0.000]
[kpt  49  15   5]    16.7389 [0.000]    16.7389 [0.000]    18.4748 [0.000]    19.3850 [0.000]    19.3850 [0.000]
[kpt  49  15   6]    20.0921 [0.000]    21.3376 [0.000]    21.5111 [0.000]    21.5841 [0.000]    21.5841 [0.000]
[kpt  49  15   7]    21.7741 [0.000]    21.7741 [0.000]    21.8852 [0.000]    25.6397 [0.000]    27.4288 [0.000]
[kpt  49  15   8]    27.4288 [0.000]    28.4362 [0.000]    29.1557 [0.000]    30.7552 [0.000]    30.7554 [0.000]
[kpt  49  15   9]    31.1466 [0.000]    31.1467 [0.000]    32.3828 [0.000]




KOHN SHAM EIGENVALUES [eV] AT K-POINT [ 50]:       0.166667      0.166667      0.250000

[kpt  50  15   0]   -46.2976 [2.000]   -22.5318 [2.000]   -22.5188 [2.000]   -22.5184 [2.000]   -14.2810 [2.000]
[kpt  50  15   1]    -6.4538 [2.000]    -5.8052 [2.000]    -5.7942 [2.000]     0.3978 [2.000]     0.4063 [2.000]
[kpt  50  15   2]     0.8432 [2.000]     6.8599 [2.000]     7.4368 [2.000]     7.6136 [2.000]     8.0921 [2.000]
[kpt  50  15   3]     8.1394 [2.000]     8.5258 [2.000]     9.4606 [2.000]     9.5704 [2.000]     9.6599 [2.000]
[kpt  50  15   4]    12.9745 [0.000]    13.2518 [0.000]    13.2599 [0.000]    15.3638 [0.000]    15.9488 [0.000]
[kpt  50  15   5]    17.0636 [0.000]    17.2269 [0.000]    18.6021 [0.000]    19.4151 [0.000]    19.4713 [0.000]
[kpt  50  15   6]    20.6000 [0.000]    21.2738 [0.000]    21.4557 [0.000]    21.5543 [0.000]    21.5597 [0.000]
[kpt  50  15   7]    21.7581 [0.000]    21.7607 [0.000]    21.8819 [0.000]    25.6780 [0.000]    26.9548 [0.000]
[kpt  50  15   8]    27.6471 [0.000]    28.0609 [0.000]    28.8885 [0.000]    30.0897 [0.000]    30.4331 [0.000]
[kpt  50  15   9]    30.8984 [0.000]    31.1963 [0.000]    32.0175 [0.000]




KOHN SHAM EIGENVALUES [eV] AT K-POINT [ 51]:       0.166667      0.166667      0.333333

[kpt  51  15   0]   -46.2973 [2.000]   -22.5445 [2.000]   -22.5182 [2.000]   -22.5178 [2.000]   -14.2559 [2.000]
[kpt  51  15   1]    -6.4634 [2.000]    -5.7886 [2.000]    -5.7327 [2.000]     0.3805 [2.000]     0.4490 [2.000]
[kpt  51  15   2]     0.8299 [2.000]     6.5825 [2.000]     7.2450 [2.000]     7.5627 [2.000]     7.7748 [2.000]
[kpt  51  15   3]     8.0322 [2.000]     8.5571 [2.000]     9.4017 [2.000]     9.4643 [2.000]     9.5758 [2.000]
[kpt  51  15   4]    13.0124 [0.000]    13.5699 [0.000]    13.5921 [0.000]    15.3552 [0.000]    16.4298 [0.000]
[kpt  51  15   5]    17.4447 [0.000]    17.7927 [0.000]    18.8656 [0.000]    19.4480 [0.000]    19.4502 [0.000]
[kpt  51  15   6]    20.8196 [0.000]    21.1959 [0.000]    21.5230 [0.000]    21.5582 [0.000]    21.7148 [0.000]
[kpt  51  15   7]    21.7531 [0.000]    21.7572 [0.000]    21.8668 [0.000]    25.3742 [0.000]    26.6480 [0.000]
[kpt  51  15   8]    27.6675 [0.000]    27.9670 [0.000]    27.9942 [0.000]    29.9518 [0.000]    30.1753 [0.000]
[kpt  51  15   9]    30.7560 [0.000]    31.2572 [0.000]    31.5981 [0.000]




KOHN SHAM EIGENVALUES [eV] AT K-POINT [ 52]:       0.166667      0.166667      0.416667

[kpt  52  15   0]   -46.2972 [2.000]   -22.5537 [2.000]   -22.5178 [2.000]   -22.5175 [2.000]   -14.2374 [2.000]
[kpt  52  15   1]    -6.4857 [2.000]    -5.7763 [2.000]    -5.6695 [2.000]     0.3673 [2.000]     0.5281 [2.000]
[kpt  52  15   2]     0.7687 [2.000]     6.3428 [2.000]     7.1780 [2.000]     7.5218 [2.000]     7.5259 [2.000]
[kpt  52  15   3]     7.9772 [2.000]     8.6410 [2.000]     9.3200 [2.000]     9.4030 [2.000]     9.4735 [2.000]
[kpt  52  15   4]    13.0379 [0.000]    13.8192 [0.000]    13.8370 [0.000]    15.3457 [0.000]    16.7359 [0.000]
[kpt  52  15   5]    17.7968 [0.000]    18.2369 [0.000]    19.2099 [0.000]    19.3174 [0.000]    19.5186 [0.000]
[kpt  52  15   6]    20.5849 [0.000]    21.1903 [0.000]    21.5169 [0.000]    21.5892 [0.000]    21.6940 [0.000]
[kpt  52  15   7]    21.7558 [0.000]    21.8465 [0.000]    22.4484 [0.000]    24.4847 [0.000]    26.6750 [0.000]
[kpt  52  15   8]    27.2282 [0.000]    27.4864 [0.000]    28.3814 [0.000]    29.4117 [0.000]    30.3806 [0.000]
[kpt  52  15   9]    30.7090 [0.000]    31.2610 [0.000]    31.4095 [0.000]




KOHN SHAM EIGENVALUES [eV] AT K-POINT [ 53]:       0.166667      0.166667      0.500000

[kpt  53  15   0]   -46.2971 [2.000]   -22.5570 [2.000]   -22.5176 [2.000]   -22.5173 [2.000]   -14.2306 [2.000]
[kpt  53  15   1]    -6.4963 [2.000]    -5.7718 [2.000]    -5.6431 [2.000]     0.3623 [2.000]     0.5900 [2.000]
[kpt  53  15   2]     0.7126 [2.000]     6.2484 [2.000]     7.1905 [2.000]     7.4045 [2.000]     7.5133 [2.000]
[kpt  53  15   3]     7.9600 [2.000]     8.6855 [2.000]     9.2876 [2.000]     9.3799 [2.000]     9.4230 [2.000]
[kpt  53  15   4]    13.0468 [0.000]    13.9140 [0.000]    13.9272 [0.000]    15.3412 [0.000]    16.8401 [0.000]
[kpt  53  15   5]    17.9591 [0.000]    18.3890 [0.000]    19.2269 [0.000]    19.4398 [0.000]    19.5563 [0.000]
[kpt  53  15   6]    20.3956 [0.000]    21.1894 [0.000]    21.5122 [0.000]    21.6124 [0.000]    21.6767 [0.000]
[kpt  53  15   7]    21.7506 [0.000]    21.8369 [0.000]    23.3410 [0.000]    23.4689 [0.000]    26.7196 [0.000]
[kpt  53  15   8]    27.1453 [0.000]    27.2600 [0.000]    28.8226 [0.000]    28.9256 [0.000]    30.4447 [0.000]
[kpt  53  15   9]    30.7131 [0.000]    31.1202 [0.000]    31.5424 [0.000]




KOHN SHAM EIGENVALUES [eV] AT K-POINT [ 54]:       0.166667      0.250000      0.250000

[kpt  54  15   0]   -46.2973 [2.000]   -22.5315 [2.000]   -22.5309 [2.000]   -22.5180 [2.000]   -14.2583 [2.000]
[kpt  54  15   1]    -6.3956 [2.000]    -5.7977 [2.000]    -5.7755 [2.000]     0.3505 [2.000]     0.3668 [2.000]
[kpt  54  15   2]     0.8583 [2.000]     6.7062 [2.000]     7.2803 [2.000]     7.4583 [2.000]     7.8883 [2.000]
[kpt  54  15   3]     8.0858 [2.000]     8.2849 [2.000]     9.4719 [2.000]     9.5387 [2.000]     9.7173 [2.000]
[kpt  54  15   4]    13.2611 [0.000]    13.3287 [0.000]    13.4727 [0.000]    15.6352 [0.000]    16.2806 [0.000]
[kpt  54  15   5]    17.3706 [0.000]    17.6114 [0.000]    18.6021 [0.000]    19.4111 [0.000]    19.5179 [0.000]
[kpt  54  15   6]    20.9794 [0.000]    21.2048 [0.000]    21.4940 [0.000]    21.5023 [0.000]    21.6511 [0.000]
[kpt  54  15   7]    21.7387 [0.000]    21.7515 [0.000]    21.8893 [0.000]    25.7360 [0.000]    26.7100 [0.000]
[kpt  54  15   8]    27.4280 [0.000]    27.8156 [0.000]    28.8360 [0.000]    29.4201 [0.000]    30.1281 [0.000]
[kpt  54  15   9]    30.6610 [0.000]    31.1875 [0.000]    31.7424 [0.000]




KOHN SHAM EIGENVALUES [eV] AT K-POINT [ 55]:       0.166667      0.250000      0.333333

[kpt  55  15   0]   -46.2971 [2.000]   -22.5438 [2.000]   -22.5306 [2.000]   -22.5175 [2.000]   -14.2355 [2.000]
[kpt  55  15   1]    -6.3645 [2.000]    -5.7769 [2.000]    -5.7393 [2.000]     0.3142 [2.000]     0.3701 [2.000]
[kpt  55  15   2]     0.8137 [2.000]     6.5146 [2.000]     7.0712 [2.000]     7.3244 [2.000]     7.6939 [2.000]
[kpt  55  15   3]     7.9844 [2.000]     8.3102 [2.000]     9.3640 [2.000]     9.5262 [2.000]     9.7672 [2.000]
[kpt  55  15   4]    13.3301 [0.000]    13.6198 [0.000]    13.7316 [0.000]    15.6888 [0.000]    16.7300 [0.000]
[kpt  55  15   5]    17.6946 [0.000]    18.1172 [0.000]    18.7428 [0.000]    19.3042 [0.000]    19.5656 [0.000]
[kpt  55  15   6]    20.9731 [0.000]    21.1490 [0.000]    21.4718 [0.000]    21.5668 [0.000]    21.7039 [0.000]
[kpt  55  15   7]    21.7534 [0.000]    21.8853 [0.000]    22.0970 [0.000]    25.4959 [0.000]    26.3678 [0.000]
[kpt  55  15   8]    27.2531 [0.000]    27.8851 [0.000]    27.9837 [0.000]    29.2986 [0.000]    29.7227 [0.000]
[kpt  55  15   9]    30.6496 [0.000]    31.1997 [0.000]    31.4747 [0.000]




KOHN SHAM EIGENVALUES [eV] AT K-POINT [ 56]:       0.166667      0.250000      0.416667

[kpt  56  15   0]   -46.2969 [2.000]   -22.5529 [2.000]   -22.5301 [2.000]   -22.5171 [2.000]   -14.2186 [2.000]
[kpt  56  15   1]    -6.3600 [2.000]    -5.7570 [2.000]    -5.6963 [2.000]     0.2833 [2.000]     0.4213 [2.000]
[kpt  56  15   2]     0.7333 [2.000]     6.3084 [2.000]     6.9898 [2.000]     7.2111 [2.000]     7.5594 [2.000]
[kpt  56  15   3]     7.9363 [2.000]     8.3850 [2.000]     9.3085 [2.000]     9.4633 [2.000]     9.7753 [2.000]
[kpt  56  15   4]    13.3592 [0.000]    13.8595 [0.000]    13.9437 [0.000]    15.6948 [0.000]    17.0402 [0.000]
[kpt  56  15   5]    18.0258 [0.000]    18.4704 [0.000]    18.8746 [0.000]    19.2484 [0.000]    19.6911 [0.000]
[kpt  56  15   6]    20.6943 [0.000]    21.1366 [0.000]    21.4569 [0.000]    21.6406 [0.000]    21.6649 [0.000]
[kpt  56  15   7]    21.7553 [0.000]    21.8725 [0.000]    22.7835 [0.000]    24.6505 [0.000]    26.4157 [0.000]
[kpt  56  15   8]    27.0743 [0.000]    27.1932 [0.000]    28.2368 [0.000]    29.1294 [0.000]    29.5490 [0.000]
[kpt  56  15   9]    30.6517 [0.000]    31.1157 [0.000]    31.3587 [0.000]




KOHN SHAM EIGENVALUES [eV] AT K-POINT [ 57]:       0.166667      0.250000      0.500000

[kpt  57  15   0]   -46.2969 [2.000]   -22.5563 [2.000]   -22.5300 [2.000]   -22.5170 [2.000]   -14.2123 [2.000]
[kpt  57  15   1]    -6.3619 [2.000]    -5.7499 [2.000]    -5.6763 [2.000]     0.2717 [2.000]     0.4618 [2.000]
[kpt  57  15   2]     0.6817 [2.000]     6.2186 [2.000]     7.0007 [2.000]     7.1423 [2.000]     7.5146 [2.000]
[kpt  57  15   3]     7.9243 [2.000]     8.4181 [2.000]     9.3057 [2.000]     9.4172 [2.000]     9.7728 [2.000]
[kpt  57  15   4]    13.3692 [0.000]    13.9498 [0.000]    14.0256 [0.000]    15.6936 [0.000]    17.1470 [0.000]
[kpt  57  15   5]    18.2156 [0.000]    18.5793 [0.000]    18.7793 [0.000]    19.3161 [0.000]    19.8933 [0.000]
[kpt  57  15   6]    20.4615 [0.000]    21.1304 [0.000]    21.4512 [0.000]    21.6352 [0.000]    21.6905 [0.000]
[kpt  57  15   7]    21.7486 [0.000]    21.8642 [0.000]    23.5155 [0.000]    23.7891 [0.000]    26.5469 [0.000]
[kpt  57  15   8]    26.8703 [0.000]    27.0006 [0.000]    28.6314 [0.000]    28.6998 [0.000]    29.6001 [0.000]
[kpt  57  15   9]    30.6327 [0.000]    31.0913 [0.000]    31.3272 [0.000]




KOHN SHAM EIGENVALUES [eV] AT K-POINT [ 58]:       0.166667      0.333333      0.333333

[kpt  58  15   0]   -46.2969 [2.000]   -22.5433 [2.000]   -22.5428 [2.000]   -22.5170 [2.000]   -14.2148 [2.000]
[kpt  58  15   1]    -6.2777 [2.000]    -5.7727 [2.000]    -5.7230 [2.000]     0.2867 [2.000]     0.3037 [2.000]
[kpt  58  15   2]     0.7457 [2.000]     6.4136 [2.000]     6.8763 [2.000]     7.0505 [2.000]     7.6634 [2.000]
[kpt  58  15   3]     7.9193 [2.000]     8.2291 [2.000]     9.3208 [2.000]     9.5605 [2.000]     9.9329 [2.000]
[kpt  58  15   4]    13.6230 [0.000]    13.6831 [0.000]    13.9246 [0.000]    15.8194 [0.000]    17.1418 [0.000]
[kpt  58  15   5]    17.9395 [0.000]    18.5883 [0.000]    18.6514 [0.000]    19.2139 [0.000]    19.6299 [0.000]
[kpt  58  15   6]    20.9426 [0.000]    21.1227 [0.000]    21.4640 [0.000]    21.5909 [0.000]    21.6708 [0.000]
[kpt  58  15   7]    21.7565 [0.000]    21.8919 [0.000]    22.5677 [0.000]    25.5640 [0.000]    25.8241 [0.000]
[kpt  58  15   8]    26.9686 [0.000]    27.8740 [0.000]    27.9672 [0.000]    28.3055 [0.000]    29.3053 [0.000]
[kpt  58  15   9]    30.8936 [0.000]    31.0114 [0.000]    31.4715 [0.000]




KOHN SHAM EIGENVALUES [eV] AT K-POINT [ 59]:       0.166667      0.333333      0.416667

[kpt  59  15   0]   -46.2967 [2.000]   -22.5522 [2.000]   -22.5426 [2.000]   -22.5166 [2.000]   -14.1995 [2.000]
[kpt  59  15   1]    -6.2286 [2.000]    -5.7529 [2.000]    -5.7111 [2.000]     0.2420 [2.000]     0.3176 [2.000]
[kpt  59  15   2]     0.6581 [2.000]     6.2519 [2.000]     6.7712 [2.000]     6.9157 [2.000]     7.6132 [2.000]
[kpt  59  15   3]     7.8775 [2.000]     8.2149 [2.000]     9.3531 [2.000]     9.5365 [2.000]    10.0168 [2.000]
[kpt  59  15   4]    13.6767 [0.000]    13.8926 [0.000]    14.0952 [0.000]    15.8542 [0.000]    17.4533 [0.000]
[kpt  59  15   5]    18.1785 [0.000]    18.5651 [0.000]    18.8949 [0.000]    19.2151 [0.000]    19.8288 [0.000]
[kpt  59  15   6]    20.7563 [0.000]    21.0894 [0.000]    21.4368 [0.000]    21.6288 [0.000]    21.6843 [0.000]
[kpt  59  15   7]    21.7600 [0.000]    21.8839 [0.000]    23.1269 [0.000]    24.8509 [0.000]    25.7996 [0.000]
[kpt  59  15   8]    26.8402 [0.000]    27.3031 [0.000]    28.0549 [0.000]    28.2573 [0.000]    28.9358 [0.000]
[kpt  59  15   9]    30.7867 [0.000]    31.1062 [0.000]    31.4494 [0.000]




KOHN SHAM EIGENVALUES [eV] AT K-POINT [ 60]:       0.166667      0.333333      0.500000

[kpt  60  15   0]   -46.2966 [2.000]   -22.5555 [2.000]   -22.5424 [2.000]   -22.5165 [2.000]   -14.1939 [2.000]
[kpt  60  15   1]    -6.2148 [2.000]    -5.7368 [2.000]    -5.7108 [2.000]     0.2231 [2.000]     0.3397 [2.000]
[kpt  60  15   2]     0.6116 [2.000]     6.1682 [2.000]     6.7700 [2.000]     6.8599 [2.000]     7.5837 [2.000]
[kpt  60  15   3]     7.8729 [2.000]     8.2081 [2.000]     9.4155 [2.000]     9.4819 [2.000]    10.0409 [2.000]
[kpt  60  15   4]    13.6871 [0.000]    13.9800 [0.000]    14.1640 [0.000]    15.8596 [0.000]    17.5630 [0.000]
[kpt  60  15   5]    18.3466 [0.000]    18.4645 [0.000]    18.9324 [0.000]    19.2343 [0.000]    20.1177 [0.000]
[kpt  60  15   6]    20.5469 [0.000]    21.0739 [0.000]    21.4136 [0.000]    21.6163 [0.000]    21.7416 [0.000]
[kpt  60  15   7]    21.7495 [0.000]    21.8740 [0.000]    23.6140 [0.000]    24.2105 [0.000]    25.8512 [0.000]
[kpt  60  15   8]    26.7891 [0.000]    27.0688 [0.000]    28.1994 [0.000]    28.2403 [0.000]    28.7620 [0.000]
[kpt  60  15   9]    30.6986 [0.000]    31.2316 [0.000]    31.3788 [0.000]




KOHN SHAM EIGENVALUES [eV] AT K-POINT [ 61]:       0.166667      0.416667      0.416667

[kpt  61  15   0]   -46.2965 [2.000]   -22.5517 [2.000]   -22.5516 [2.000]   -22.5162 [2.000]   -14.1855 [2.000]
[kpt  61  15   1]    -6.1288 [2.000]    -5.7537 [2.000]    -5.7196 [2.000]     0.2404 [2.000]     0.2460 [2.000]
[kpt  61  15   2]     0.5739 [2.000]     6.1435 [2.000]     6.5836 [2.000]     6.8137 [2.000]     7.6690 [2.000]
[kpt  61  15   3]     7.8144 [2.000]     8.0830 [2.000]     9.4529 [2.000]     9.5784 [2.000]    10.1516 [2.000]
[kpt  61  15   4]    13.9025 [0.000]    13.9249 [0.000]    14.2341 [0.000]    15.8998 [0.000]    17.7854 [0.000]
[kpt  61  15   5]    18.1136 [0.000]    18.6196 [0.000]    19.1130 [0.000]    19.2040 [0.000]    20.0868 [0.000]
[kpt  61  15   6]    20.7301 [0.000]    21.0454 [0.000]    21.3563 [0.000]    21.6746 [0.000]    21.7113 [0.000]
[kpt  61  15   7]    21.7652 [0.000]    21.8734 [0.000]    23.5023 [0.000]    25.0081 [0.000]    25.0450 [0.000]
[kpt  61  15   8]    26.6965 [0.000]    27.3914 [0.000]    27.6113 [0.000]    27.9148 [0.000]    28.6684 [0.000]
[kpt  61  15   9]    30.6327 [0.000]    31.3045 [0.000]    31.5086 [0.000]




KOHN SHAM EIGENVALUES [eV] AT K-POINT [ 62]:       0.166667      0.416667      0.500000

[kpt  62  15   0]   -46.2965 [2.000]   -22.5550 [2.000]   -22.5515 [2.000]   -22.5161 [2.000]   -14.1803 [2.000]
[kpt  62  15   1]    -6.0920 [2.000]    -5.7397 [2.000]    -5.7369 [2.000]     0.2166 [2.000]     0.2541 [2.000]
[kpt  62  15   2]     0.5328 [2.000]     6.0764 [2.000]     6.5385 [2.000]     6.7869 [2.000]     7.6847 [2.000]
[kpt  62  15   3]     7.8079 [2.000]     8.0172 [2.000]     9.5369 [2.000]     9.5559 [2.000]    10.1936 [2.000]
[kpt  62  15   4]    13.9218 [0.000]    14.0014 [0.000]    14.2913 [0.000]    15.9062 [0.000]    17.9060 [0.000]
[kpt  62  15   5]    18.0570 [0.000]    18.7094 [0.000]    19.1498 [0.000]    19.1633 [0.000]    20.3845 [0.000]
[kpt  62  15   6]    20.6265 [0.000]    21.0242 [0.000]    21.2747 [0.000]    21.6909 [0.000]    21.7489 [0.000]
[kpt  62  15   7]    21.7728 [0.000]    21.8539 [0.000]    23.8037 [0.000]    24.5260 [0.000]    25.1021 [0.000]
[kpt  62  15   8]    26.6390 [0.000]    27.2639 [0.000]    27.5919 [0.000]    27.8571 [0.000]    28.5695 [0.000]
[kpt  62  15   9]    30.5572 [0.000]    31.4394 [0.000]    31.4661 [0.000]




KOHN SHAM EIGENVALUES [eV] AT K-POINT [ 63]:       0.166667      0.500000      0.500000

[kpt  63  15   0]   -46.2964 [2.000]   -22.5548 [2.000]   -22.5548 [2.000]   -22.5160 [2.000]   -14.1753 [2.000]
[kpt  63  15   1]    -6.0406 [2.000]    -5.7466 [2.000]    -5.7466 [2.000]     0.2237 [2.000]     0.2237 [2.000]
[kpt  63  15   2]     0.4948 [2.000]     6.0186 [2.000]     6.4782 [2.000]     6.7663 [2.000]     7.7780 [2.000]
[kpt  63  15   3]     7.7780 [2.000]     7.8916 [2.000]     9.5875 [2.000]     9.5875 [2.000]    10.2420 [2.000]
[kpt  63  15   4]    14.0090 [0.000]    14.0090 [0.000]    14.3440 [0.000]    15.9117 [0.000]    17.9549 [0.000]
[kpt  63  15   5]    18.0384 [0.000]    18.8601 [0.000]    19.1329 [0.000]    19.1329 [0.000]    20.6616 [0.000]
[kpt  63  15   6]    20.6616 [0.000]    21.0012 [0.000]    21.0865 [0.000]    21.7451 [0.000]    21.7838 [0.000]
[kpt  63  15   7]    21.7838 [0.000]    21.8008 [0.000]    24.0065 [0.000]    24.6481 [0.000]    24.6481 [0.000]
[kpt  63  15   8]    26.5780 [0.000]    27.3743 [0.000]    27.3743 [0.000]    27.7034 [0.000]    28.5135 [0.000]
[kpt  63  15   9]    30.4877 [0.000]    31.5067 [0.000]    31.5068 [0.000]




KOHN SHAM EIGENVALUES [eV] AT K-POINT [ 64]:       0.250000      0.250000      0.250000

[kpt  64  15   0]   -46.2971 [2.000]   -22.5312 [2.000]   -22.5303 [2.000]   -22.5303 [2.000]   -14.2373 [2.000]
[kpt  64  15   1]    -6.3149 [2.000]    -5.7728 [2.000]    -5.7728 [2.000]     0.2796 [2.000]     0.2796 [2.000]
[kpt  64  15   2]     0.8411 [2.000]     6.6066 [2.000]     7.2653 [2.000]     7.2653 [2.000]     7.7884 [2.000]
[kpt  64  15   3]     7.9866 [2.000]     7.9866 [2.000]     9.5986 [2.000]     9.5986 [2.000]     9.6978 [2.000]
[kpt  64  15   4]    13.5147 [0.000]    13.5317 [0.000]    13.5317 [0.000]    16.2683 [0.000]    16.2683 [0.000]
[kpt  64  15   5]    17.7497 [0.000]    17.7497 [0.000]    18.5043 [0.000]    19.4118 [0.000]    19.4118 [0.000]
[kpt  64  15   6]    21.1228 [0.000]    21.1687 [0.000]    21.5779 [0.000]    21.5779 [0.000]    21.7233 [0.000]
[kpt  64  15   7]    21.7233 [0.000]    21.9019 [0.000]    21.9324 [0.000]    25.7046 [0.000]    27.0521 [0.000]
[kpt  64  15   8]    27.0521 [0.000]    27.3093 [0.000]    28.8912 [0.000]    29.4425 [0.000]    29.4426 [0.000]
[kpt  64  15   9]    30.5808 [0.000]    30.5809 [0.000]    31.3772 [0.000]




KOHN SHAM EIGENVALUES [eV] AT K-POINT [ 65]:       0.250000      0.250000      0.333333

[kpt  65  15   0]   -46.2969 [2.000]   -22.5431 [2.000]   -22.5302 [2.000]   -22.5298 [2.000]   -14.2161 [2.000]
[kpt  65  15   1]    -6.2565 [2.000]    -5.7475 [2.000]    -5.7449 [2.000]     0.2084 [2.000]     0.2555 [2.000]
[kpt  65  15   2]     0.7564 [2.000]     6.4784 [2.000]     7.0225 [2.000]     7.2519 [2.000]     7.5174 [2.000]
[kpt  65  15   3]     7.9290 [2.000]     8.0359 [2.000]     9.5030 [2.000]     9.6820 [2.000]     9.7713 [2.000]
[kpt  65  15   4]    13.5761 [0.000]    13.7742 [0.000]    13.7941 [0.000]    16.2511 [0.000]    16.8083 [0.000]
[kpt  65  15   5]    17.9628 [0.000]    18.1685 [0.000]    18.5502 [0.000]    19.1945 [0.000]    19.4788 [0.000]
[kpt  65  15   6]    20.9956 [0.000]    21.1723 [0.000]    21.5709 [0.000]    21.6605 [0.000]    21.6758 [0.000]
[kpt  65  15   7]    21.7331 [0.000]    21.9056 [0.000]    22.5015 [0.000]    25.5067 [0.000]    26.4660 [0.000]
[kpt  65  15   8]    27.0919 [0.000]    27.4894 [0.000]    28.0661 [0.000]    29.4087 [0.000]    29.4645 [0.000]
[kpt  65  15   9]    29.9442 [0.000]    30.6915 [0.000]    31.0492 [0.000]




KOHN SHAM EIGENVALUES [eV] AT K-POINT [ 66]:       0.250000      0.250000      0.416667

[kpt  66  15   0]   -46.2967 [2.000]   -22.5522 [2.000]   -22.5298 [2.000]   -22.5294 [2.000]   -14.2005 [2.000]
[kpt  66  15   1]    -6.2322 [2.000]    -5.7287 [2.000]    -5.7038 [2.000]     0.1560 [2.000]     0.2867 [2.000]
[kpt  66  15   2]     0.6438 [2.000]     6.2903 [2.000]     6.9750 [2.000]     7.2439 [2.000]     7.2868 [2.000]
[kpt  66  15   3]     7.9041 [2.000]     8.1234 [2.000]     9.4324 [2.000]     9.7089 [2.000]     9.7956 [2.000]
[kpt  66  15   4]    13.6117 [0.000]    13.9797 [0.000]    14.0023 [0.000]    16.2341 [0.000]    17.1527 [0.000]
[kpt  66  15   5]    18.2387 [0.000]    18.3828 [0.000]    18.7290 [0.000]    18.8934 [0.000]    19.7471 [0.000]
[kpt  66  15   6]    20.7744 [0.000]    21.1513 [0.000]    21.5434 [0.000]    21.6280 [0.000]    21.7124 [0.000]
[kpt  66  15   7]    21.7615 [0.000]    21.9021 [0.000]    23.1283 [0.000]    24.8716 [0.000]    26.2351 [0.000]
[kpt  66  15   8]    26.9579 [0.000]    27.3125 [0.000]    27.9844 [0.000]    29.1742 [0.000]    29.6468 [0.000]
[kpt  66  15   9]    29.7827 [0.000]    30.5498 [0.000]    30.8210 [0.000]




KOHN SHAM EIGENVALUES [eV] AT K-POINT [ 67]:       0.250000      0.250000      0.500000

[kpt  67  15   0]   -46.2966 [2.000]   -22.5556 [2.000]   -22.5296 [2.000]   -22.5292 [2.000]   -14.1947 [2.000]
[kpt  67  15   1]    -6.2273 [2.000]    -5.7217 [2.000]    -5.6843 [2.000]     0.1368 [2.000]     0.3198 [2.000]
[kpt  67  15   2]     0.5806 [2.000]     6.1999 [2.000]     7.0519 [2.000]     7.1338 [2.000]     7.2414 [2.000]
[kpt  67  15   3]     7.8979 [2.000]     8.1621 [2.000]     9.4069 [2.000]     9.7109 [2.000]     9.7987 [2.000]
[kpt  67  15   4]    13.6243 [0.000]    14.0614 [0.000]    14.0805 [0.000]    16.2265 [0.000]    17.2681 [0.000]
[kpt  67  15   5]    18.4315 [0.000]    18.5404 [0.000]    18.5778 [0.000]    18.8061 [0.000]    20.0429 [0.000]
[kpt  67  15   6]    20.5525 [0.000]    21.1422 [0.000]    21.5211 [0.000]    21.6123 [0.000]    21.7277 [0.000]
[kpt  67  15   7]    21.7786 [0.000]    21.8988 [0.000]    23.6030 [0.000]    24.3009 [0.000]    26.2330 [0.000]
[kpt  67  15   8]    26.9056 [0.000]    27.0410 [0.000]    28.3933 [0.000]    28.7378 [0.000]    29.6489 [0.000]
[kpt  67  15   9]    30.1521 [0.000]    30.2589 [0.000]    30.7372 [0.000]




KOHN SHAM EIGENVALUES [eV] AT K-POINT [ 68]:       0.250000      0.333333      0.333333

[kpt  68  15   0]   -46.2966 [2.000]   -22.5427 [2.000]   -22.5422 [2.000]   -22.5294 [2.000]   -14.1966 [2.000]
[kpt  68  15   1]    -6.1578 [2.000]    -5.7393 [2.000]    -5.7169 [2.000]     0.1428 [2.000]     0.1647 [2.000]
[kpt  68  15   2]     0.6371 [2.000]     6.4099 [2.000]     6.8736 [2.000]     7.1027 [2.000]     7.4178 [2.000]
[kpt  68  15   3]     7.9076 [2.000]     7.9651 [2.000]     9.5560 [2.000]     9.7113 [2.000]     9.9187 [2.000]
[kpt  68  15   4]    13.8243 [0.000]    13.8478 [0.000]    13.9823 [0.000]    16.4894 [0.000]    17.1195 [0.000]
[kpt  68  15   5]    18.1117 [0.000]    18.3803 [0.000]    18.4135 [0.000]    19.1251 [0.000]    19.4868 [0.000]
[kpt  68  15   6]    20.9387 [0.000]    21.1753 [0.000]    21.6131 [0.000]    21.6775 [0.000]    21.6890 [0.000]
[kpt  68  15   7]    21.7465 [0.000]    21.9166 [0.000]    22.9817 [0.000]    25.4023 [0.000]    26.2841 [0.000]
[kpt  68  15   8]    26.9299 [0.000]    27.4255 [0.000]    28.1088 [0.000]    28.4532 [0.000]    29.5749 [0.000]
[kpt  68  15   9]    29.6986 [0.000]    30.4982 [0.000]    30.7644 [0.000]




KOHN SHAM EIGENVALUES [eV] AT K-POINT [ 69]:       0.250000      0.333333      0.416667

[kpt  69  15   0]   -46.2965 [2.000]   -22.5515 [2.000]   -22.5420 [2.000]   -22.5290 [2.000]   -14.1822 [2.000]
[kpt  69  15   1]    -6.0982 [2.000]    -5.7175 [2.000]    -5.6971 [2.000]     0.0789 [2.000]     0.1621 [2.000]
[kpt  69  15   2]     0.5040 [2.000]     6.2462 [2.000]     6.7819 [2.000]     7.0913 [2.000]     7.3115 [2.000]
[kpt  69  15   3]     7.8908 [2.000]     7.9957 [2.000]     9.5624 [2.000]     9.7401 [2.000]    10.0102 [2.000]
[kpt  69  15   4]    13.8731 [0.000]    14.0394 [0.000]    14.1513 [0.000]    16.5139 [0.000]    17.4404 [0.000]
[kpt  69  15   5]    18.1652 [0.000]    18.3735 [0.000]    18.5325 [0.000]    18.9922 [0.000]    19.8242 [0.000]
[kpt  69  15   6]    20.8177 [0.000]    21.1575 [0.000]    21.5157 [0.000]    21.6943 [0.000]    21.7125 [0.000]
[kpt  69  15   7]    21.8070 [0.000]    21.9183 [0.000]    23.4283 [0.000]    25.0764 [0.000]    25.9523 [0.000]
[kpt  69  15   8]    26.8728 [0.000]    27.4802 [0.000]    27.7380 [0.000]    28.4719 [0.000]    29.1049 [0.000]
[kpt  69  15   9]    29.9349 [0.000]    30.3396 [0.000]    30.6050 [0.000]




KOHN SHAM EIGENVALUES [eV] AT K-POINT [ 70]:       0.250000      0.333333      0.500000

[kpt  70  15   0]   -46.2964 [2.000]   -22.5549 [2.000]   -22.5418 [2.000]   -22.5289 [2.000]   -14.1769 [2.000]
[kpt  70  15   1]    -6.0804 [2.000]    -5.7011 [2.000]    -5.6937 [2.000]     0.0533 [2.000]     0.1838 [2.000]
[kpt  70  15   2]     0.4354 [2.000]     6.1573 [2.000]     6.7803 [2.000]     7.1078 [2.000]     7.2458 [2.000]
[kpt  70  15   3]     7.8889 [2.000]     8.0140 [2.000]     9.5679 [2.000]     9.7447 [2.000]    10.0384 [2.000]
[kpt  70  15   4]    13.8869 [0.000]    14.1172 [0.000]    14.2187 [0.000]    16.5112 [0.000]    17.5539 [0.000]
[kpt  70  15   5]    18.1757 [0.000]    18.3846 [0.000]    18.5827 [0.000]    18.9047 [0.000]    20.1401 [0.000]
[kpt  70  15   6]    20.6634 [0.000]    21.1479 [0.000]    21.4558 [0.000]    21.6980 [0.000]    21.7204 [0.000]
[kpt  70  15   7]    21.8353 [0.000]    21.9163 [0.000]    23.6688 [0.000]    24.7838 [0.000]    25.8830 [0.000]
[kpt  70  15   8]    26.8439 [0.000]    27.2547 [0.000]    27.9570 [0.000]    28.4512 [0.000]    28.8933 [0.000]
[kpt  70  15   9]    30.1626 [0.000]    30.2011 [0.000]    30.4865 [0.000]




KOHN SHAM EIGENVALUES [eV] AT K-POINT [ 71]:       0.250000      0.416667      0.416667

[kpt  71  15   0]   -46.2963 [2.000]   -22.5511 [2.000]   -22.5510 [2.000]   -22.5286 [2.000]   -14.1687 [2.000]
[kpt  71  15   1]    -5.9956 [2.000]    -5.7140 [2.000]    -5.6897 [2.000]     0.0571 [2.000]     0.0830 [2.000]
[kpt  71  15   2]     0.3615 [2.000]     6.1367 [2.000]     6.5861 [2.000]     7.1260 [2.000]     7.3129 [2.000]
[kpt  71  15   3]     7.8707 [2.000]     7.9335 [2.000]     9.6681 [2.000]     9.7620 [2.000]    10.1538 [2.000]
[kpt  71  15   4]    14.0690 [0.000]    14.0809 [0.000]    14.2912 [0.000]    16.5649 [0.000]    17.7589 [0.000]
[kpt  71  15   5]    17.9506 [0.000]    18.3732 [0.000]    18.4779 [0.000]    19.1297 [0.000]    20.1100 [0.000]
[kpt  71  15   6]    20.8231 [0.000]    21.1497 [0.000]    21.3687 [0.000]    21.6917 [0.000]    21.7911 [0.000]
[kpt  71  15   7]    21.8446 [0.000]    21.9190 [0.000]    23.6244 [0.000]    25.2008 [0.000]    25.5912 [0.000]
[kpt  71  15   8]    26.8189 [0.000]    27.5014 [0.000]    27.8410 [0.000]    27.8595 [0.000]    28.6085 [0.000]
[kpt  71  15   9]    30.1365 [0.000]    30.2229 [0.000]    30.5853 [0.000]




KOHN SHAM EIGENVALUES [eV] AT K-POINT [ 72]:       0.250000      0.416667      0.500000

[kpt  72  15   0]   -46.2962 [2.000]   -22.5544 [2.000]   -22.5509 [2.000]   -22.5285 [2.000]   -14.1638 [2.000]
[kpt  72  15   1]    -5.9573 [2.000]    -5.7015 [2.000]    -5.6984 [2.000]     0.0363 [2.000]     0.0879 [2.000]
[kpt  72  15   2]     0.2897 [2.000]     6.0662 [2.000]     6.5424 [2.000]     7.1601 [2.000]     7.2949 [2.000]
[kpt  72  15   3]     7.8711 [2.000]     7.9048 [2.000]     9.7164 [2.000]     9.7654 [2.000]    10.2007 [2.000]
[kpt  72  15   4]    14.0879 [0.000]    14.1519 [0.000]    14.3484 [0.000]    16.5614 [0.000]    17.8530 [0.000]
[kpt  72  15   5]    17.9050 [0.000]    18.3808 [0.000]    18.4519 [0.000]    19.1476 [0.000]    20.4058 [0.000]
[kpt  72  15   6]    20.7578 [0.000]    21.1428 [0.000]    21.2510 [0.000]    21.6895 [0.000]    21.8163 [0.000]
[kpt  72  15   7]    21.8692 [0.000]    21.9118 [0.000]    23.6936 [0.000]    25.1555 [0.000]    25.4979 [0.000]
[kpt  72  15   8]    26.7913 [0.000]    27.4857 [0.000]    27.6772 [0.000]    28.0603 [0.000]    28.2793 [0.000]
[kpt  72  15   9]    30.0528 [0.000]    30.4180 [0.000]    30.5058 [0.000]




KOHN SHAM EIGENVALUES [eV] AT K-POINT [ 73]:       0.250000      0.500000      0.500000

[kpt  73  15   0]   -46.2962 [2.000]   -22.5542 [2.000]   -22.5542 [2.000]   -22.5283 [2.000]   -14.1590 [2.000]
[kpt  73  15   1]    -5.9045 [2.000]    -5.7045 [2.000]    -5.7045 [2.000]     0.0536 [2.000]     0.0536 [2.000]
[kpt  73  15   2]     0.2138 [2.000]     6.0068 [2.000]     6.4823 [2.000]     7.1832 [2.000]     7.3187 [2.000]
[kpt  73  15   3]     7.8596 [2.000]     7.8596 [2.000]     9.7761 [2.000]     9.7761 [2.000]    10.2543 [2.000]
[kpt  73  15   4]    14.1644 [0.000]    14.1644 [0.000]    14.4016 [0.000]    16.5527 [0.000]    17.7719 [0.000]
[kpt  73  15   5]    18.0385 [0.000]    18.3849 [0.000]    18.3849 [0.000]    19.2038 [0.000]    20.7962 [0.000]
[kpt  73  15   6]    20.7962 [0.000]    20.9294 [0.000]    21.1375 [0.000]    21.6833 [0.000]    21.8809 [0.000]
[kpt  73  15   7]    21.8809 [0.000]    21.8815 [0.000]    23.6958 [0.000]    25.3054 [0.000]    25.3054 [0.000]
[kpt  73  15   8]    26.7632 [0.000]    27.6580 [0.000]    27.6580 [0.000]    27.8233 [0.000]    28.0194 [0.000]
[kpt  73  15   9]    29.9728 [0.000]    30.5336 [0.000]    30.5336 [0.000]




KOHN SHAM EIGENVALUES [eV] AT K-POINT [ 74]:       0.333333      0.333333      0.333333

[kpt  74  15   0]   -46.2964 [2.000]   -22.5422 [2.000]   -22.5417 [2.000]   -22.5417 [2.000]   -14.1783 [2.000]
[kpt  74  15   1]    -6.0406 [2.000]    -5.7050 [2.000]    -5.7050 [2.000]     0.0446 [2.000]     0.0446 [2.000]
[kpt  74  15   2]     0.4747 [2.000]     6.3623 [2.000]     6.8727 [2.000]     6.8727 [2.000]     7.3641 [2.000]
[kpt  74  15   3]     7.9030 [2.000]     7.9030 [2.000]     9.7689 [2.000]     9.7689 [2.000]     9.9796 [2.000]
[kpt  74  15   4]    14.0392 [0.000]    14.0392 [0.000]    14.0432 [0.000]    17.0811 [0.000]    17.0811 [0.000]
[kpt  74  15   5]    18.1793 [0.000]    18.1793 [0.000]    18.1796 [0.000]    19.3794 [0.000]    19.3794 [0.000]
[kpt  74  15   6]    20.9287 [0.000]    21.2028 [0.000]    21.6284 [0.000]    21.6284 [0.000]    21.7909 [0.000]
[kpt  74  15   7]    21.7909 [0.000]    21.9330 [0.000]    23.3483 [0.000]    25.2975 [0.000]    26.7845 [0.000]
[kpt  74  15   8]    26.7845 [0.000]    26.9169 [0.000]    28.3075 [0.000]    28.6214 [0.000]    28.6214 [0.000]
[kpt  74  15   9]    29.8709 [0.000]    29.8709 [0.000]    30.3225 [0.000]




KOHN SHAM EIGENVALUES [eV] AT K-POINT [ 75]:       0.333333      0.333333      0.416667

[kpt  75  15   0]   -46.2962 [2.000]   -22.5509 [2.000]   -22.5415 [2.000]   -22.5412 [2.000]   -14.1648 [2.000]
[kpt  75  15   1]    -5.9618 [2.000]    -5.6872 [2.000]    -5.6793 [2.000]    -0.0423 [2.000]     0.0203 [2.000]
[kpt  75  15   2]     0.3143 [2.000]     6.2053 [2.000]     6.7509 [2.000]     6.8730 [2.000]     7.3586 [2.000]
[kpt  75  15   3]     7.9025 [2.000]     7.9332 [2.000]     9.7689 [2.000]     9.9054 [2.000]    10.0555 [2.000]
[kpt  75  15   4]    14.0835 [0.000]    14.2035 [0.000]    14.2129 [0.000]    17.0352 [0.000]    17.4546 [0.000]
[kpt  75  15   5]    18.0383 [0.000]    18.0565 [0.000]    18.1502 [0.000]    19.3122 [0.000]    19.8588 [0.000]
[kpt  75  15   6]    20.8813 [0.000]    21.2081 [0.000]    21.4959 [0.000]    21.6399 [0.000]    21.8182 [0.000]
[kpt  75  15   7]    21.8672 [0.000]    21.9408 [0.000]    23.5429 [0.000]    25.2998 [0.000]    26.2119 [0.000]
[kpt  75  15   8]    26.9094 [0.000]    27.2375 [0.000]    27.7513 [0.000]    28.6331 [0.000]    28.7883 [0.000]
[kpt  75  15   9]    29.4526 [0.000]    29.8835 [0.000]    30.0786 [0.000]




KOHN SHAM EIGENVALUES [eV] AT K-POINT [ 76]:       0.333333      0.333333      0.500000

[kpt  76  15   0]   -46.2962 [2.000]   -22.5542 [2.000]   -22.5414 [2.000]   -22.5411 [2.000]   -14.1598 [2.000]
[kpt  76  15   1]    -5.9360 [2.000]    -5.6771 [2.000]    -5.6698 [2.000]    -0.0739 [2.000]     0.0337 [2.000]
[kpt  76  15   2]     0.2348 [2.000]     6.1165 [2.000]     6.7411 [2.000]     6.8733 [2.000]     7.3441 [2.000]
[kpt  76  15   3]     7.9028 [2.000]     7.9599 [2.000]     9.7666 [2.000]     9.9505 [2.000]    10.0834 [2.000]
[kpt  76  15   4]    14.0992 [0.000]    14.2703 [0.000]    14.2787 [0.000]    17.0125 [0.000]    17.5600 [0.000]
[kpt  76  15   5]    17.9884 [0.000]    18.0564 [0.000]    18.1130 [0.000]    19.2893 [0.000]    20.1795 [0.000]
[kpt  76  15   6]    20.7910 [0.000]    21.2071 [0.000]    21.4086 [0.000]    21.6461 [0.000]    21.8267 [0.000]
[kpt  76  15   7]    21.8933 [0.000]    21.9422 [0.000]    23.5864 [0.000]    25.3164 [0.000]    26.0041 [0.000]
[kpt  76  15   8]    26.8989 [0.000]    27.4687 [0.000]    27.4987 [0.000]    28.5018 [0.000]    28.9684 [0.000]
[kpt  76  15   9]    29.3824 [0.000]    29.8144 [0.000]    29.9939 [0.000]




KOHN SHAM EIGENVALUES [eV] AT K-POINT [ 77]:       0.333333      0.416667      0.416667

[kpt  77  15   0]   -46.2961 [2.000]   -22.5505 [2.000]   -22.5504 [2.000]   -22.5410 [2.000]   -14.1519 [2.000]
[kpt  77  15   1]    -5.8565 [2.000]    -5.6729 [2.000]    -5.6606 [2.000]    -0.0986 [2.000]    -0.0703 [2.000]
[kpt  77  15   2]     0.1417 [2.000]     6.0934 [2.000]     6.5892 [2.000]     6.8336 [2.000]     7.4770 [2.000]
[kpt  77  15   3]     7.9069 [2.000]     7.9220 [2.000]     9.9102 [2.000]     9.9632 [2.000]    10.1638 [2.000]
[kpt  77  15   4]    14.2494 [0.000]    14.2526 [0.000]    14.3502 [0.000]    17.1237 [0.000]    17.6344 [0.000]
[kpt  77  15   5]    17.8142 [0.000]    17.8802 [0.000]    18.0277 [0.000]    19.5642 [0.000]    20.1153 [0.000]
[kpt  77  15   6]    20.9187 [0.000]    21.2336 [0.000]    21.3765 [0.000]    21.5915 [0.000]    21.8848 [0.000]
[kpt  77  15   7]    21.9066 [0.000]    21.9507 [0.000]    23.4877 [0.000]    25.5755 [0.000]    26.1452 [0.000]
[kpt  77  15   8]    26.9301 [0.000]    27.1209 [0.000]    27.9326 [0.000]    28.1553 [0.000]    28.5850 [0.000]
[kpt  77  15   9]    29.4897 [0.000]    29.7075 [0.000]    29.8503 [0.000]




KOHN SHAM EIGENVALUES [eV] AT K-POINT [ 78]:       0.333333      0.416667      0.500000

[kpt  78  15   0]   -46.2960 [2.000]   -22.5537 [2.000]   -22.5503 [2.000]   -22.5408 [2.000]   -14.1472 [2.000]
[kpt  78  15   1]    -5.8163 [2.000]    -5.6652 [2.000]    -5.6571 [2.000]    -0.1251 [2.000]    -0.0729 [2.000]
[kpt  78  15   2]     0.0563 [2.000]     6.0226 [2.000]     6.5453 [2.000]     6.8360 [2.000]     7.5116 [2.000]
[kpt  78  15   3]     7.9099 [2.000]     7.9253 [2.000]     9.9388 [2.000]     9.9995 [2.000]    10.2110 [2.000]
[kpt  78  15   4]    14.2668 [0.000]    14.3165 [0.000]    14.4073 [0.000]    17.0808 [0.000]    17.6735 [0.000]
[kpt  78  15   5]    17.7927 [0.000]    17.8189 [0.000]    18.0148 [0.000]    19.6033 [0.000]    20.4068 [0.000]
[kpt  78  15   6]    20.8915 [0.000]    21.2402 [0.000]    21.2449 [0.000]    21.5848 [0.000]    21.9015 [0.000]
[kpt  78  15   7]    21.9276 [0.000]    21.9505 [0.000]    23.4366 [0.000]    25.7258 [0.000]    25.9858 [0.000]
[kpt  78  15   8]    26.9309 [0.000]    27.2459 [0.000]    27.7552 [0.000]    28.2530 [0.000]    28.3371 [0.000]
[kpt  78  15   9]    29.6031 [0.000]    29.6434 [0.000]    29.7730 [0.000]




KOHN SHAM EIGENVALUES [eV] AT K-POINT [ 79]:       0.333333      0.500000      0.500000

[kpt  79  15   0]   -46.2959 [2.000]   -22.5536 [2.000]   -22.5536 [2.000]   -22.5407 [2.000]   -14.1425 [2.000]
[kpt  79  15   1]    -5.7631 [2.000]    -5.6610 [2.000]    -5.6610 [2.000]    -0.1113 [2.000]    -0.1113 [2.000]
[kpt  79  15   2]    -0.0396 [2.000]     5.9625 [2.000]     6.4865 [2.000]     6.8382 [2.000]     7.5724 [2.000]
[kpt  79  15   3]     7.9112 [2.000]     7.9112 [2.000]    10.0070 [2.000]    10.0070 [2.000]    10.2666 [2.000]
[kpt  79  15   4]    14.3321 [0.000]    14.3321 [0.000]    14.4611 [0.000]    17.0151 [0.000]    17.7315 [0.000]
[kpt  79  15   5]    17.7321 [0.000]    17.7321 [0.000]    18.0387 [0.000]    19.6850 [0.000]    20.7963 [0.000]
[kpt  79  15   6]    20.9301 [0.000]    20.9301 [0.000]    21.2499 [0.000]    21.5655 [0.000]    21.9393 [0.000]
[kpt  79  15   7]    21.9393 [0.000]    21.9394 [0.000]    23.3606 [0.000]    25.8942 [0.000]    25.8942 [0.000]
[kpt  79  15   8]    26.9357 [0.000]    27.3347 [0.000]    27.9710 [0.000]    27.9950 [0.000]    27.9950 [0.000]
[kpt  79  15   9]    29.5703 [0.000]    29.7409 [0.000]    29.7409 [0.000]




KOHN SHAM EIGENVALUES [eV] AT K-POINT [ 80]:       0.416667      0.416667      0.416667

[kpt  80  15   0]   -46.2959 [2.000]   -22.5501 [2.000]   -22.5499 [2.000]   -22.5499 [2.000]   -14.1395 [2.000]
[kpt  80  15   1]    -5.7483 [2.000]    -5.6420 [2.000]    -5.6420 [2.000]    -0.1801 [2.000]    -0.1801 [2.000]
[kpt  80  15   2]    -0.0378 [2.000]     5.9937 [2.000]     6.5917 [2.000]     6.5917 [2.000]     7.6902 [2.000]
[kpt  80  15   3]     7.9233 [2.000]     7.9233 [2.000]    10.0994 [2.000]    10.0994 [2.000]    10.1969 [2.000]
[kpt  80  15   4]    14.3945 [0.000]    14.3945 [0.000]    14.3945 [0.000]    17.3569 [0.000]    17.3569 [0.000]
[kpt  80  15   5]    17.4875 [0.000]    17.9035 [0.000]    17.9035 [0.000]    20.1076 [0.000]    20.1076 [0.000]
[kpt  80  15   6]    20.9849 [0.000]    21.2842 [0.000]    21.3972 [0.000]    21.3972 [0.000]    21.9407 [0.000]
[kpt  80  15   7]    21.9407 [0.000]    21.9683 [0.000]    23.2795 [0.000]    25.9644 [0.000]    26.5774 [0.000]
[kpt  80  15   8]    26.5774 [0.000]    27.0023 [0.000]    28.1118 [0.000]    28.3029 [0.000]    28.3029 [0.000]
[kpt  80  15   9]    29.3411 [0.000]    29.3411 [0.000]    29.5283 [0.000]




KOHN SHAM EIGENVALUES [eV] AT K-POINT [ 81]:       0.416667      0.416667      0.500000

[kpt  81  15   0]   -46.2958 [2.000]   -22.5533 [2.000]   -22.5499 [2.000]   -22.5498 [2.000]   -14.1349 [2.000]
[kpt  81  15   1]    -5.7050 [2.000]    -5.6382 [2.000]    -5.6305 [2.000]    -0.2199 [2.000]    -0.1877 [2.000]
[kpt  81  15   2]    -0.1231 [2.000]     5.9322 [2.000]     6.5312 [2.000]     6.5927 [2.000]     7.7571 [2.000]
[kpt  81  15   3]     7.9275 [2.000]     7.9332 [2.000]    10.1276 [2.000]    10.1705 [2.000]    10.2336 [2.000]
[kpt  81  15   4]    14.4110 [0.000]    14.4516 [0.000]    14.4517 [0.000]    17.2274 [0.000]    17.3130 [0.000]
[kpt  81  15   5]    17.4204 [0.000]    17.8857 [0.000]    17.9856 [0.000]    20.1026 [0.000]    20.4523 [0.000]
[kpt  81  15   6]    20.9917 [0.000]    21.2200 [0.000]    21.3006 [0.000]    21.4082 [0.000]    21.9518 [0.000]
[kpt  81  15   7]    21.9616 [0.000]    21.9716 [0.000]    23.1822 [0.000]    26.1555 [0.000]    26.3438 [0.000]
[kpt  81  15   8]    26.7636 [0.000]    27.0231 [0.000]    27.9959 [0.000]    28.2610 [0.000]    28.3206 [0.000]
[kpt  81  15   9]    29.2820 [0.000]    29.3494 [0.000]    29.4282 [0.000]




KOHN SHAM EIGENVALUES [eV] AT K-POINT [ 82]:       0.416667      0.500000      0.500000

[kpt  82  15   0]   -46.2958 [2.000]   -22.5531 [2.000]   -22.5531 [2.000]   -22.5497 [2.000]   -14.1304 [2.000]
[kpt  82  15   1]    -5.6560 [2.000]    -5.6281 [2.000]    -5.6281 [2.000]    -0.2292 [2.000]    -0.2292 [2.000]
[kpt  82  15   2]    -0.2114 [2.000]     5.8771 [2.000]     6.4895 [2.000]     6.5661 [2.000]     7.8431 [2.000]
[kpt  82  15   3]     7.9339 [2.000]     7.9339 [2.000]    10.2021 [2.000]    10.2021 [2.000]    10.2757 [2.000]
[kpt  82  15   4]    14.4681 [0.000]    14.4681 [0.000]    14.5057 [0.000]    17.1147 [0.000]    17.2746 [0.000]
[kpt  82  15   5]    17.2746 [0.000]    17.9257 [0.000]    18.0388 [0.000]    20.2552 [0.000]    20.7078 [0.000]
[kpt  82  15   6]    21.0289 [0.000]    21.0289 [0.000]    21.3207 [0.000]    21.3392 [0.000]    21.9732 [0.000]
[kpt  82  15   7]    21.9732 [0.000]    21.9735 [0.000]    23.0720 [0.000]    26.3336 [0.000]    26.3336 [0.000]
[kpt  82  15   8]    26.7452 [0.000]    27.0529 [0.000]    28.0988 [0.000]    28.1760 [0.000]    28.1760 [0.000]
[kpt  82  15   9]    29.3022 [0.000]    29.3022 [0.000]    29.3187 [0.000]




KOHN SHAM EIGENVALUES [eV] AT K-POINT [ 83]:       0.500000      0.500000      0.500000

[kpt  83  15   0]   -46.2957 [2.000]   -22.5530 [2.000]   -22.5530 [2.000]   -22.5530 [2.000]   -14.1259 [2.000]
[kpt  83  15   1]    -5.6159 [2.000]    -5.6159 [2.000]    -5.6159 [2.000]    -0.2718 [2.000]    -0.2718 [2.000]
[kpt  83  15   2]    -0.2718 [2.000]     5.8260 [2.000]     6.4906 [2.000]     6.4906 [2.000]     7.9396 [2.000]
[kpt  83  15   3]     7.9396 [2.000]     7.9396 [2.000]    10.2790 [2.000]    10.2790 [2.000]    10.2790 [2.000]
[kpt  83  15   4]    14.5223 [0.000]    14.5223 [0.000]    14.5223 [0.000]    17.1069 [0.000]    17.1069 [0.000]
[kpt  83  15   5]    17.1069 [0.000]    18.0388 [0.000]    18.0388 [0.000]    20.6768 [0.000]    20.6768 [0.000]
[kpt  83  15   6]    21.0653 [0.000]    21.0653 [0.000]    21.0653 [0.000]    21.3445 [0.000]    21.9847 [0.000]
[kpt  83  15   7]    21.9847 [0.000]    21.9847 [0.000]    22.9507 [0.000]    26.5163 [0.000]    26.5163 [0.000]
[kpt  83  15   8]    26.5163 [0.000]    27.0939 [0.000]    28.1499 [0.000]    28.1499 [0.000]    28.1499 [0.000]
[kpt  83  15   9]    29.2334 [0.000]    29.2334 [0.000]    29.2334 [0.000]


spinup:  valence band maximum = 10.279023 eV, conduction band minumm = 12.123025 eV
spinup:  Band gap = 1.844002 eV

Total charge in supercell =      40.00000000
 quench: [md:   0/100  scf:  15/20  step time:   4.68  scf time:    80.26 secs  RMS[dV]: 5.66e-06 ]


average potential <V> = 8.74e-08
Davidson converged in 2 steps
Davidson converged in 2 steps
Davidson converged in 2 steps
Davidson converged in 2 steps
Davidson converged in 2 steps
Davidson converged in 2 steps
Davidson converged in 2 steps

FERMI ENERGY =     11.30196327 eV
@@ EIGENVALUE SUM     =       -5.189427 Ha
@@ ION_ION            =     -103.531057 Ha
@@ ELECTROSTATIC      =      -29.390220 Ha
@@ VXC                =      -27.980640 Ha
@@ EXC                =      -21.520477 Ha
@@ TOTAL ENERGY       =     -131.650542 Ha
@@ estimated error    =        3.42e-10 Ha

Diagonalization using lapack for step=16  count=8


Diagonalization using lapack for step=16  count=9


Diagonalization using lapack for step=16  count=10


Diagonalization using lapack for step=16  count=11


Diagonalization using lapack for step=16  count=12


Diagonalization using lapack for step=16  count=13


Diagonalization using lapack for step=16  count=14

@@ EIGENVALUE SUM     =       -5.189427 Ha
@@ ION_ION            =     -103.531057 Ha
@@ ELECTROSTATIC      =      -29.390220 Ha
@@ VXC                =      -27.980640 Ha
@@ EXC                =      -21.520477 Ha
@@ TOTAL ENERGY       =     -131.650542 Ha
@@ estimated error    =        1.77e-11 Ha
Charge density mixing: Broyden
 quench: [md:   0/100  scf:  16/20  step time:   5.68  scf time:    85.94 secs  RMS[dV]: 7.55e-06 ]



 Convergence criterion reached: Energy variation (1.77e-11) is lower than threshold (1.00e-10)

potential convergence has been achieved. stopping ...

[   0  17   17       94 ] common_prototypes1.h: 
final total energy from eig sum =    -131.65054181 Ha


KOHN SHAM EIGENVALUES [eV] AT K-POINT [  0]:       0.000000      0.000000      0.000000

[kpt   0  17   0]   -46.2985 [2.000]   -22.5074 [2.000]   -22.5074 [2.000]   -22.5074 [2.000]   -14.3855 [2.000]
[kpt   0  17   1]    -6.5258 [2.000]    -5.8524 [2.000]    -5.8524 [2.000]     0.4362 [2.000]     0.4362 [2.000]
[kpt   0  17   2]     0.4362 [2.000]     8.0046 [2.000]     8.0046 [2.000]     8.0046 [2.000]     9.1783 [2.000]
[kpt   0  17   3]     9.1783 [2.000]     9.1783 [2.000]    10.1638 [2.000]    10.1638 [2.000]    10.1638 [2.000]
[kpt   0  17   4]    12.1230 [0.000]    12.1230 [0.000]    12.1230 [0.000]    14.3068 [0.000]    14.3068 [0.000]
[kpt   0  17   5]    15.4594 [0.000]    15.4594 [0.000]    17.7076 [0.000]    18.9393 [0.000]    18.9393 [0.000]
[kpt   0  17   6]    18.9393 [0.000]    21.4156 [0.000]    21.7444 [0.000]    21.7444 [0.000]    21.7444 [0.000]
[kpt   0  17   7]    21.8788 [0.000]    21.8788 [0.000]    21.8788 [0.000]    25.2437 [0.000]    27.9763 [0.000]
[kpt   0  17   8]    27.9763 [0.000]    27.9763 [0.000]    31.1714 [0.000]    31.1714 [0.000]    31.1714 [0.000]
[kpt   0  17   9]    33.3137 [0.000]    33.3137 [0.000]    33.3137 [0.000]




KOHN SHAM EIGENVALUES [eV] AT K-POINT [  1]:       0.000000      0.000000      0.083333

[kpt   1  17   0]   -46.2985 [2.000]   -22.5109 [2.000]   -22.5073 [2.000]   -22.5073 [2.000]   -14.3777 [2.000]
[kpt   1  17   1]    -6.5273 [2.000]    -5.8503 [2.000]    -5.8490 [2.000]     0.4470 [2.000]     0.4470 [2.000]
[kpt   1  17   2]     0.4642 [2.000]     7.8881 [2.000]     7.9871 [2.000]     7.9871 [2.000]     9.0977 [2.000]
[kpt   1  17   3]     9.0977 [2.000]     9.1195 [2.000]     9.9757 [2.000]    10.1087 [2.000]    10.1087 [2.000]
[kpt   1  17   4]    12.1314 [0.000]    12.2708 [0.000]    12.2708 [0.000]    14.3072 [0.000]    14.5118 [0.000]
[kpt   1  17   5]    15.5857 [0.000]    15.5906 [0.000]    17.8753 [0.000]    18.9168 [0.000]    19.0136 [0.000]
[kpt   1  17   6]    19.0136 [0.000]    21.4141 [0.000]    21.7007 [0.000]    21.7456 [0.000]    21.7456 [0.000]
[kpt   1  17   7]    21.8533 [0.000]    21.8740 [0.000]    21.8740 [0.000]    25.2898 [0.000]    27.9676 [0.000]
[kpt   1  17   8]    27.9893 [0.000]    27.9893 [0.000]    30.8734 [0.000]    31.0706 [0.000]    31.0706 [0.000]
[kpt   1  17   9]    32.8422 [0.000]    33.0126 [0.000]    33.3296 [0.000]




KOHN SHAM EIGENVALUES [eV] AT K-POINT [  2]:       0.000000      0.000000      0.166667

[kpt   2  17   0]   -46.2983 [2.000]   -22.5203 [2.000]   -22.5069 [2.000]   -22.5069 [2.000]   -14.3565 [2.000]
[kpt   2  17   1]    -6.5449 [2.000]    -5.8444 [2.000]    -5.8240 [2.000]     0.4770 [2.000]     0.4770 [2.000]
[kpt   2  17   2]     0.5402 [2.000]     7.5722 [2.000]     7.9306 [2.000]     7.9306 [2.000]     8.9085 [2.000]
[kpt   2  17   3]     8.9085 [2.000]     8.9670 [2.000]     9.5476 [2.000]     9.9822 [2.000]     9.9822 [2.000]
[kpt   2  17   4]    12.1545 [0.000]    12.6324 [0.000]    12.6324 [0.000]    14.3081 [0.000]    14.9850 [0.000]
[kpt   2  17   5]    15.9315 [0.000]    15.9624 [0.000]    18.3578 [0.000]    18.8551 [0.000]    19.2145 [0.000]
[kpt   2  17   6]    19.2145 [0.000]    21.4102 [0.000]    21.5730 [0.000]    21.7488 [0.000]    21.7488 [0.000]
[kpt   2  17   7]    21.7769 [0.000]    21.8591 [0.000]    21.8591 [0.000]    25.3910 [0.000]    27.9359 [0.000]
[kpt   2  17   8]    28.0361 [0.000]    28.0361 [0.000]    30.3733 [0.000]    30.7927 [0.000]    30.7928 [0.000]
[kpt   2  17   9]    31.5000 [0.000]    32.4756 [0.000]    33.3820 [0.000]




KOHN SHAM EIGENVALUES [eV] AT K-POINT [  3]:       0.000000      0.000000      0.250000

[kpt   3  17   0]   -46.2980 [2.000]   -22.5331 [2.000]   -22.5064 [2.000]   -22.5064 [2.000]   -14.3272 [2.000]
[kpt   3  17   1]    -6.5952 [2.000]    -5.8363 [2.000]    -5.7579 [2.000]     0.5187 [2.000]     0.5187 [2.000]
[kpt   3  17   2]     0.6429 [2.000]     7.1470 [2.000]     7.8306 [2.000]     7.8306 [2.000]     8.7127 [2.000]
[kpt   3  17   3]     8.7127 [2.000]     8.7749 [2.000]     9.0875 [2.000]     9.8390 [2.000]     9.8390 [2.000]
[kpt   3  17   4]    12.1865 [0.000]    13.0674 [0.000]    13.0674 [0.000]    14.3093 [0.000]    15.5021 [0.000]
[kpt   3  17   5]    16.4124 [0.000]    16.5155 [0.000]    18.7706 [0.000]    19.0880 [0.000]    19.4853 [0.000]
[kpt   3  17   6]    19.4853 [0.000]    21.3821 [0.000]    21.4048 [0.000]    21.6530 [0.000]    21.7532 [0.000]
[kpt   3  17   7]    21.7532 [0.000]    21.8339 [0.000]    21.8339 [0.000]    25.4264 [0.000]    27.7463 [0.000]
[kpt   3  17   8]    28.1382 [0.000]    28.1382 [0.000]    29.9423 [0.000]    30.3122 [0.000]    30.3939 [0.000]
[kpt   3  17   9]    30.3939 [0.000]    31.8535 [0.000]    33.4899 [0.000]




KOHN SHAM EIGENVALUES [eV] AT K-POINT [  4]:       0.000000      0.000000      0.333333

[kpt   4  17   0]   -46.2978 [2.000]   -22.5459 [2.000]   -22.5059 [2.000]   -22.5059 [2.000]   -14.2974 [2.000]
[kpt   4  17   1]    -6.6656 [2.000]    -5.8282 [2.000]    -5.6651 [2.000]     0.5615 [2.000]     0.5615 [2.000]
[kpt   4  17   2]     0.7444 [2.000]     6.7308 [2.000]     7.7043 [2.000]     7.7043 [2.000]     8.5746 [2.000]
[kpt   4  17   3]     8.5746 [2.000]     8.5980 [2.000]     8.7116 [2.000]     9.7137 [2.000]     9.7137 [2.000]
[kpt   4  17   4]    12.2192 [0.000]    13.4648 [0.000]    13.4648 [0.000]    14.3105 [0.000]    15.9289 [0.000]
[kpt   4  17   5]    16.9161 [0.000]    17.1549 [0.000]    18.6856 [0.000]    19.7524 [0.000]    19.7524 [0.000]
[kpt   4  17   6]    19.8973 [0.000]    21.2450 [0.000]    21.3995 [0.000]    21.4977 [0.000]    21.7578 [0.000]
[kpt   4  17   7]    21.7578 [0.000]    21.8007 [0.000]    21.8007 [0.000]    25.1563 [0.000]    27.1164 [0.000]
[kpt   4  17   8]    28.3215 [0.000]    28.3215 [0.000]    29.6319 [0.000]    29.9343 [0.000]    29.9343 [0.000]
[kpt   4  17   9]    30.1190 [0.000]    31.2838 [0.000]    33.8413 [0.000]




KOHN SHAM EIGENVALUES [eV] AT K-POINT [  5]:       0.000000      0.000000      0.416667

[kpt   5  17   0]   -46.2976 [2.000]   -22.5552 [2.000]   -22.5056 [2.000]   -22.5056 [2.000]   -14.2753 [2.000]
[kpt   5  17   1]    -6.7248 [2.000]    -5.8222 [2.000]    -5.5851 [2.000]     0.5936 [2.000]     0.5936 [2.000]
[kpt   5  17   2]     0.8181 [2.000]     6.4325 [2.000]     7.5985 [2.000]     7.5985 [2.000]     8.4703 [2.000]
[kpt   5  17   3]     8.4765 [2.000]     8.5011 [2.000]     8.5011 [2.000]     9.6297 [2.000]     9.6297 [2.000]
[kpt   5  17   4]    12.2435 [0.000]    13.7416 [0.000]    13.7416 [0.000]    14.3113 [0.000]    16.2035 [0.000]
[kpt   5  17   5]    17.3106 [0.000]    17.7267 [0.000]    18.6232 [0.000]    19.9467 [0.000]    19.9467 [0.000]
[kpt   5  17   6]    20.2420 [0.000]    21.3544 [0.000]    21.3957 [0.000]    21.6887 [0.000]    21.7612 [0.000]
[kpt   5  17   7]    21.7612 [0.000]    21.7695 [0.000]    21.7695 [0.000]    24.3101 [0.000]    26.6023 [0.000]
[kpt   5  17   8]    28.5982 [0.000]    28.5982 [0.000]    29.4476 [0.000]    29.4683 [0.000]    29.4683 [0.000]
[kpt   5  17   9]    30.8078 [0.000]    30.8871 [0.000]    33.3597 [0.000]




KOHN SHAM EIGENVALUES [eV] AT K-POINT [  6]:       0.000000      0.000000      0.500000

[kpt   6  17   0]   -46.2976 [2.000]   -22.5586 [2.000]   -22.5054 [2.000]   -22.5054 [2.000]   -14.2672 [2.000]
[kpt   6  17   1]    -6.7475 [2.000]    -5.8200 [2.000]    -5.5538 [2.000]     0.6056 [2.000]     0.6056 [2.000]
[kpt   6  17   2]     0.8450 [2.000]     6.3248 [2.000]     7.5577 [2.000]     7.5577 [2.000]     8.3873 [2.000]
[kpt   6  17   3]     8.4335 [2.000]     8.4787 [2.000]     8.4787 [2.000]     9.6002 [2.000]     9.6002 [2.000]
[kpt   6  17   4]    12.2525 [0.000]    13.8408 [0.000]    13.8408 [0.000]    14.3116 [0.000]    16.2978 [0.000]
[kpt   6  17   5]    17.4632 [0.000]    17.9788 [0.000]    18.6003 [0.000]    20.0177 [0.000]    20.0177 [0.000]
[kpt   6  17   6]    20.1954 [0.000]    21.2932 [0.000]    21.3943 [0.000]    21.7553 [0.000]    21.7553 [0.000]
[kpt   6  17   7]    21.7634 [0.000]    21.7635 [0.000]    22.4065 [0.000]    23.4887 [0.000]    26.4697 [0.000]
[kpt   6  17   8]    28.8663 [0.000]    28.8663 [0.000]    29.1338 [0.000]    29.1338 [0.000]    29.3867 [0.000]
[kpt   6  17   9]    30.7452 [0.000]    31.7860 [0.000]    32.1329 [0.000]




KOHN SHAM EIGENVALUES [eV] AT K-POINT [  7]:       0.000000      0.083333      0.083333

[kpt   7  17   0]   -46.2984 [2.000]   -22.5108 [2.000]   -22.5106 [2.000]   -22.5071 [2.000]   -14.3702 [2.000]
[kpt   7  17   1]    -6.5260 [2.000]    -5.8486 [2.000]    -5.8465 [2.000]     0.4348 [2.000]     0.4580 [2.000]
[kpt   7  17   2]     0.5099 [2.000]     7.8085 [2.000]     7.9337 [2.000]     7.9719 [2.000]     8.9173 [2.000]
[kpt   7  17   3]     9.0203 [2.000]     9.1840 [2.000]     9.8344 [2.000]    10.0349 [2.000]    10.0491 [2.000]
[kpt   7  17   4]    12.2560 [0.000]    12.3000 [0.000]    12.3884 [0.000]    14.4087 [0.000]    14.6179 [0.000]
[kpt   7  17   5]    15.7066 [0.000]    15.7192 [0.000]    18.0134 [0.000]    18.9728 [0.000]    19.0137 [0.000]
[kpt   7  17   6]    19.0995 [0.000]    21.4104 [0.000]    21.6879 [0.000]    21.7136 [0.000]    21.7470 [0.000]
[kpt   7  17   7]    21.8326 [0.000]    21.8688 [0.000]    21.8693 [0.000]    25.3342 [0.000]    27.7976 [0.000]
[kpt   7  17   8]    27.9951 [0.000]    28.1613 [0.000]    30.4682 [0.000]    30.9600 [0.000]    31.2508 [0.000]
[kpt   7  17   9]    32.5766 [0.000]    32.8846 [0.000]    33.1414 [0.000]




KOHN SHAM EIGENVALUES [eV] AT K-POINT [  8]:       0.000000      0.083333      0.166667

[kpt   8  17   0]   -46.2982 [2.000]   -22.5201 [2.000]   -22.5103 [2.000]   -22.5068 [2.000]   -14.3494 [2.000]
[kpt   8  17   1]    -6.5358 [2.000]    -5.8419 [2.000]    -5.8262 [2.000]     0.4486 [2.000]     0.4883 [2.000]
[kpt   8  17   2]     0.5870 [2.000]     7.5207 [2.000]     7.8544 [2.000]     7.9218 [2.000]     8.6665 [2.000]
[kpt   8  17   3]     8.8365 [2.000]     9.1283 [2.000]     9.4684 [2.000]     9.9126 [2.000]     9.9148 [2.000]
[kpt   8  17   4]    12.2944 [0.000]    12.6410 [0.000]    12.6979 [0.000]    14.4466 [0.000]    15.0609 [0.000]
[kpt   8  17   5]    16.0360 [0.000]    16.0870 [0.000]    18.4102 [0.000]    18.9327 [0.000]    19.2052 [0.000]
[kpt   8  17   6]    19.3382 [0.000]    21.4006 [0.000]    21.5701 [0.000]    21.6979 [0.000]    21.7506 [0.000]
[kpt   8  17   7]    21.7699 [0.000]    21.8547 [0.000]    21.8570 [0.000]    25.4333 [0.000]    27.6245 [0.000]
[kpt   8  17   8]    28.0192 [0.000]    28.3371 [0.000]    29.9650 [0.000]    30.6588 [0.000]    31.1726 [0.000]
[kpt   8  17   9]    31.4297 [0.000]    32.4247 [0.000]    33.0473 [0.000]




KOHN SHAM EIGENVALUES [eV] AT K-POINT [  9]:       0.000000      0.083333      0.250000

[kpt   9  17   0]   -46.2980 [2.000]   -22.5329 [2.000]   -22.5098 [2.000]   -22.5063 [2.000]   -14.3208 [2.000]
[kpt   9  17   1]    -6.5763 [2.000]    -5.8325 [2.000]    -5.7662 [2.000]     0.4865 [2.000]     0.5306 [2.000]
[kpt   9  17   2]     0.6720 [2.000]     7.1141 [2.000]     7.7495 [2.000]     7.8292 [2.000]     8.4052 [2.000]
[kpt   9  17   3]     8.6445 [2.000]     8.9380 [2.000]     9.1646 [2.000]     9.7592 [2.000]     9.7714 [2.000]
[kpt   9  17   4]    12.3243 [0.000]    13.0725 [0.000]    13.0970 [0.000]    14.4533 [0.000]    15.5805 [0.000]
[kpt   9  17   5]    16.4972 [0.000]    16.6360 [0.000]    18.8580 [0.000]    18.9790 [0.000]    19.4822 [0.000]
[kpt   9  17   6]    19.7010 [0.000]    21.3859 [0.000]    21.3877 [0.000]    21.6259 [0.000]    21.7306 [0.000]
[kpt   9  17   7]    21.7555 [0.000]    21.8298 [0.000]    21.8345 [0.000]    25.4674 [0.000]    27.4469 [0.000]
[kpt   9  17   8]    28.0790 [0.000]    28.3620 [0.000]    29.5387 [0.000]    30.2256 [0.000]    30.3465 [0.000]
[kpt   9  17   9]    30.8844 [0.000]    31.8668 [0.000]    32.9789 [0.000]




KOHN SHAM EIGENVALUES [eV] AT K-POINT [ 10]:       0.000000      0.083333      0.333333

[kpt  10  17   0]   -46.2977 [2.000]   -22.5457 [2.000]   -22.5093 [2.000]   -22.5058 [2.000]   -14.2917 [2.000]
[kpt  10  17   1]    -6.6390 [2.000]    -5.8231 [2.000]    -5.6776 [2.000]     0.5340 [2.000]     0.5741 [2.000]
[kpt  10  17   2]     0.7462 [2.000]     6.7101 [2.000]     7.6395 [2.000]     7.7075 [2.000]     8.1563 [2.000]
[kpt  10  17   3]     8.5105 [2.000]     8.6971 [2.000]     9.0355 [2.000]     9.6257 [2.000]     9.6277 [2.000]
[kpt  10  17   4]    12.3544 [0.000]    13.4676 [0.000]    13.4781 [0.000]    14.4551 [0.000]    16.0119 [0.000]
[kpt  10  17   5]    16.9853 [0.000]    17.2727 [0.000]    18.7822 [0.000]    19.4782 [0.000]    19.7557 [0.000]
[kpt  10  17   6]    20.1759 [0.000]    21.2699 [0.000]    21.3763 [0.000]    21.5052 [0.000]    21.7274 [0.000]
[kpt  10  17   7]    21.7604 [0.000]    21.7970 [0.000]    21.8029 [0.000]    25.1818 [0.000]    27.0528 [0.000]
[kpt  10  17   8]    28.1653 [0.000]    28.1923 [0.000]    29.2121 [0.000]    29.7527 [0.000]    30.3025 [0.000]
[kpt  10  17   9]    30.5345 [0.000]    31.3442 [0.000]    32.9043 [0.000]




KOHN SHAM EIGENVALUES [eV] AT K-POINT [ 11]:       0.000000      0.083333      0.416667

[kpt  11  17   0]   -46.2976 [2.000]   -22.5550 [2.000]   -22.5089 [2.000]   -22.5054 [2.000]   -14.2701 [2.000]
[kpt  11  17   1]    -6.6935 [2.000]    -5.8163 [2.000]    -5.5998 [2.000]     0.5732 [2.000]     0.6066 [2.000]
[kpt  11  17   2]     0.7953 [2.000]     6.4178 [2.000]     7.5637 [2.000]     7.6031 [2.000]     7.9651 [2.000]
[kpt  11  17   3]     8.4411 [2.000]     8.5445 [2.000]     8.9845 [2.000]     9.5174 [2.000]     9.5362 [2.000]
[kpt  11  17   4]    12.3767 [0.000]    13.7432 [0.000]    13.7508 [0.000]    14.4548 [0.000]    16.2892 [0.000]
[kpt  11  17   5]    17.3738 [0.000]    17.8451 [0.000]    18.7262 [0.000]    19.7255 [0.000]    19.9537 [0.000]
[kpt  11  17   6]    20.3337 [0.000]    21.3696 [0.000]    21.3802 [0.000]    21.7139 [0.000]    21.7623 [0.000]
[kpt  11  17   7]    21.7650 [0.000]    21.7673 [0.000]    21.8079 [0.000]    24.3182 [0.000]    26.6243 [0.000]
[kpt  11  17   8]    28.3062 [0.000]    28.3506 [0.000]    28.9752 [0.000]    29.2688 [0.000]    30.2449 [0.000]
[kpt  11  17   9]    30.9469 [0.000]    31.0693 [0.000]    32.8344 [0.000]




KOHN SHAM EIGENVALUES [eV] AT K-POINT [ 12]:       0.000000      0.083333      0.500000

[kpt  12  17   0]   -46.2975 [2.000]   -22.5584 [2.000]   -22.5088 [2.000]   -22.5053 [2.000]   -14.2622 [2.000]
[kpt  12  17   1]    -6.7146 [2.000]    -5.8138 [2.000]    -5.5692 [2.000]     0.5885 [2.000]     0.6187 [2.000]
[kpt  12  17   2]     0.8121 [2.000]     6.3117 [2.000]     7.5392 [2.000]     7.5625 [2.000]     7.8918 [2.000]
[kpt  12  17   3]     8.4203 [2.000]     8.4936 [2.000]     8.9728 [2.000]     9.4751 [2.000]     9.5048 [2.000]
[kpt  12  17   4]    12.3850 [0.000]    13.8421 [0.000]    13.8500 [0.000]    14.4542 [0.000]    16.3844 [0.000]
[kpt  12  17   5]    17.5263 [0.000]    18.0994 [0.000]    18.7056 [0.000]    19.7901 [0.000]    20.0258 [0.000]
[kpt  12  17   6]    20.2543 [0.000]    21.3473 [0.000]    21.3678 [0.000]    21.7196 [0.000]    21.7511 [0.000]
[kpt  12  17   7]    21.7611 [0.000]    21.7662 [0.000]    22.5216 [0.000]    23.4757 [0.000]    26.5008 [0.000]
[kpt  12  17   8]    28.4538 [0.000]    28.5311 [0.000]    28.8608 [0.000]    28.9532 [0.000]    30.1293 [0.000]
[kpt  12  17   9]    30.8373 [0.000]    31.9554 [0.000]    32.3863 [0.000]




KOHN SHAM EIGENVALUES [eV] AT K-POINT [ 13]:       0.000000      0.166667      0.166667

[kpt  13  17   0]   -46.2980 [2.000]   -22.5200 [2.000]   -22.5194 [2.000]   -22.5064 [2.000]   -14.3300 [2.000]
[kpt  13  17   1]    -6.5222 [2.000]    -5.8379 [2.000]    -5.8162 [2.000]     0.4298 [2.000]     0.5198 [2.000]
[kpt  13  17   2]     0.6549 [2.000]     7.3376 [2.000]     7.6913 [2.000]     7.8900 [2.000]     8.3582 [2.000]
[kpt  13  17   3]     8.6603 [2.000]     9.1981 [2.000]     9.2190 [2.000]     9.7526 [2.000]     9.8432 [2.000]
[kpt  13  17   4]    12.5943 [0.000]    12.7089 [0.000]    12.8999 [0.000]    14.6349 [0.000]    15.3732 [0.000]
[kpt  13  17   5]    16.3199 [0.000]    16.4482 [0.000]    18.5946 [0.000]    19.0974 [0.000]    19.2250 [0.000]
[kpt  13  17   6]    19.6548 [0.000]    21.3747 [0.000]    21.5413 [0.000]    21.6051 [0.000]    21.7113 [0.000]
[kpt  13  17   7]    21.7555 [0.000]    21.8409 [0.000]    21.8561 [0.000]    25.5365 [0.000]    27.2655 [0.000]
[kpt  13  17   8]    27.9698 [0.000]    28.6499 [0.000]    29.4908 [0.000]    30.3087 [0.000]    30.9706 [0.000]
[kpt  13  17   9]    31.4896 [0.000]    31.9718 [0.000]    32.6307 [0.000]




KOHN SHAM EIGENVALUES [eV] AT K-POINT [ 14]:       0.000000      0.166667      0.250000

[kpt  14  17   0]   -46.2978 [2.000]   -22.5325 [2.000]   -22.5191 [2.000]   -22.5059 [2.000]   -14.3032 [2.000]
[kpt  14  17   1]    -6.5312 [2.000]    -5.8261 [2.000]    -5.7766 [2.000]     0.4418 [2.000]     0.5637 [2.000]
[kpt  14  17   2]     0.7075 [2.000]     7.0151 [2.000]     7.5395 [2.000]     7.8216 [2.000]     8.0320 [2.000]
[kpt  14  17   3]     8.4704 [2.000]     8.9326 [2.000]     9.2283 [2.000]     9.5733 [2.000]     9.7653 [2.000]
[kpt  14  17   4]    12.6629 [0.000]    13.0888 [0.000]    13.2087 [0.000]    14.7078 [0.000]    15.8529 [0.000]
[kpt  14  17   5]    16.7255 [0.000]    16.9892 [0.000]    18.9021 [0.000]    19.0911 [0.000]    19.4786 [0.000]
[kpt  14  17   6]    20.0752 [0.000]    21.3408 [0.000]    21.3994 [0.000]    21.5625 [0.000]    21.6481 [0.000]
[kpt  14  17   7]    21.7616 [0.000]    21.8172 [0.000]    21.8458 [0.000]    25.5866 [0.000]    26.9533 [0.000]
[kpt  14  17   8]    27.8967 [0.000]    28.6337 [0.000]    29.1494 [0.000]    29.8338 [0.000]    30.1997 [0.000]
[kpt  14  17   9]    31.4911 [0.000]    31.6872 [0.000]    32.2871 [0.000]




KOHN SHAM EIGENVALUES [eV] AT K-POINT [ 15]:       0.000000      0.166667      0.333333

[kpt  15  17   0]   -46.2976 [2.000]   -22.5451 [2.000]   -22.5185 [2.000]   -22.5054 [2.000]   -14.2760 [2.000]
[kpt  15  17   1]    -6.5674 [2.000]    -5.8120 [2.000]    -5.7066 [2.000]     0.4786 [2.000]     0.6088 [2.000]
[kpt  15  17   2]     0.7322 [2.000]     6.6549 [2.000]     7.4298 [2.000]     7.7159 [2.000]     7.7293 [2.000]
[kpt  15  17   3]     8.3413 [2.000]     8.7840 [2.000]     9.2141 [2.000]     9.4179 [2.000]     9.6482 [2.000]
[kpt  15  17   4]    12.6901 [0.000]    13.4758 [0.000]    13.5403 [0.000]    14.7321 [0.000]    16.2827 [0.000]
[kpt  15  17   5]    17.1711 [0.000]    17.6194 [0.000]    19.0446 [0.000]    19.2008 [0.000]    19.7667 [0.000]
[kpt  15  17   6]    20.4600 [0.000]    21.2924 [0.000]    21.3107 [0.000]    21.5725 [0.000]    21.6384 [0.000]
[kpt  15  17   7]    21.7669 [0.000]    21.7855 [0.000]    21.8218 [0.000]    25.2610 [0.000]    26.7931 [0.000]
[kpt  15  17   8]    27.8224 [0.000]    27.9468 [0.000]    28.9525 [0.000]    29.3193 [0.000]    30.3375 [0.000]
[kpt  15  17   9]    31.2975 [0.000]    31.4971 [0.000]    31.9987 [0.000]




KOHN SHAM EIGENVALUES [eV] AT K-POINT [ 16]:       0.000000      0.166667      0.416667

[kpt  16  17   0]   -46.2974 [2.000]   -22.5544 [2.000]   -22.5181 [2.000]   -22.5051 [2.000]   -14.2559 [2.000]
[kpt  16  17   1]    -6.6063 [2.000]    -5.8018 [2.000]    -5.6390 [2.000]     0.5228 [2.000]     0.6427 [2.000]
[kpt  16  17   2]     0.7311 [2.000]     6.3808 [2.000]     7.3761 [2.000]     7.5123 [2.000]     7.6164 [2.000]
[kpt  16  17   3]     8.2806 [2.000]     8.7114 [2.000]     9.2317 [2.000]     9.3136 [2.000]     9.5170 [2.000]
[kpt  16  17   4]    12.7088 [0.000]    13.7477 [0.000]    13.7942 [0.000]    14.7395 [0.000]    16.5632 [0.000]
[kpt  16  17   5]    17.5460 [0.000]    18.1934 [0.000]    19.0081 [0.000]    19.3412 [0.000]    19.9754 [0.000]
[kpt  16  17   6]    20.4446 [0.000]    21.2942 [0.000]    21.3780 [0.000]    21.5964 [0.000]    21.7527 [0.000]
[kpt  16  17   7]    21.7718 [0.000]    21.7887 [0.000]    22.0708 [0.000]    24.3496 [0.000]    26.6726 [0.000]
[kpt  16  17   8]    27.6898 [0.000]    27.7725 [0.000]    28.8341 [0.000]    28.8667 [0.000]    30.7820 [0.000]
[kpt  16  17   9]    31.0923 [0.000]    31.2537 [0.000]    32.1596 [0.000]




KOHN SHAM EIGENVALUES [eV] AT K-POINT [ 17]:       0.000000      0.166667      0.500000

[kpt  17  17   0]   -46.2973 [2.000]   -22.5578 [2.000]   -22.5180 [2.000]   -22.5050 [2.000]   -14.2485 [2.000]
[kpt  17  17   1]    -6.6224 [2.000]    -5.7981 [2.000]    -5.6114 [2.000]     0.5446 [2.000]     0.6553 [2.000]
[kpt  17  17   2]     0.7246 [2.000]     6.2793 [2.000]     7.3798 [2.000]     7.4160 [2.000]     7.5765 [2.000]
[kpt  17  17   3]     8.2640 [2.000]     8.6874 [2.000]     9.2643 [2.000]     9.2770 [2.000]     9.4421 [2.000]
[kpt  17  17   4]    12.7156 [0.000]    13.8455 [0.000]    13.8895 [0.000]    14.7406 [0.000]    16.6597 [0.000]
[kpt  17  17   5]    17.7014 [0.000]    18.4548 [0.000]    18.9945 [0.000]    19.3593 [0.000]    20.0506 [0.000]
[kpt  17  17   6]    20.3262 [0.000]    21.2904 [0.000]    21.4127 [0.000]    21.5925 [0.000]    21.7387 [0.000]
[kpt  17  17   7]    21.7724 [0.000]    21.7730 [0.000]    22.8200 [0.000]    23.4447 [0.000]    26.5928 [0.000]
[kpt  17  17   8]    27.7560 [0.000]    27.7851 [0.000]    28.5741 [0.000]    28.8457 [0.000]    31.0070 [0.000]
[kpt  17  17   9]    31.0418 [0.000]    31.0505 [0.000]    32.8991 [0.000]




KOHN SHAM EIGENVALUES [eV] AT K-POINT [ 18]:       0.000000      0.250000      0.250000

[kpt  18  17   0]   -46.2976 [2.000]   -22.5322 [2.000]   -22.5314 [2.000]   -22.5054 [2.000]   -14.2790 [2.000]
[kpt  18  17   1]    -6.4893 [2.000]    -5.8222 [2.000]    -5.7626 [2.000]     0.4211 [2.000]     0.6099 [2.000]
[kpt  18  17   2]     0.7138 [2.000]     6.8352 [2.000]     7.2954 [2.000]     7.6480 [2.000]     7.7941 [2.000]
[kpt  18  17   3]     8.2681 [2.000]     8.8296 [2.000]     9.2856 [2.000]     9.3635 [2.000]     9.8267 [2.000]
[kpt  18  17   4]    13.0258 [0.000]    13.1603 [0.000]    13.4172 [0.000]    14.8645 [0.000]    16.2891 [0.000]
[kpt  18  17   5]    17.0545 [0.000]    17.5258 [0.000]    18.9386 [0.000]    19.3472 [0.000]    19.5339 [0.000]
[kpt  18  17   6]    20.4427 [0.000]    21.2766 [0.000]    21.4140 [0.000]    21.4167 [0.000]    21.6368 [0.000]
[kpt  18  17   7]    21.7689 [0.000]    21.7953 [0.000]    21.8521 [0.000]    25.7337 [0.000]    26.4205 [0.000]
[kpt  18  17   8]    27.6332 [0.000]    28.7114 [0.000]    28.9436 [0.000]    29.3374 [0.000]    29.4168 [0.000]
[kpt  18  17   9]    31.6088 [0.000]    31.8835 [0.000]    32.0780 [0.000]




KOHN SHAM EIGENVALUES [eV] AT K-POINT [ 19]:       0.000000      0.250000      0.333333

[kpt  19  17   0]   -46.2973 [2.000]   -22.5444 [2.000]   -22.5311 [2.000]   -22.5050 [2.000]   -14.2545 [2.000]
[kpt  19  17   1]    -6.4754 [2.000]    -5.8066 [2.000]    -5.7276 [2.000]     0.4315 [2.000]     0.6575 [2.000]
[kpt  19  17   2]     0.6871 [2.000]     6.5700 [2.000]     7.1244 [2.000]     7.3178 [2.000]     7.7249 [2.000]
[kpt  19  17   3]     8.1259 [2.000]     8.8268 [2.000]     9.1814 [2.000]     9.2901 [2.000]     9.8422 [2.000]
[kpt  19  17   4]    13.0991 [0.000]    13.4891 [0.000]    13.6764 [0.000]    14.9328 [0.000]    16.7142 [0.000]
[kpt  19  17   5]    17.4338 [0.000]    18.1555 [0.000]    18.9977 [0.000]    19.3979 [0.000]    19.7911 [0.000]
[kpt  19  17   6]    20.6781 [0.000]    21.2155 [0.000]    21.2603 [0.000]    21.4094 [0.000]    21.7646 [0.000]
[kpt  19  17   7]    21.7754 [0.000]    21.8404 [0.000]    21.8484 [0.000]    25.3934 [0.000]    26.2807 [0.000]
[kpt  19  17   8]    27.3887 [0.000]    27.8895 [0.000]    28.8136 [0.000]    28.8580 [0.000]    29.3060 [0.000]
[kpt  19  17   9]    31.7192 [0.000]    31.9717 [0.000]    32.0164 [0.000]




KOHN SHAM EIGENVALUES [eV] AT K-POINT [ 20]:       0.000000      0.250000      0.416667

[kpt  20  17   0]   -46.2972 [2.000]   -22.5536 [2.000]   -22.5307 [2.000]   -22.5046 [2.000]   -14.2363 [2.000]
[kpt  20  17   1]    -6.4829 [2.000]    -5.7884 [2.000]    -5.6877 [2.000]     0.4652 [2.000]     0.6405 [2.000]
[kpt  20  17   2]     0.6932 [2.000]     6.3299 [2.000]     6.9977 [2.000]     7.1501 [2.000]     7.6372 [2.000]
[kpt  20  17   3]     8.0691 [2.000]     8.8963 [2.000]     9.0584 [2.000]     9.2437 [2.000]     9.8226 [2.000]
[kpt  20  17   4]    13.1164 [0.000]    13.7543 [0.000]    13.8938 [0.000]    14.9596 [0.000]    17.0004 [0.000]
[kpt  20  17   5]    17.7873 [0.000]    18.7387 [0.000]    18.9667 [0.000]    19.3965 [0.000]    20.0127 [0.000]
[kpt  20  17   6]    20.5524 [0.000]    21.1788 [0.000]    21.3477 [0.000]    21.3991 [0.000]    21.7335 [0.000]
[kpt  20  17   7]    21.7791 [0.000]    21.8086 [0.000]    22.3870 [0.000]    24.4158 [0.000]    26.5498 [0.000]
[kpt  20  17   8]    27.1669 [0.000]    27.2303 [0.000]    28.3842 [0.000]    28.8300 [0.000]    29.4616 [0.000]
[kpt  20  17   9]    31.3978 [0.000]    31.9040 [0.000]    32.6268 [0.000]




KOHN SHAM EIGENVALUES [eV] AT K-POINT [ 21]:       0.000000      0.250000      0.500000

[kpt  21  17   0]   -46.2971 [2.000]   -22.5570 [2.000]   -22.5305 [2.000]   -22.5045 [2.000]   -14.2297 [2.000]
[kpt  21  17   1]    -6.4889 [2.000]    -5.7814 [2.000]    -5.6696 [2.000]     0.4905 [2.000]     0.6103 [2.000]
[kpt  21  17   2]     0.7065 [2.000]     6.2357 [2.000]     6.9381 [2.000]     7.1141 [2.000]     7.5986 [2.000]
[kpt  21  17   3]     8.0569 [2.000]     8.9459 [2.000]     9.0149 [2.000]     9.2057 [2.000]     9.8094 [2.000]
[kpt  21  17   4]    13.1220 [0.000]    13.8506 [0.000]    13.9788 [0.000]    14.9663 [0.000]    17.0994 [0.000]
[kpt  21  17   5]    17.9548 [0.000]    18.9091 [0.000]    19.0190 [0.000]    19.3949 [0.000]    20.0926 [0.000]
[kpt  21  17   6]    20.3940 [0.000]    21.1694 [0.000]    21.3882 [0.000]    21.4435 [0.000]    21.7190 [0.000]
[kpt  21  17   7]    21.7804 [0.000]    21.7831 [0.000]    23.1884 [0.000]    23.4188 [0.000]    26.7377 [0.000]
[kpt  21  17   8]    26.9037 [0.000]    27.1770 [0.000]    28.1931 [0.000]    28.8249 [0.000]    29.5336 [0.000]
[kpt  21  17   9]    31.2640 [0.000]    31.8579 [0.000]    33.4358 [0.000]




KOHN SHAM EIGENVALUES [eV] AT K-POINT [ 22]:       0.000000      0.333333      0.333333

[kpt  22  17   0]   -46.2971 [2.000]   -22.5440 [2.000]   -22.5434 [2.000]   -22.5045 [2.000]   -14.2327 [2.000]
[kpt  22  17   1]    -6.3968 [2.000]    -5.8054 [2.000]    -5.7272 [2.000]     0.4109 [2.000]     0.6187 [2.000]
[kpt  22  17   2]     0.7076 [2.000]     6.4301 [2.000]     6.8810 [2.000]     6.9397 [2.000]     7.7162 [2.000]
[kpt  22  17   3]     7.9428 [2.000]     8.9295 [2.000]     8.9752 [2.000]     9.3581 [2.000]     9.9778 [2.000]
[kpt  22  17   4]    13.4435 [0.000]    13.5364 [0.000]    13.8671 [0.000]    15.0324 [0.000]    17.1550 [0.000]
[kpt  22  17   5]    17.7368 [0.000]    18.7948 [0.000]    18.8409 [0.000]    19.7029 [0.000]    19.8701 [0.000]
[kpt  22  17   6]    20.8313 [0.000]    21.1153 [0.000]    21.1766 [0.000]    21.2429 [0.000]    21.7369 [0.000]
[kpt  22  17   7]    21.7810 [0.000]    21.8421 [0.000]    22.1941 [0.000]    25.3815 [0.000]    25.7389 [0.000]
[kpt  22  17   8]    27.0367 [0.000]    27.8027 [0.000]    28.1938 [0.000]    28.4069 [0.000]    28.8210 [0.000]
[kpt  22  17   9]    31.6360 [0.000]    32.4097 [0.000]    32.5110 [0.000]




KOHN SHAM EIGENVALUES [eV] AT K-POINT [ 23]:       0.000000      0.333333      0.416667

[kpt  23  17   0]   -46.2969 [2.000]   -22.5528 [2.000]   -22.5431 [2.000]   -22.5041 [2.000]   -14.2166 [2.000]
[kpt  23  17   1]    -6.3541 [2.000]    -5.7887 [2.000]    -5.7251 [2.000]     0.4210 [2.000]     0.5459 [2.000]
[kpt  23  17   2]     0.7453 [2.000]     6.2534 [2.000]     6.6798 [2.000]     6.7851 [2.000]     7.6615 [2.000]
[kpt  23  17   3]     7.8665 [2.000]     8.8354 [2.000]     9.0834 [2.000]     9.3500 [2.000]    10.0396 [2.000]
[kpt  23  17   4]    13.4942 [0.000]    13.7615 [0.000]    14.0403 [0.000]    15.0741 [0.000]    17.4616 [0.000]
[kpt  23  17   5]    18.0438 [0.000]    18.6726 [0.000]    19.3998 [0.000]    19.7905 [0.000]    20.0655 [0.000]
[kpt  23  17   6]    20.6551 [0.000]    21.0450 [0.000]    21.1541 [0.000]    21.3360 [0.000]    21.7074 [0.000]
[kpt  23  17   7]    21.7841 [0.000]    21.8108 [0.000]    22.6964 [0.000]    24.4935 [0.000]    25.8610 [0.000]
[kpt  23  17   8]    26.8170 [0.000]    27.1684 [0.000]    27.9957 [0.000]    28.2138 [0.000]    28.8070 [0.000]
[kpt  23  17   9]    31.4411 [0.000]    32.5799 [0.000]    33.0866 [0.000]




KOHN SHAM EIGENVALUES [eV] AT K-POINT [ 24]:       0.000000      0.333333      0.500000

[kpt  24  17   0]   -46.2969 [2.000]   -22.5562 [2.000]   -22.5430 [2.000]   -22.5040 [2.000]   -14.2106 [2.000]
[kpt  24  17   1]    -6.3427 [2.000]    -5.7739 [2.000]    -5.7283 [2.000]     0.4425 [2.000]     0.5021 [2.000]
[kpt  24  17   2]     0.7593 [2.000]     6.1722 [2.000]     6.5985 [2.000]     6.7580 [2.000]     7.6258 [2.000]
[kpt  24  17   3]     7.8563 [2.000]     8.7857 [2.000]     9.1975 [2.000]     9.2912 [2.000]    10.0556 [2.000]
[kpt  24  17   4]    13.4994 [0.000]    13.8559 [0.000]    14.1109 [0.000]    15.0851 [0.000]    17.5686 [0.000]
[kpt  24  17   5]    18.2395 [0.000]    18.5322 [0.000]    19.7227 [0.000]    19.8076 [0.000]    20.1503 [0.000]
[kpt  24  17   6]    20.4402 [0.000]    21.0232 [0.000]    21.1484 [0.000]    21.4664 [0.000]    21.6934 [0.000]
[kpt  24  17   7]    21.7717 [0.000]    21.7850 [0.000]    23.4390 [0.000]    23.5285 [0.000]    25.9571 [0.000]
[kpt  24  17   8]    26.7433 [0.000]    26.9138 [0.000]    27.8890 [0.000]    28.2332 [0.000]    28.8036 [0.000]
[kpt  24  17   9]    31.3492 [0.000]    32.6071 [0.000]    33.6544 [0.000]




KOHN SHAM EIGENVALUES [eV] AT K-POINT [ 25]:       0.000000      0.416667      0.416667

[kpt  25  17   0]   -46.2968 [2.000]   -22.5523 [2.000]   -22.5522 [2.000]   -22.5038 [2.000]   -14.2019 [2.000]
[kpt  25  17   1]    -6.2571 [2.000]    -5.7923 [2.000]    -5.7496 [2.000]     0.4031 [2.000]     0.4684 [2.000]
[kpt  25  17   2]     0.7845 [2.000]     6.1390 [2.000]     6.4639 [2.000]     6.5818 [2.000]     7.6728 [2.000]
[kpt  25  17   3]     7.7330 [2.000]     8.6838 [2.000]     9.2628 [2.000]     9.4184 [2.000]    10.1543 [2.000]
[kpt  25  17   4]    13.7488 [0.000]    13.7785 [0.000]    14.1786 [0.000]    15.1221 [0.000]    17.7950 [0.000]
[kpt  25  17   5]    18.2351 [0.000]    18.5107 [0.000]    19.9990 [0.000]    20.0649 [0.000]    20.1389 [0.000]
[kpt  25  17   6]    20.6449 [0.000]    20.9326 [0.000]    21.0248 [0.000]    21.3858 [0.000]    21.6801 [0.000]
[kpt  25  17   7]    21.7653 [0.000]    21.7857 [0.000]    23.0707 [0.000]    24.3656 [0.000]    25.1362 [0.000]
[kpt  25  17   8]    26.5611 [0.000]    27.2496 [0.000]    27.4172 [0.000]    27.7942 [0.000]    28.7926 [0.000]
[kpt  25  17   9]    31.3591 [0.000]    33.0131 [0.000]    33.5423 [0.000]




KOHN SHAM EIGENVALUES [eV] AT K-POINT [ 26]:       0.000000      0.416667      0.500000

[kpt  26  17   0]   -46.2967 [2.000]   -22.5556 [2.000]   -22.5521 [2.000]   -22.5037 [2.000]   -14.1965 [2.000]
[kpt  26  17   1]    -6.2217 [2.000]    -5.7802 [2.000]    -5.7715 [2.000]     0.4110 [2.000]     0.4268 [2.000]
[kpt  26  17   2]     0.7991 [2.000]     6.0752 [2.000]     6.3847 [2.000]     6.5346 [2.000]     7.6504 [2.000]
[kpt  26  17   3]     7.7128 [2.000]     8.6297 [2.000]     9.3775 [2.000]     9.3980 [2.000]    10.1888 [2.000]
[kpt  26  17   4]    13.7654 [0.000]    13.8599 [0.000]    14.2361 [0.000]    15.1346 [0.000]    17.9134 [0.000]
[kpt  26  17   5]    18.2845 [0.000]    18.4873 [0.000]    20.1236 [0.000]    20.2126 [0.000]    20.3336 [0.000]
[kpt  26  17   6]    20.4591 [0.000]    20.8892 [0.000]    21.0546 [0.000]    21.4900 [0.000]    21.6671 [0.000]
[kpt  26  17   7]    21.6869 [0.000]    21.7858 [0.000]    23.5839 [0.000]    23.7704 [0.000]    24.9746 [0.000]
[kpt  26  17   8]    26.4747 [0.000]    27.0762 [0.000]    27.4152 [0.000]    27.6852 [0.000]    28.7877 [0.000]
[kpt  26  17   9]    31.3049 [0.000]    33.1640 [0.000]    33.4592 [0.000]




KOHN SHAM EIGENVALUES [eV] AT K-POINT [ 27]:       0.000000      0.500000      0.500000

[kpt  27  17   0]   -46.2966 [2.000]   -22.5554 [2.000]   -22.5554 [2.000]   -22.5036 [2.000]   -14.1914 [2.000]
[kpt  27  17   1]    -6.1720 [2.000]    -5.7874 [2.000]    -5.7874 [2.000]     0.4002 [2.000]     0.4002 [2.000]
[kpt  27  17   2]     0.8139 [2.000]     6.0180 [2.000]     6.3116 [2.000]     6.4741 [2.000]     7.6609 [2.000]
[kpt  27  17   3]     7.6609 [2.000]     8.5740 [2.000]     9.4426 [2.000]     9.4426 [2.000]    10.2298 [2.000]
[kpt  27  17   4]    13.8614 [0.000]    13.8614 [0.000]    14.2882 [0.000]    15.1474 [0.000]    18.0382 [0.000]
[kpt  27  17   5]    18.1989 [0.000]    18.5930 [0.000]    20.2439 [0.000]    20.2439 [0.000]    20.4627 [0.000]
[kpt  27  17   6]    20.4627 [0.000]    20.8300 [0.000]    21.3106 [0.000]    21.5008 [0.000]    21.5008 [0.000]
[kpt  27  17   7]    21.6545 [0.000]    21.7854 [0.000]    23.8589 [0.000]    23.8589 [0.000]    24.3204 [0.000]
[kpt  27  17   8]    26.3837 [0.000]    27.1501 [0.000]    27.1501 [0.000]    27.6062 [0.000]    28.7818 [0.000]
[kpt  27  17   9]    31.2650 [0.000]    33.3895 [0.000]    33.4107 [0.000]




KOHN SHAM EIGENVALUES [eV] AT K-POINT [ 28]:       0.083333      0.083333      0.083333

[kpt  28  17   0]   -46.2983 [2.000]   -22.5108 [2.000]   -22.5105 [2.000]   -22.5105 [2.000]   -14.3628 [2.000]
[kpt  28  17   1]    -6.5223 [2.000]    -5.8459 [2.000]    -5.8459 [2.000]     0.4416 [2.000]     0.4416 [2.000]
[kpt  28  17   2]     0.5585 [2.000]     7.7289 [2.000]     7.9196 [2.000]     7.9196 [2.000]     8.8564 [2.000]
[kpt  28  17   3]     8.8564 [2.000]     9.2448 [2.000]     9.6869 [2.000]     9.9873 [2.000]     9.9873 [2.000]
[kpt  28  17   4]    12.3624 [0.000]    12.4129 [0.000]    12.4129 [0.000]    14.6180 [0.000]    14.6180 [0.000]
[kpt  28  17   5]    15.8326 [0.000]    15.8326 [0.000]    18.1156 [0.000]    19.0824 [0.000]    19.0824 [0.000]
[kpt  28  17   6]    19.0875 [0.000]    21.4053 [0.000]    21.6778 [0.000]    21.7108 [0.000]    21.7108 [0.000]
[kpt  28  17   7]    21.8342 [0.000]    21.8342 [0.000]    21.8797 [0.000]    25.3764 [0.000]    27.8168 [0.000]
[kpt  28  17   8]    27.8168 [0.000]    28.3195 [0.000]    30.1300 [0.000]    31.1381 [0.000]    31.1381 [0.000]
[kpt  28  17   9]    32.5181 [0.000]    32.5211 [0.000]    33.0737 [0.000]




KOHN SHAM EIGENVALUES [eV] AT K-POINT [ 29]:       0.083333      0.083333      0.166667

[kpt  29  17   0]   -46.2982 [2.000]   -22.5200 [2.000]   -22.5103 [2.000]   -22.5101 [2.000]   -14.3425 [2.000]
[kpt  29  17   1]    -6.5250 [2.000]    -5.8384 [2.000]    -5.8294 [2.000]     0.4479 [2.000]     0.4603 [2.000]
[kpt  29  17   2]     0.6395 [2.000]     7.4631 [2.000]     7.8218 [2.000]     7.8733 [2.000]     8.6064 [2.000]
[kpt  29  17   3]     8.6841 [2.000]     9.2326 [2.000]     9.3493 [2.000]     9.8617 [2.000]     9.8670 [2.000]
[kpt  29  17   4]    12.4116 [0.000]    12.7048 [0.000]    12.7116 [0.000]    14.6179 [0.000]    15.1043 [0.000]
[kpt  29  17   5]    16.1449 [0.000]    16.1931 [0.000]    18.4125 [0.000]    19.0463 [0.000]    19.2628 [0.000]
[kpt  29  17   6]    19.3993 [0.000]    21.3912 [0.000]    21.5671 [0.000]    21.6885 [0.000]    21.6977 [0.000]
[kpt  29  17   7]    21.7848 [0.000]    21.8270 [0.000]    21.8726 [0.000]    25.4720 [0.000]    27.5642 [0.000]
[kpt  29  17   8]    27.8816 [0.000]    28.4977 [0.000]    29.6492 [0.000]    30.8368 [0.000]    31.1207 [0.000]
[kpt  29  17   9]    31.4115 [0.000]    32.2848 [0.000]    32.8634 [0.000]




KOHN SHAM EIGENVALUES [eV] AT K-POINT [ 30]:       0.083333      0.083333      0.250000

[kpt  30  17   0]   -46.2979 [2.000]   -22.5328 [2.000]   -22.5098 [2.000]   -22.5096 [2.000]   -14.3145 [2.000]
[kpt  30  17   1]    -6.5567 [2.000]    -5.8281 [2.000]    -5.7739 [2.000]     0.4861 [2.000]     0.4897 [2.000]
[kpt  30  17   2]     0.7156 [2.000]     7.0787 [2.000]     7.6994 [2.000]     7.7902 [2.000]     8.3921 [2.000]
[kpt  30  17   3]     8.4143 [2.000]     9.0764 [2.000]     9.1348 [2.000]     9.7062 [2.000]     9.7203 [2.000]
[kpt  30  17   4]    12.4426 [0.000]    13.1022 [0.000]    13.1076 [0.000]    14.6171 [0.000]    15.6383 [0.000]
[kpt  30  17   5]    16.5852 [0.000]    16.7351 [0.000]    18.7917 [0.000]    19.0615 [0.000]    19.4877 [0.000]
[kpt  30  17   6]    19.8611 [0.000]    21.3622 [0.000]    21.4008 [0.000]    21.6092 [0.000]    21.6980 [0.000]
[kpt  30  17   7]    21.7635 [0.000]    21.8065 [0.000]    21.8518 [0.000]    25.5048 [0.000]    27.3120 [0.000]
[kpt  30  17   8]    28.0120 [0.000]    28.4336 [0.000]    29.2226 [0.000]    30.3253 [0.000]    30.4171 [0.000]
[kpt  30  17   9]    30.9723 [0.000]    31.8461 [0.000]    32.6580 [0.000]




KOHN SHAM EIGENVALUES [eV] AT K-POINT [ 31]:       0.083333      0.083333      0.333333

[kpt  31  17   0]   -46.2977 [2.000]   -22.5455 [2.000]   -22.5092 [2.000]   -22.5091 [2.000]   -14.2861 [2.000]
[kpt  31  17   1]    -6.6119 [2.000]    -5.8177 [2.000]    -5.6888 [2.000]     0.5122 [2.000]     0.5555 [2.000]
[kpt  31  17   2]     0.7658 [2.000]     6.6894 [2.000]     7.5841 [2.000]     7.6863 [2.000]     8.1028 [2.000]
[kpt  31  17   3]     8.2471 [2.000]     8.9776 [2.000]     9.0156 [2.000]     9.5355 [2.000]     9.5872 [2.000]
[kpt  31  17   4]    12.4727 [0.000]    13.4801 [0.000]    13.4877 [0.000]    14.6150 [0.000]    16.0784 [0.000]
[kpt  31  17   5]    17.0566 [0.000]    17.3649 [0.000]    18.8572 [0.000]    19.4054 [0.000]    19.6721 [0.000]
[kpt  31  17   6]    20.3480 [0.000]    21.2813 [0.000]    21.3885 [0.000]    21.5057 [0.000]    21.6983 [0.000]
[kpt  31  17   7]    21.7627 [0.000]    21.7770 [0.000]    21.8206 [0.000]    25.2083 [0.000]    26.9910 [0.000]
[kpt  31  17   8]    27.9921 [0.000]    28.2307 [0.000]    28.8147 [0.000]    29.9394 [0.000]    30.2816 [0.000]
[kpt  31  17   9]    30.7901 [0.000]    31.3800 [0.000]    32.5002 [0.000]




KOHN SHAM EIGENVALUES [eV] AT K-POINT [ 32]:       0.083333      0.083333      0.416667

[kpt  32  17   0]   -46.2975 [2.000]   -22.5548 [2.000]   -22.5088 [2.000]   -22.5087 [2.000]   -14.2650 [2.000]
[kpt  32  17   1]    -6.6620 [2.000]    -5.8101 [2.000]    -5.6128 [2.000]     0.5314 [2.000]     0.6236 [2.000]
[kpt  32  17   2]     0.7814 [2.000]     6.4040 [2.000]     7.5254 [2.000]     7.6024 [2.000]     7.8506 [2.000]
[kpt  32  17   3]     8.1644 [2.000]     8.9280 [2.000]     8.9879 [2.000]     9.3805 [2.000]     9.4959 [2.000]
[kpt  32  17   4]    12.4947 [0.000]    13.7528 [0.000]    13.7571 [0.000]    14.6117 [0.000]    16.3602 [0.000]
[kpt  32  17   5]    17.4383 [0.000]    17.9243 [0.000]    18.8387 [0.000]    19.7152 [0.000]    19.7597 [0.000]
[kpt  32  17   6]    20.4030 [0.000]    21.3315 [0.000]    21.4330 [0.000]    21.6827 [0.000]    21.7448 [0.000]
[kpt  32  17   7]    21.7629 [0.000]    21.7902 [0.000]    21.9045 [0.000]    24.3326 [0.000]    26.6451 [0.000]
[kpt  32  17   8]    27.9290 [0.000]    28.4800 [0.000]    28.5467 [0.000]    29.4508 [0.000]    30.2752 [0.000]
[kpt  32  17   9]    31.0410 [0.000]    31.2992 [0.000]    32.3948 [0.000]




KOHN SHAM EIGENVALUES [eV] AT K-POINT [ 33]:       0.083333      0.083333      0.500000

[kpt  33  17   0]   -46.2974 [2.000]   -22.5582 [2.000]   -22.5087 [2.000]   -22.5086 [2.000]   -14.2573 [2.000]
[kpt  33  17   1]    -6.6817 [2.000]    -5.8073 [2.000]    -5.5826 [2.000]     0.5385 [2.000]     0.6571 [2.000]
[kpt  33  17   2]     0.7783 [2.000]     6.2998 [2.000]     7.5218 [2.000]     7.5711 [2.000]     7.7428 [2.000]
[kpt  33  17   3]     8.1367 [2.000]     8.8970 [2.000]     9.0156 [2.000]     9.3062 [2.000]     9.4635 [2.000]
[kpt  33  17   4]    12.5028 [0.000]    13.8527 [0.000]    13.8545 [0.000]    14.6098 [0.000]    16.4567 [0.000]
[kpt  33  17   5]    17.5906 [0.000]    18.1635 [0.000]    18.8429 [0.000]    19.7747 [0.000]    19.8216 [0.000]
[kpt  33  17   6]    20.3003 [0.000]    21.3336 [0.000]    21.4106 [0.000]    21.6846 [0.000]    21.7367 [0.000]
[kpt  33  17   7]    21.7588 [0.000]    21.7803 [0.000]    22.6486 [0.000]    23.4673 [0.000]    26.5321 [0.000]
[kpt  33  17   8]    28.0803 [0.000]    28.2484 [0.000]    28.8690 [0.000]    29.0690 [0.000]    30.2078 [0.000]
[kpt  33  17   9]    30.9181 [0.000]    32.0966 [0.000]    32.3570 [0.000]




KOHN SHAM EIGENVALUES [eV] AT K-POINT [ 34]:       0.083333      0.166667      0.166667

[kpt  34  17   0]   -46.2980 [2.000]   -22.5198 [2.000]   -22.5193 [2.000]   -22.5098 [2.000]   -14.3235 [2.000]
[kpt  34  17   1]    -6.5067 [2.000]    -5.8335 [2.000]    -5.8205 [2.000]     0.4257 [2.000]     0.4683 [2.000]
[kpt  34  17   2]     0.7176 [2.000]     7.2759 [2.000]     7.6834 [2.000]     7.8188 [2.000]     8.3612 [2.000]
[kpt  34  17   3]     8.5316 [2.000]     9.0557 [2.000]     9.3135 [2.000]     9.7288 [2.000]     9.8043 [2.000]
[kpt  34  17   4]    12.6782 [0.000]    12.7727 [0.000]    12.9125 [0.000]    14.8530 [0.000]    15.3724 [0.000]
[kpt  34  17   5]    16.4261 [0.000]    16.5234 [0.000]    18.5093 [0.000]    19.2560 [0.000]    19.2738 [0.000]
[kpt  34  17   6]    19.7368 [0.000]    21.3652 [0.000]    21.5376 [0.000]    21.6009 [0.000]    21.6646 [0.000]
[kpt  34  17   7]    21.7699 [0.000]    21.8097 [0.000]    21.8750 [0.000]    25.5662 [0.000]    27.3052 [0.000]
[kpt  34  17   8]    27.8105 [0.000]    28.6660 [0.000]    29.2478 [0.000]    30.5969 [0.000]    30.9182 [0.000]
[kpt  34  17   9]    31.3916 [0.000]    31.7485 [0.000]    32.5823 [0.000]




KOHN SHAM EIGENVALUES [eV] AT K-POINT [ 35]:       0.083333      0.166667      0.250000

[kpt  35  17   0]   -46.2977 [2.000]   -22.5323 [2.000]   -22.5190 [2.000]   -22.5093 [2.000]   -14.2972 [2.000]
[kpt  35  17   1]    -6.5091 [2.000]    -5.8203 [2.000]    -5.7833 [2.000]     0.4310 [2.000]     0.4921 [2.000]
[kpt  35  17   2]     0.7730 [2.000]     6.9736 [2.000]     7.5168 [2.000]     7.7370 [2.000]     8.0845 [2.000]
[kpt  35  17   3]     8.3407 [2.000]     8.8475 [2.000]     9.3008 [2.000]     9.5624 [2.000]     9.7286 [2.000]
[kpt  35  17   4]    12.7455 [0.000]    13.1279 [0.000]    13.2215 [0.000]    14.9155 [0.000]    15.8668 [0.000]
[kpt  35  17   5]    16.8148 [0.000]    17.0442 [0.000]    18.7401 [0.000]    19.2505 [0.000]    19.4832 [0.000]
[kpt  35  17   6]    20.2233 [0.000]    21.3187 [0.000]    21.4177 [0.000]    21.5601 [0.000]    21.6227 [0.000]
[kpt  35  17   7]    21.7623 [0.000]    21.7911 [0.000]    21.8644 [0.000]    25.6117 [0.000]    26.9644 [0.000]
[kpt  35  17   8]    27.8323 [0.000]    28.5079 [0.000]    28.9128 [0.000]    30.0997 [0.000]    30.2522 [0.000]
[kpt  35  17   9]    31.3802 [0.000]    31.5185 [0.000]    32.2048 [0.000]




KOHN SHAM EIGENVALUES [eV] AT K-POINT [ 36]:       0.083333      0.166667      0.333333

[kpt  36  17   0]   -46.2975 [2.000]   -22.5450 [2.000]   -22.5184 [2.000]   -22.5088 [2.000]   -14.2706 [2.000]
[kpt  36  17   1]    -6.5393 [2.000]    -5.8053 [2.000]    -5.7145 [2.000]     0.4527 [2.000]     0.5373 [2.000]
[kpt  36  17   2]     0.7870 [2.000]     6.6346 [2.000]     7.3822 [2.000]     7.6266 [2.000]     7.8169 [2.000]
[kpt  36  17   3]     8.1859 [2.000]     8.8187 [2.000]     9.2272 [2.000]     9.4157 [2.000]     9.6152 [2.000]
[kpt  36  17   4]    12.7765 [0.000]    13.4985 [0.000]    13.5523 [0.000]    14.9288 [0.000]    16.3109 [0.000]
[kpt  36  17   5]    17.2443 [0.000]    17.6539 [0.000]    18.9831 [0.000]    19.2916 [0.000]    19.6405 [0.000]
[kpt  36  17   6]    20.5981 [0.000]    21.2448 [0.000]    21.4171 [0.000]    21.5649 [0.000]    21.6354 [0.000]
[kpt  36  17   7]    21.7598 [0.000]    21.7671 [0.000]    21.8413 [0.000]    25.2903 [0.000]    26.7610 [0.000]
[kpt  36  17   8]    27.7809 [0.000]    27.9705 [0.000]    28.5138 [0.000]    29.6634 [0.000]    30.3181 [0.000]
[kpt  36  17   9]    31.2004 [0.000]    31.4492 [0.000]    31.8452 [0.000]




KOHN SHAM EIGENVALUES [eV] AT K-POINT [ 37]:       0.083333      0.166667      0.416667

[kpt  37  17   0]   -46.2973 [2.000]   -22.5542 [2.000]   -22.5180 [2.000]   -22.5084 [2.000]   -14.2509 [2.000]
[kpt  37  17   1]    -6.5744 [2.000]    -5.7946 [2.000]    -5.6473 [2.000]     0.4682 [2.000]     0.6095 [2.000]
[kpt  37  17   2]     0.7562 [2.000]     6.3697 [2.000]     7.3251 [2.000]     7.5081 [2.000]     7.6281 [2.000]
[kpt  37  17   3]     8.1080 [2.000]     8.8866 [2.000]     9.1218 [2.000]     9.3356 [2.000]     9.4924 [2.000]
[kpt  37  17   4]    12.7976 [0.000]    13.7655 [0.000]    13.8041 [0.000]    14.9296 [0.000]    16.5988 [0.000]
[kpt  37  17   5]    17.6124 [0.000]    18.1822 [0.000]    19.1129 [0.000]    19.3549 [0.000]    19.7619 [0.000]
[kpt  37  17   6]    20.4955 [0.000]    21.2468 [0.000]    21.4791 [0.000]    21.5763 [0.000]    21.7277 [0.000]
[kpt  37  17   7]    21.7648 [0.000]    21.8137 [0.000]    22.1748 [0.000]    24.3829 [0.000]    26.6849 [0.000]
[kpt  37  17   8]    27.4707 [0.000]    27.7965 [0.000]    28.5360 [0.000]    29.2138 [0.000]    30.6084 [0.000]
[kpt  37  17   9]    31.0289 [0.000]    31.2660 [0.000]    32.0025 [0.000]




KOHN SHAM EIGENVALUES [eV] AT K-POINT [ 38]:       0.083333      0.166667      0.500000

[kpt  38  17   0]   -46.2973 [2.000]   -22.5576 [2.000]   -22.5178 [2.000]   -22.5083 [2.000]   -14.2437 [2.000]
[kpt  38  17   1]    -6.5893 [2.000]    -5.7908 [2.000]    -5.6198 [2.000]     0.4731 [2.000]     0.6880 [2.000]
[kpt  38  17   2]     0.6930 [2.000]     6.2703 [2.000]     7.3388 [2.000]     7.4187 [2.000]     7.5753 [2.000]
[kpt  38  17   3]     8.0845 [2.000]     8.9718 [2.000]     9.0271 [2.000]     9.3238 [2.000]     9.4281 [2.000]
[kpt  38  17   4]    12.8051 [0.000]    13.8629 [0.000]    13.8982 [0.000]    14.9284 [0.000]    16.6976 [0.000]
[kpt  38  17   5]    17.7683 [0.000]    18.3928 [0.000]    19.1884 [0.000]    19.3461 [0.000]    19.8266 [0.000]
[kpt  38  17   6]    20.3531 [0.000]    21.2483 [0.000]    21.4994 [0.000]    21.5718 [0.000]    21.7136 [0.000]
[kpt  38  17   7]    21.7612 [0.000]    21.8022 [0.000]    22.9700 [0.000]    23.4497 [0.000]    26.6247 [0.000]
[kpt  38  17   8]    27.5641 [0.000]    27.6011 [0.000]    28.7771 [0.000]    28.8526 [0.000]    30.7013 [0.000]
[kpt  38  17   9]    31.0113 [0.000]    31.1048 [0.000]    32.4375 [0.000]




KOHN SHAM EIGENVALUES [eV] AT K-POINT [ 39]:       0.083333      0.250000      0.250000

[kpt  39  17   0]   -46.2975 [2.000]   -22.5320 [2.000]   -22.5313 [2.000]   -22.5088 [2.000]   -14.2734 [2.000]
[kpt  39  17   1]    -6.4634 [2.000]    -5.8157 [2.000]    -5.7671 [2.000]     0.4022 [2.000]     0.4998 [2.000]
[kpt  39  17   2]     0.7982 [2.000]     6.7974 [2.000]     7.2914 [2.000]     7.5652 [2.000]     7.8598 [2.000]
[kpt  39  17   3]     8.2057 [2.000]     8.6795 [2.000]     9.3699 [2.000]     9.3781 [2.000]     9.7963 [2.000]
[kpt  39  17   4]    13.0848 [0.000]    13.2023 [0.000]    13.4323 [0.000]    15.0896 [0.000]    16.2872 [0.000]
[kpt  39  17   5]    17.1337 [0.000]    17.5439 [0.000]    18.7997 [0.000]    19.3910 [0.000]    19.5383 [0.000]
[kpt  39  17   6]    20.6167 [0.000]    21.2559 [0.000]    21.4324 [0.000]    21.4349 [0.000]    21.6361 [0.000]
[kpt  39  17   7]    21.7649 [0.000]    21.7721 [0.000]    21.8686 [0.000]    25.7359 [0.000]    26.4940 [0.000]
[kpt  39  17   8]    27.5811 [0.000]    28.4495 [0.000]    28.7752 [0.000]    29.4158 [0.000]    29.7191 [0.000]
[kpt  39  17   9]    31.3965 [0.000]    31.6618 [0.000]    32.0144 [0.000]




KOHN SHAM EIGENVALUES [eV] AT K-POINT [ 40]:       0.083333      0.250000      0.333333

[kpt  40  17   0]   -46.2973 [2.000]   -22.5442 [2.000]   -22.5310 [2.000]   -22.5083 [2.000]   -14.2494 [2.000]
[kpt  40  17   1]    -6.4456 [2.000]    -5.7987 [2.000]    -5.7310 [2.000]     0.4018 [2.000]     0.5159 [2.000]
[kpt  40  17   2]     0.7840 [2.000]     6.5527 [2.000]     7.1078 [2.000]     7.3148 [2.000]     7.7410 [2.000]
[kpt  40  17   3]     8.0746 [2.000]     8.6831 [2.000]     9.2168 [2.000]     9.3609 [2.000]     9.8198 [2.000]
[kpt  40  17   4]    13.1585 [0.000]    13.5210 [0.000]    13.6914 [0.000]    15.1549 [0.000]    16.7166 [0.000]
[kpt  40  17   5]    17.5005 [0.000]    18.1379 [0.000]    18.9192 [0.000]    19.3946 [0.000]    19.6845 [0.000]
[kpt  40  17   6]    20.8061 [0.000]    21.1691 [0.000]    21.3849 [0.000]    21.4231 [0.000]    21.7410 [0.000]
[kpt  40  17   7]    21.7684 [0.000]    21.8587 [0.000]    21.8960 [0.000]    25.4290 [0.000]    26.2987 [0.000]
[kpt  40  17   8]    27.3552 [0.000]    27.8961 [0.000]    28.3973 [0.000]    29.1831 [0.000]    29.3895 [0.000]
[kpt  40  17   9]    31.5082 [0.000]    31.6163 [0.000]    31.9524 [0.000]




KOHN SHAM EIGENVALUES [eV] AT K-POINT [ 41]:       0.083333      0.250000      0.416667

[kpt  41  17   0]   -46.2971 [2.000]   -22.5534 [2.000]   -22.5305 [2.000]   -22.5080 [2.000]   -14.2316 [2.000]
[kpt  41  17   1]    -6.4504 [2.000]    -5.7799 [2.000]    -5.6900 [2.000]     0.4118 [2.000]     0.5465 [2.000]
[kpt  41  17   2]     0.7431 [2.000]     6.3231 [2.000]     6.9950 [2.000]     7.1661 [2.000]     7.6403 [2.000]
[kpt  41  17   3]     8.0138 [2.000]     8.7557 [2.000]     9.1187 [2.000]     9.3003 [2.000]     9.8075 [2.000]
[kpt  41  17   4]    13.1799 [0.000]    13.7804 [0.000]    13.9071 [0.000]    15.1763 [0.000]    17.0077 [0.000]
[kpt  41  17   5]    17.8490 [0.000]    18.6355 [0.000]    18.9361 [0.000]    19.4795 [0.000]    19.7996 [0.000]
[kpt  41  17   6]    20.5986 [0.000]    21.1413 [0.000]    21.4078 [0.000]    21.4903 [0.000]    21.7049 [0.000]
[kpt  41  17   7]    21.7709 [0.000]    21.8350 [0.000]    22.4970 [0.000]    24.4793 [0.000]    26.5196 [0.000]
[kpt  41  17   8]    27.1427 [0.000]    27.2050 [0.000]    28.3513 [0.000]    28.9298 [0.000]    29.4733 [0.000]
[kpt  41  17   9]    31.2470 [0.000]    31.5453 [0.000]    32.3231 [0.000]




KOHN SHAM EIGENVALUES [eV] AT K-POINT [ 42]:       0.083333      0.250000      0.500000

[kpt  42  17   0]   -46.2970 [2.000]   -22.5568 [2.000]   -22.5303 [2.000]   -22.5078 [2.000]   -14.2250 [2.000]
[kpt  42  17   1]    -6.4555 [2.000]    -5.7727 [2.000]    -5.6712 [2.000]     0.4162 [2.000]     0.5699 [2.000]
[kpt  42  17   2]     0.7148 [2.000]     6.2307 [2.000]     6.9570 [2.000]     7.1214 [2.000]     7.5987 [2.000]
[kpt  42  17   3]     7.9990 [2.000]     8.7946 [2.000]     9.0964 [2.000]     9.2560 [2.000]     9.7975 [2.000]
[kpt  42  17   4]    13.1869 [0.000]    13.8756 [0.000]    13.9913 [0.000]    15.1808 [0.000]    17.1085 [0.000]
[kpt  42  17   5]    18.0202 [0.000]    18.8156 [0.000]    18.8766 [0.000]    19.6202 [0.000]    19.8471 [0.000]
[kpt  42  17   6]    20.4100 [0.000]    21.1366 [0.000]    21.4017 [0.000]    21.5550 [0.000]    21.6849 [0.000]
[kpt  42  17   7]    21.7674 [0.000]    21.8198 [0.000]    23.3624 [0.000]    23.4452 [0.000]    26.7712 [0.000]
[kpt  42  17   8]    26.8011 [0.000]    27.1124 [0.000]    28.3404 [0.000]    28.8121 [0.000]    29.5410 [0.000]
[kpt  42  17   9]    31.1187 [0.000]    31.5010 [0.000]    32.6017 [0.000]




KOHN SHAM EIGENVALUES [eV] AT K-POINT [ 43]:       0.083333      0.333333      0.333333

[kpt  43  17   0]   -46.2970 [2.000]   -22.5438 [2.000]   -22.5432 [2.000]   -22.5078 [2.000]   -14.2279 [2.000]
[kpt  43  17   1]    -6.3650 [2.000]    -5.7967 [2.000]    -5.7261 [2.000]     0.3774 [2.000]     0.4899 [2.000]
[kpt  43  17   2]     0.7616 [2.000]     6.4231 [2.000]     6.8795 [2.000]     6.9681 [2.000]     7.7230 [2.000]
[kpt  43  17   3]     7.9350 [2.000]     8.6522 [2.000]     9.1280 [2.000]     9.4164 [2.000]     9.9641 [2.000]
[kpt  43  17   4]    13.4883 [0.000]    13.5743 [0.000]    13.8826 [0.000]    15.2593 [0.000]    17.1522 [0.000]
[kpt  43  17   5]    17.7911 [0.000]    18.7406 [0.000]    18.7950 [0.000]    19.5132 [0.000]    19.7884 [0.000]
[kpt  43  17   6]    20.9052 [0.000]    21.0873 [0.000]    21.2716 [0.000]    21.3832 [0.000]    21.7112 [0.000]
[kpt  43  17   7]    21.7742 [0.000]    21.8615 [0.000]    22.2823 [0.000]    25.4988 [0.000]    25.6924 [0.000]
[kpt  43  17   8]    27.0160 [0.000]    27.8203 [0.000]    28.2204 [0.000]    28.2600 [0.000]    28.9868 [0.000]
[kpt  43  17   9]    31.4400 [0.000]    32.0020 [0.000]    32.1306 [0.000]




KOHN SHAM EIGENVALUES [eV] AT K-POINT [ 44]:       0.083333      0.333333      0.416667

[kpt  44  17   0]   -46.2969 [2.000]   -22.5527 [2.000]   -22.5430 [2.000]   -22.5075 [2.000]   -14.2120 [2.000]
[kpt  44  17   1]    -6.3209 [2.000]    -5.7791 [2.000]    -5.7213 [2.000]     0.3748 [2.000]     0.4672 [2.000]
[kpt  44  17   2]     0.7356 [2.000]     6.2526 [2.000]     6.7270 [2.000]     6.7977 [2.000]     7.6710 [2.000]
[kpt  44  17   3]     7.8692 [2.000]     8.6157 [2.000]     9.1784 [2.000]     9.3982 [2.000]    10.0324 [2.000]
[kpt  44  17   4]    13.5412 [0.000]    13.7953 [0.000]    14.0550 [0.000]    15.2986 [0.000]    17.4598 [0.000]
[kpt  44  17   5]    18.0884 [0.000]    18.6385 [0.000]    19.2330 [0.000]    19.6991 [0.000]    19.8817 [0.000]
[kpt  44  17   6]    20.6970 [0.000]    21.0382 [0.000]    21.2497 [0.000]    21.4923 [0.000]    21.6749 [0.000]
[kpt  44  17   7]    21.7762 [0.000]    21.8408 [0.000]    22.8201 [0.000]    24.6011 [0.000]    25.8273 [0.000]
[kpt  44  17   8]    26.8222 [0.000]    27.2001 [0.000]    28.0415 [0.000]    28.2180 [0.000]    28.8315 [0.000]
[kpt  44  17   9]    31.2403 [0.000]    32.0817 [0.000]    32.4497 [0.000]




KOHN SHAM EIGENVALUES [eV] AT K-POINT [ 45]:       0.083333      0.333333      0.500000

[kpt  45  17   0]   -46.2968 [2.000]   -22.5560 [2.000]   -22.5428 [2.000]   -22.5074 [2.000]   -14.2061 [2.000]
[kpt  45  17   1]    -6.3090 [2.000]    -5.7639 [2.000]    -5.7235 [2.000]     0.3774 [2.000]     0.4579 [2.000]
[kpt  45  17   2]     0.7239 [2.000]     6.1712 [2.000]     6.6700 [2.000]     6.7612 [2.000]     7.6372 [2.000]
[kpt  45  17   3]     7.8607 [2.000]     8.5913 [2.000]     9.2755 [2.000]     9.3276 [2.000]    10.0507 [2.000]
[kpt  45  17   4]    13.5480 [0.000]    13.8881 [0.000]    14.1250 [0.000]    15.3079 [0.000]    17.5674 [0.000]
[kpt  45  17   5]    18.3005 [0.000]    18.4808 [0.000]    19.3612 [0.000]    19.8550 [0.000]    20.0200 [0.000]
[kpt  45  17   6]    20.4700 [0.000]    21.0209 [0.000]    21.2425 [0.000]    21.5904 [0.000]    21.6492 [0.000]
[kpt  45  17   7]    21.7719 [0.000]    21.8193 [0.000]    23.4955 [0.000]    23.7266 [0.000]    25.9153 [0.000]
[kpt  45  17   8]    26.7539 [0.000]    26.9539 [0.000]    27.9745 [0.000]    28.2522 [0.000]    28.7876 [0.000]
[kpt  45  17   9]    31.1496 [0.000]    32.0669 [0.000]    32.6169 [0.000]




KOHN SHAM EIGENVALUES [eV] AT K-POINT [ 46]:       0.083333      0.416667      0.416667

[kpt  46  17   0]   -46.2967 [2.000]   -22.5522 [2.000]   -22.5520 [2.000]   -22.5071 [2.000]   -14.1975 [2.000]
[kpt  46  17   1]    -6.2232 [2.000]    -5.7821 [2.000]    -5.7416 [2.000]     0.3590 [2.000]     0.4052 [2.000]
[kpt  46  17   2]     0.7282 [2.000]     6.1408 [2.000]     6.5598 [2.000]     6.5822 [2.000]     7.6931 [2.000]
[kpt  46  17   3]     7.7575 [2.000]     8.4882 [2.000]     9.3140 [2.000]     9.4588 [2.000]    10.1532 [2.000]
[kpt  46  17   4]    13.7884 [0.000]    13.8170 [0.000]    14.1933 [0.000]    15.3449 [0.000]    17.7932 [0.000]
[kpt  46  17   5]    18.2192 [0.000]    18.5247 [0.000]    19.7398 [0.000]    19.7647 [0.000]    20.0658 [0.000]
[kpt  46  17   6]    20.6668 [0.000]    20.9572 [0.000]    21.2043 [0.000]    21.5368 [0.000]    21.6431 [0.000]
[kpt  46  17   7]    21.7781 [0.000]    21.8134 [0.000]    23.2119 [0.000]    24.5448 [0.000]    25.0922 [0.000]
[kpt  46  17   8]    26.5988 [0.000]    27.2856 [0.000]    27.4646 [0.000]    27.8356 [0.000]    28.7664 [0.000]
[kpt  46  17   9]    31.1237 [0.000]    32.4503 [0.000]    32.4516 [0.000]




KOHN SHAM EIGENVALUES [eV] AT K-POINT [ 47]:       0.083333      0.416667      0.500000

[kpt  47  17   0]   -46.2966 [2.000]   -22.5554 [2.000]   -22.5519 [2.000]   -22.5070 [2.000]   -14.1922 [2.000]
[kpt  47  17   1]    -6.1874 [2.000]    -5.7695 [2.000]    -5.7623 [2.000]     0.3577 [2.000]     0.3799 [2.000]
[kpt  47  17   2]     0.7248 [2.000]     6.0761 [2.000]     6.4959 [2.000]     6.5356 [2.000]     7.6773 [2.000]
[kpt  47  17   3]     7.7418 [2.000]     8.4368 [2.000]     9.4220 [2.000]     9.4322 [2.000]    10.1899 [2.000]
[kpt  47  17   4]    13.8063 [0.000]    13.8971 [0.000]    14.2507 [0.000]    15.3556 [0.000]    17.9122 [0.000]
[kpt  47  17   5]    18.2190 [0.000]    18.5491 [0.000]    19.7672 [0.000]    19.8514 [0.000]    20.3529 [0.000]
[kpt  47  17   6]    20.5244 [0.000]    20.9231 [0.000]    21.2046 [0.000]    21.6154 [0.000]    21.6167 [0.000]
[kpt  47  17   7]    21.7660 [0.000]    21.7832 [0.000]    23.6840 [0.000]    23.9897 [0.000]    24.9737 [0.000]
[kpt  47  17   8]    26.5199 [0.000]    27.1236 [0.000]    27.4614 [0.000]    27.7278 [0.000]    28.7468 [0.000]
[kpt  47  17   9]    31.0609 [0.000]    32.4393 [0.000]    32.5775 [0.000]




KOHN SHAM EIGENVALUES [eV] AT K-POINT [ 48]:       0.083333      0.500000      0.500000

[kpt  48  17   0]   -46.2966 [2.000]   -22.5552 [2.000]   -22.5552 [2.000]   -22.5069 [2.000]   -14.1870 [2.000]
[kpt  48  17   1]    -6.1372 [2.000]    -5.7766 [2.000]    -5.7766 [2.000]     0.3522 [2.000]     0.3522 [2.000]
[kpt  48  17   2]     0.7239 [2.000]     6.0189 [2.000]     6.4380 [2.000]     6.4752 [2.000]     7.6960 [2.000]
[kpt  48  17   3]     7.6960 [2.000]     8.3775 [2.000]     9.4771 [2.000]     9.4771 [2.000]    10.2331 [2.000]
[kpt  48  17   4]    13.9004 [0.000]    13.9004 [0.000]    14.3029 [0.000]    15.3663 [0.000]    18.0382 [0.000]
[kpt  48  17   5]    18.1281 [0.000]    18.6589 [0.000]    19.8478 [0.000]    19.8478 [0.000]    20.5504 [0.000]
[kpt  48  17   6]    20.5504 [0.000]    20.8803 [0.000]    21.2360 [0.000]    21.6253 [0.000]    21.6253 [0.000]
[kpt  48  17   7]    21.7081 [0.000]    21.7760 [0.000]    24.0876 [0.000]    24.0876 [0.000]    24.2348 [0.000]
[kpt  48  17   8]    26.4365 [0.000]    27.2051 [0.000]    27.2051 [0.000]    27.6303 [0.000]    28.7326 [0.000]
[kpt  48  17   9]    31.0092 [0.000]    32.5560 [0.000]    32.5566 [0.000]




KOHN SHAM EIGENVALUES [eV] AT K-POINT [ 49]:       0.166667      0.166667      0.166667

[kpt  49  17   0]   -46.2978 [2.000]   -22.5196 [2.000]   -22.5189 [2.000]   -22.5189 [2.000]   -14.3056 [2.000]
[kpt  49  17   1]    -6.4736 [2.000]    -5.8216 [2.000]    -5.8216 [2.000]     0.4143 [2.000]     0.4143 [2.000]
[kpt  49  17   2]     0.8005 [2.000]     7.1023 [2.000]     7.6578 [2.000]     7.6578 [2.000]     8.3142 [2.000]
[kpt  49  17   3]     8.3142 [2.000]     8.7172 [2.000]     9.4313 [2.000]     9.7015 [2.000]     9.7015 [2.000]
[kpt  49  17   4]    12.8996 [0.000]    12.9623 [0.000]    12.9623 [0.000]    15.3695 [0.000]    15.3695 [0.000]
[kpt  49  17   5]    16.7390 [0.000]    16.7390 [0.000]    18.4748 [0.000]    19.3851 [0.000]    19.3851 [0.000]
[kpt  49  17   6]    20.0921 [0.000]    21.3377 [0.000]    21.5112 [0.000]    21.5843 [0.000]    21.5843 [0.000]
[kpt  49  17   7]    21.7742 [0.000]    21.7742 [0.000]    21.8853 [0.000]    25.6398 [0.000]    27.4289 [0.000]
[kpt  49  17   8]    27.4289 [0.000]    28.4363 [0.000]    29.1558 [0.000]    30.7552 [0.000]    30.7555 [0.000]
[kpt  49  17   9]    31.1466 [0.000]    31.1467 [0.000]    32.3828 [0.000]




KOHN SHAM EIGENVALUES [eV] AT K-POINT [ 50]:       0.166667      0.166667      0.250000

[kpt  50  17   0]   -46.2976 [2.000]   -22.5318 [2.000]   -22.5188 [2.000]   -22.5184 [2.000]   -14.2808 [2.000]
[kpt  50  17   1]    -6.4538 [2.000]    -5.8052 [2.000]    -5.7942 [2.000]     0.3979 [2.000]     0.4064 [2.000]
[kpt  50  17   2]     0.8433 [2.000]     6.8599 [2.000]     7.4368 [2.000]     7.6136 [2.000]     8.0921 [2.000]
[kpt  50  17   3]     8.1395 [2.000]     8.5258 [2.000]     9.4606 [2.000]     9.5704 [2.000]     9.6599 [2.000]
[kpt  50  17   4]    12.9745 [0.000]    13.2518 [0.000]    13.2599 [0.000]    15.3638 [0.000]    15.9488 [0.000]
[kpt  50  17   5]    17.0637 [0.000]    17.2270 [0.000]    18.6022 [0.000]    19.4152 [0.000]    19.4714 [0.000]
[kpt  50  17   6]    20.6001 [0.000]    21.2739 [0.000]    21.4559 [0.000]    21.5545 [0.000]    21.5599 [0.000]
[kpt  50  17   7]    21.7582 [0.000]    21.7608 [0.000]    21.8821 [0.000]    25.6780 [0.000]    26.9549 [0.000]
[kpt  50  17   8]    27.6471 [0.000]    28.0610 [0.000]    28.8886 [0.000]    30.0898 [0.000]    30.4331 [0.000]
[kpt  50  17   9]    30.8985 [0.000]    31.1963 [0.000]    32.0173 [0.000]




KOHN SHAM EIGENVALUES [eV] AT K-POINT [ 51]:       0.166667      0.166667      0.333333

[kpt  51  17   0]   -46.2973 [2.000]   -22.5444 [2.000]   -22.5182 [2.000]   -22.5178 [2.000]   -14.2558 [2.000]
[kpt  51  17   1]    -6.4634 [2.000]    -5.7886 [2.000]    -5.7328 [2.000]     0.3806 [2.000]     0.4491 [2.000]
[kpt  51  17   2]     0.8300 [2.000]     6.5825 [2.000]     7.2450 [2.000]     7.5627 [2.000]     7.7748 [2.000]
[kpt  51  17   3]     8.0322 [2.000]     8.5571 [2.000]     9.4017 [2.000]     9.4643 [2.000]     9.5758 [2.000]
[kpt  51  17   4]    13.0124 [0.000]    13.5699 [0.000]    13.5921 [0.000]    15.3552 [0.000]    16.4298 [0.000]
[kpt  51  17   5]    17.4448 [0.000]    17.7928 [0.000]    18.8657 [0.000]    19.4481 [0.000]    19.4502 [0.000]
[kpt  51  17   6]    20.8197 [0.000]    21.1961 [0.000]    21.5232 [0.000]    21.5583 [0.000]    21.7149 [0.000]
[kpt  51  17   7]    21.7532 [0.000]    21.7573 [0.000]    21.8669 [0.000]    25.3742 [0.000]    26.6481 [0.000]
[kpt  51  17   8]    27.6676 [0.000]    27.9670 [0.000]    27.9943 [0.000]    29.9519 [0.000]    30.1754 [0.000]
[kpt  51  17   9]    30.7561 [0.000]    31.2572 [0.000]    31.5981 [0.000]




KOHN SHAM EIGENVALUES [eV] AT K-POINT [ 52]:       0.166667      0.166667      0.416667

[kpt  52  17   0]   -46.2972 [2.000]   -22.5537 [2.000]   -22.5178 [2.000]   -22.5175 [2.000]   -14.2373 [2.000]
[kpt  52  17   1]    -6.4857 [2.000]    -5.7763 [2.000]    -5.6695 [2.000]     0.3674 [2.000]     0.5282 [2.000]
[kpt  52  17   2]     0.7688 [2.000]     6.3428 [2.000]     7.1780 [2.000]     7.5218 [2.000]     7.5259 [2.000]
[kpt  52  17   3]     7.9772 [2.000]     8.6410 [2.000]     9.3200 [2.000]     9.4030 [2.000]     9.4735 [2.000]
[kpt  52  17   4]    13.0379 [0.000]    13.8192 [0.000]    13.8370 [0.000]    15.3457 [0.000]    16.7359 [0.000]
[kpt  52  17   5]    17.7969 [0.000]    18.2370 [0.000]    19.2100 [0.000]    19.3174 [0.000]    19.5187 [0.000]
[kpt  52  17   6]    20.5850 [0.000]    21.1905 [0.000]    21.5171 [0.000]    21.5894 [0.000]    21.6941 [0.000]
[kpt  52  17   7]    21.7559 [0.000]    21.8466 [0.000]    22.4485 [0.000]    24.4848 [0.000]    26.6751 [0.000]
[kpt  52  17   8]    27.2283 [0.000]    27.4864 [0.000]    28.3815 [0.000]    29.4117 [0.000]    30.3806 [0.000]
[kpt  52  17   9]    30.7091 [0.000]    31.2610 [0.000]    31.4095 [0.000]




KOHN SHAM EIGENVALUES [eV] AT K-POINT [ 53]:       0.166667      0.166667      0.500000

[kpt  53  17   0]   -46.2971 [2.000]   -22.5570 [2.000]   -22.5176 [2.000]   -22.5173 [2.000]   -14.2304 [2.000]
[kpt  53  17   1]    -6.4963 [2.000]    -5.7718 [2.000]    -5.6431 [2.000]     0.3624 [2.000]     0.5901 [2.000]
[kpt  53  17   2]     0.7127 [2.000]     6.2484 [2.000]     7.1905 [2.000]     7.4045 [2.000]     7.5133 [2.000]
[kpt  53  17   3]     7.9600 [2.000]     8.6855 [2.000]     9.2876 [2.000]     9.3799 [2.000]     9.4230 [2.000]
[kpt  53  17   4]    13.0468 [0.000]    13.9140 [0.000]    13.9272 [0.000]    15.3412 [0.000]    16.8401 [0.000]
[kpt  53  17   5]    17.9592 [0.000]    18.3891 [0.000]    19.2269 [0.000]    19.4398 [0.000]    19.5563 [0.000]
[kpt  53  17   6]    20.3957 [0.000]    21.1895 [0.000]    21.5123 [0.000]    21.6125 [0.000]    21.6768 [0.000]
[kpt  53  17   7]    21.7507 [0.000]    21.8371 [0.000]    23.3411 [0.000]    23.4690 [0.000]    26.7197 [0.000]
[kpt  53  17   8]    27.1453 [0.000]    27.2601 [0.000]    28.8227 [0.000]    28.9256 [0.000]    30.4447 [0.000]
[kpt  53  17   9]    30.7132 [0.000]    31.1202 [0.000]    31.5425 [0.000]




KOHN SHAM EIGENVALUES [eV] AT K-POINT [ 54]:       0.166667      0.250000      0.250000

[kpt  54  17   0]   -46.2973 [2.000]   -22.5315 [2.000]   -22.5309 [2.000]   -22.5180 [2.000]   -14.2582 [2.000]
[kpt  54  17   1]    -6.3956 [2.000]    -5.7977 [2.000]    -5.7755 [2.000]     0.3506 [2.000]     0.3669 [2.000]
[kpt  54  17   2]     0.8584 [2.000]     6.7062 [2.000]     7.2803 [2.000]     7.4583 [2.000]     7.8883 [2.000]
[kpt  54  17   3]     8.0858 [2.000]     8.2849 [2.000]     9.4719 [2.000]     9.5387 [2.000]     9.7173 [2.000]
[kpt  54  17   4]    13.2611 [0.000]    13.3287 [0.000]    13.4727 [0.000]    15.6352 [0.000]    16.2806 [0.000]
[kpt  54  17   5]    17.3707 [0.000]    17.6115 [0.000]    18.6021 [0.000]    19.4112 [0.000]    19.5180 [0.000]
[kpt  54  17   6]    20.9795 [0.000]    21.2049 [0.000]    21.4941 [0.000]    21.5024 [0.000]    21.6512 [0.000]
[kpt  54  17   7]    21.7388 [0.000]    21.7516 [0.000]    21.8895 [0.000]    25.7361 [0.000]    26.7101 [0.000]
[kpt  54  17   8]    27.4280 [0.000]    27.8157 [0.000]    28.8360 [0.000]    29.4202 [0.000]    30.1281 [0.000]
[kpt  54  17   9]    30.6611 [0.000]    31.1875 [0.000]    31.7424 [0.000]




KOHN SHAM EIGENVALUES [eV] AT K-POINT [ 55]:       0.166667      0.250000      0.333333

[kpt  55  17   0]   -46.2971 [2.000]   -22.5438 [2.000]   -22.5306 [2.000]   -22.5175 [2.000]   -14.2353 [2.000]
[kpt  55  17   1]    -6.3645 [2.000]    -5.7769 [2.000]    -5.7393 [2.000]     0.3143 [2.000]     0.3702 [2.000]
[kpt  55  17   2]     0.8138 [2.000]     6.5146 [2.000]     7.0712 [2.000]     7.3244 [2.000]     7.6940 [2.000]
[kpt  55  17   3]     7.9844 [2.000]     8.3102 [2.000]     9.3640 [2.000]     9.5262 [2.000]     9.7672 [2.000]
[kpt  55  17   4]    13.3301 [0.000]    13.6198 [0.000]    13.7316 [0.000]    15.6888 [0.000]    16.7300 [0.000]
[kpt  55  17   5]    17.6947 [0.000]    18.1173 [0.000]    18.7428 [0.000]    19.3043 [0.000]    19.5656 [0.000]
[kpt  55  17   6]    20.9732 [0.000]    21.1491 [0.000]    21.4719 [0.000]    21.5669 [0.000]    21.7041 [0.000]
[kpt  55  17   7]    21.7535 [0.000]    21.8855 [0.000]    22.0971 [0.000]    25.4960 [0.000]    26.3678 [0.000]
[kpt  55  17   8]    27.2531 [0.000]    27.8851 [0.000]    27.9838 [0.000]    29.2987 [0.000]    29.7228 [0.000]
[kpt  55  17   9]    30.6497 [0.000]    31.1997 [0.000]    31.4746 [0.000]




KOHN SHAM EIGENVALUES [eV] AT K-POINT [ 56]:       0.166667      0.250000      0.416667

[kpt  56  17   0]   -46.2969 [2.000]   -22.5529 [2.000]   -22.5301 [2.000]   -22.5171 [2.000]   -14.2184 [2.000]
[kpt  56  17   1]    -6.3600 [2.000]    -5.7570 [2.000]    -5.6963 [2.000]     0.2834 [2.000]     0.4214 [2.000]
[kpt  56  17   2]     0.7334 [2.000]     6.3084 [2.000]     6.9898 [2.000]     7.2111 [2.000]     7.5594 [2.000]
[kpt  56  17   3]     7.9363 [2.000]     8.3850 [2.000]     9.3085 [2.000]     9.4633 [2.000]     9.7753 [2.000]
[kpt  56  17   4]    13.3592 [0.000]    13.8595 [0.000]    13.9437 [0.000]    15.6948 [0.000]    17.0402 [0.000]
[kpt  56  17   5]    18.0259 [0.000]    18.4705 [0.000]    18.8747 [0.000]    19.2485 [0.000]    19.6911 [0.000]
[kpt  56  17   6]    20.6944 [0.000]    21.1367 [0.000]    21.4570 [0.000]    21.6407 [0.000]    21.6651 [0.000]
[kpt  56  17   7]    21.7554 [0.000]    21.8727 [0.000]    22.7836 [0.000]    24.6505 [0.000]    26.4157 [0.000]
[kpt  56  17   8]    27.0743 [0.000]    27.1933 [0.000]    28.2369 [0.000]    29.1295 [0.000]    29.5490 [0.000]
[kpt  56  17   9]    30.6518 [0.000]    31.1157 [0.000]    31.3588 [0.000]




KOHN SHAM EIGENVALUES [eV] AT K-POINT [ 57]:       0.166667      0.250000      0.500000

[kpt  57  17   0]   -46.2969 [2.000]   -22.5563 [2.000]   -22.5300 [2.000]   -22.5170 [2.000]   -14.2122 [2.000]
[kpt  57  17   1]    -6.3619 [2.000]    -5.7499 [2.000]    -5.6763 [2.000]     0.2718 [2.000]     0.4619 [2.000]
[kpt  57  17   2]     0.6818 [2.000]     6.2186 [2.000]     7.0007 [2.000]     7.1423 [2.000]     7.5146 [2.000]
[kpt  57  17   3]     7.9243 [2.000]     8.4181 [2.000]     9.3057 [2.000]     9.4172 [2.000]     9.7728 [2.000]
[kpt  57  17   4]    13.3692 [0.000]    13.9498 [0.000]    14.0256 [0.000]    15.6936 [0.000]    17.1470 [0.000]
[kpt  57  17   5]    18.2157 [0.000]    18.5793 [0.000]    18.7794 [0.000]    19.3162 [0.000]    19.8934 [0.000]
[kpt  57  17   6]    20.4616 [0.000]    21.1306 [0.000]    21.4513 [0.000]    21.6353 [0.000]    21.6907 [0.000]
[kpt  57  17   7]    21.7487 [0.000]    21.8643 [0.000]    23.5156 [0.000]    23.7892 [0.000]    26.5470 [0.000]
[kpt  57  17   8]    26.8705 [0.000]    27.0007 [0.000]    28.6314 [0.000]    28.6999 [0.000]    29.6002 [0.000]
[kpt  57  17   9]    30.6327 [0.000]    31.0913 [0.000]    31.3273 [0.000]




KOHN SHAM EIGENVALUES [eV] AT K-POINT [ 58]:       0.166667      0.333333      0.333333

[kpt  58  17   0]   -46.2969 [2.000]   -22.5433 [2.000]   -22.5428 [2.000]   -22.5170 [2.000]   -14.2147 [2.000]
[kpt  58  17   1]    -6.2777 [2.000]    -5.7727 [2.000]    -5.7230 [2.000]     0.2868 [2.000]     0.3038 [2.000]
[kpt  58  17   2]     0.7458 [2.000]     6.4136 [2.000]     6.8763 [2.000]     7.0505 [2.000]     7.6634 [2.000]
[kpt  58  17   3]     7.9193 [2.000]     8.2291 [2.000]     9.3208 [2.000]     9.5605 [2.000]     9.9329 [2.000]
[kpt  58  17   4]    13.6230 [0.000]    13.6831 [0.000]    13.9246 [0.000]    15.8194 [0.000]    17.1418 [0.000]
[kpt  58  17   5]    17.9396 [0.000]    18.5884 [0.000]    18.6515 [0.000]    19.2140 [0.000]    19.6300 [0.000]
[kpt  58  17   6]    20.9427 [0.000]    21.1228 [0.000]    21.4641 [0.000]    21.5910 [0.000]    21.6709 [0.000]
[kpt  58  17   7]    21.7566 [0.000]    21.8920 [0.000]    22.5678 [0.000]    25.5640 [0.000]    25.8242 [0.000]
[kpt  58  17   8]    26.9686 [0.000]    27.8741 [0.000]    27.9672 [0.000]    28.3056 [0.000]    29.3053 [0.000]
[kpt  58  17   9]    30.8937 [0.000]    31.0114 [0.000]    31.4716 [0.000]




KOHN SHAM EIGENVALUES [eV] AT K-POINT [ 59]:       0.166667      0.333333      0.416667

[kpt  59  17   0]   -46.2967 [2.000]   -22.5522 [2.000]   -22.5426 [2.000]   -22.5166 [2.000]   -14.1994 [2.000]
[kpt  59  17   1]    -6.2286 [2.000]    -5.7529 [2.000]    -5.7111 [2.000]     0.2421 [2.000]     0.3177 [2.000]
[kpt  59  17   2]     0.6582 [2.000]     6.2519 [2.000]     6.7712 [2.000]     6.9157 [2.000]     7.6132 [2.000]
[kpt  59  17   3]     7.8775 [2.000]     8.2150 [2.000]     9.3531 [2.000]     9.5365 [2.000]    10.0168 [2.000]
[kpt  59  17   4]    13.6767 [0.000]    13.8926 [0.000]    14.0952 [0.000]    15.8542 [0.000]    17.4533 [0.000]
[kpt  59  17   5]    18.1785 [0.000]    18.5652 [0.000]    18.8949 [0.000]    19.2152 [0.000]    19.8289 [0.000]
[kpt  59  17   6]    20.7564 [0.000]    21.0895 [0.000]    21.4370 [0.000]    21.6289 [0.000]    21.6845 [0.000]
[kpt  59  17   7]    21.7601 [0.000]    21.8841 [0.000]    23.1270 [0.000]    24.8509 [0.000]    25.7997 [0.000]
[kpt  59  17   8]    26.8402 [0.000]    27.3032 [0.000]    28.0549 [0.000]    28.2574 [0.000]    28.9358 [0.000]
[kpt  59  17   9]    30.7867 [0.000]    31.1062 [0.000]    31.4494 [0.000]




KOHN SHAM EIGENVALUES [eV] AT K-POINT [ 60]:       0.166667      0.333333      0.500000

[kpt  60  17   0]   -46.2966 [2.000]   -22.5555 [2.000]   -22.5424 [2.000]   -22.5165 [2.000]   -14.1938 [2.000]
[kpt  60  17   1]    -6.2148 [2.000]    -5.7368 [2.000]    -5.7108 [2.000]     0.2232 [2.000]     0.3398 [2.000]
[kpt  60  17   2]     0.6117 [2.000]     6.1682 [2.000]     6.7700 [2.000]     6.8599 [2.000]     7.5837 [2.000]
[kpt  60  17   3]     7.8729 [2.000]     8.2081 [2.000]     9.4155 [2.000]     9.4819 [2.000]    10.0409 [2.000]
[kpt  60  17   4]    13.6871 [0.000]    13.9800 [0.000]    14.1640 [0.000]    15.8596 [0.000]    17.5630 [0.000]
[kpt  60  17   5]    18.3467 [0.000]    18.4646 [0.000]    18.9324 [0.000]    19.2343 [0.000]    20.1178 [0.000]
[kpt  60  17   6]    20.5471 [0.000]    21.0741 [0.000]    21.4137 [0.000]    21.6164 [0.000]    21.7417 [0.000]
[kpt  60  17   7]    21.7497 [0.000]    21.8742 [0.000]    23.6140 [0.000]    24.2105 [0.000]    25.8512 [0.000]
[kpt  60  17   8]    26.7892 [0.000]    27.0689 [0.000]    28.1995 [0.000]    28.2404 [0.000]    28.7621 [0.000]
[kpt  60  17   9]    30.6986 [0.000]    31.2316 [0.000]    31.3789 [0.000]




KOHN SHAM EIGENVALUES [eV] AT K-POINT [ 61]:       0.166667      0.416667      0.416667

[kpt  61  17   0]   -46.2965 [2.000]   -22.5517 [2.000]   -22.5516 [2.000]   -22.5162 [2.000]   -14.1853 [2.000]
[kpt  61  17   1]    -6.1288 [2.000]    -5.7537 [2.000]    -5.7196 [2.000]     0.2405 [2.000]     0.2461 [2.000]
[kpt  61  17   2]     0.5740 [2.000]     6.1435 [2.000]     6.5836 [2.000]     6.8138 [2.000]     7.6690 [2.000]
[kpt  61  17   3]     7.8144 [2.000]     8.0830 [2.000]     9.4529 [2.000]     9.5784 [2.000]    10.1516 [2.000]
[kpt  61  17   4]    13.9025 [0.000]    13.9249 [0.000]    14.2341 [0.000]    15.8998 [0.000]    17.7854 [0.000]
[kpt  61  17   5]    18.1137 [0.000]    18.6197 [0.000]    19.1130 [0.000]    19.2040 [0.000]    20.0869 [0.000]
[kpt  61  17   6]    20.7302 [0.000]    21.0456 [0.000]    21.3564 [0.000]    21.6747 [0.000]    21.7115 [0.000]
[kpt  61  17   7]    21.7654 [0.000]    21.8735 [0.000]    23.5024 [0.000]    25.0082 [0.000]    25.0451 [0.000]
[kpt  61  17   8]    26.6966 [0.000]    27.3915 [0.000]    27.6114 [0.000]    27.9148 [0.000]    28.6684 [0.000]
[kpt  61  17   9]    30.6326 [0.000]    31.3045 [0.000]    31.5085 [0.000]




KOHN SHAM EIGENVALUES [eV] AT K-POINT [ 62]:       0.166667      0.416667      0.500000

[kpt  62  17   0]   -46.2965 [2.000]   -22.5550 [2.000]   -22.5515 [2.000]   -22.5161 [2.000]   -14.1802 [2.000]
[kpt  62  17   1]    -6.0920 [2.000]    -5.7397 [2.000]    -5.7369 [2.000]     0.2167 [2.000]     0.2542 [2.000]
[kpt  62  17   2]     0.5329 [2.000]     6.0764 [2.000]     6.5385 [2.000]     6.7869 [2.000]     7.6847 [2.000]
[kpt  62  17   3]     7.8079 [2.000]     8.0172 [2.000]     9.5369 [2.000]     9.5559 [2.000]    10.1936 [2.000]
[kpt  62  17   4]    13.9218 [0.000]    14.0014 [0.000]    14.2913 [0.000]    15.9062 [0.000]    17.9060 [0.000]
[kpt  62  17   5]    18.0570 [0.000]    18.7095 [0.000]    19.1498 [0.000]    19.1633 [0.000]    20.3846 [0.000]
[kpt  62  17   6]    20.6267 [0.000]    21.0243 [0.000]    21.2748 [0.000]    21.6910 [0.000]    21.7490 [0.000]
[kpt  62  17   7]    21.7730 [0.000]    21.8540 [0.000]    23.8038 [0.000]    24.5261 [0.000]    25.1022 [0.000]
[kpt  62  17   8]    26.6391 [0.000]    27.2640 [0.000]    27.5920 [0.000]    27.8572 [0.000]    28.5696 [0.000]
[kpt  62  17   9]    30.5571 [0.000]    31.4394 [0.000]    31.4660 [0.000]




KOHN SHAM EIGENVALUES [eV] AT K-POINT [ 63]:       0.166667      0.500000      0.500000

[kpt  63  17   0]   -46.2964 [2.000]   -22.5548 [2.000]   -22.5548 [2.000]   -22.5160 [2.000]   -14.1752 [2.000]
[kpt  63  17   1]    -6.0406 [2.000]    -5.7466 [2.000]    -5.7466 [2.000]     0.2238 [2.000]     0.2238 [2.000]
[kpt  63  17   2]     0.4949 [2.000]     6.0186 [2.000]     6.4782 [2.000]     6.7663 [2.000]     7.7780 [2.000]
[kpt  63  17   3]     7.7780 [2.000]     7.8916 [2.000]     9.5875 [2.000]     9.5875 [2.000]    10.2420 [2.000]
[kpt  63  17   4]    14.0091 [0.000]    14.0091 [0.000]    14.3440 [0.000]    15.9117 [0.000]    17.9549 [0.000]
[kpt  63  17   5]    18.0384 [0.000]    18.8602 [0.000]    19.1330 [0.000]    19.1330 [0.000]    20.6618 [0.000]
[kpt  63  17   6]    20.6618 [0.000]    21.0013 [0.000]    21.0866 [0.000]    21.7453 [0.000]    21.7839 [0.000]
[kpt  63  17   7]    21.7839 [0.000]    21.8009 [0.000]    24.0066 [0.000]    24.6482 [0.000]    24.6482 [0.000]
[kpt  63  17   8]    26.5781 [0.000]    27.3744 [0.000]    27.3744 [0.000]    27.7034 [0.000]    28.5135 [0.000]
[kpt  63  17   9]    30.4876 [0.000]    31.5067 [0.000]    31.5068 [0.000]




KOHN SHAM EIGENVALUES [eV] AT K-POINT [ 64]:       0.250000      0.250000      0.250000

[kpt  64  17   0]   -46.2971 [2.000]   -22.5312 [2.000]   -22.5303 [2.000]   -22.5303 [2.000]   -14.2372 [2.000]
[kpt  64  17   1]    -6.3149 [2.000]    -5.7728 [2.000]    -5.7728 [2.000]     0.2797 [2.000]     0.2797 [2.000]
[kpt  64  17   2]     0.8412 [2.000]     6.6066 [2.000]     7.2653 [2.000]     7.2653 [2.000]     7.7884 [2.000]
[kpt  64  17   3]     7.9866 [2.000]     7.9866 [2.000]     9.5986 [2.000]     9.5986 [2.000]     9.6978 [2.000]
[kpt  64  17   4]    13.5147 [0.000]    13.5317 [0.000]    13.5317 [0.000]    16.2683 [0.000]    16.2683 [0.000]
[kpt  64  17   5]    17.7498 [0.000]    17.7498 [0.000]    18.5043 [0.000]    19.4118 [0.000]    19.4118 [0.000]
[kpt  64  17   6]    21.1230 [0.000]    21.1689 [0.000]    21.5780 [0.000]    21.5780 [0.000]    21.7234 [0.000]
[kpt  64  17   7]    21.7234 [0.000]    21.9021 [0.000]    21.9325 [0.000]    25.7046 [0.000]    27.0521 [0.000]
[kpt  64  17   8]    27.0522 [0.000]    27.3094 [0.000]    28.8913 [0.000]    29.4426 [0.000]    29.4426 [0.000]
[kpt  64  17   9]    30.5809 [0.000]    30.5809 [0.000]    31.3773 [0.000]




KOHN SHAM EIGENVALUES [eV] AT K-POINT [ 65]:       0.250000      0.250000      0.333333

[kpt  65  17   0]   -46.2969 [2.000]   -22.5431 [2.000]   -22.5302 [2.000]   -22.5298 [2.000]   -14.2160 [2.000]
[kpt  65  17   1]    -6.2565 [2.000]    -5.7475 [2.000]    -5.7449 [2.000]     0.2085 [2.000]     0.2556 [2.000]
[kpt  65  17   2]     0.7565 [2.000]     6.4785 [2.000]     7.0225 [2.000]     7.2519 [2.000]     7.5174 [2.000]
[kpt  65  17   3]     7.9290 [2.000]     8.0359 [2.000]     9.5030 [2.000]     9.6820 [2.000]     9.7713 [2.000]
[kpt  65  17   4]    13.5761 [0.000]    13.7742 [0.000]    13.7941 [0.000]    16.2511 [0.000]    16.8083 [0.000]
[kpt  65  17   5]    17.9629 [0.000]    18.1686 [0.000]    18.5503 [0.000]    19.1946 [0.000]    19.4789 [0.000]
[kpt  65  17   6]    20.9957 [0.000]    21.1725 [0.000]    21.5710 [0.000]    21.6606 [0.000]    21.6759 [0.000]
[kpt  65  17   7]    21.7333 [0.000]    21.9057 [0.000]    22.5015 [0.000]    25.5068 [0.000]    26.4660 [0.000]
[kpt  65  17   8]    27.0919 [0.000]    27.4894 [0.000]    28.0662 [0.000]    29.4088 [0.000]    29.4646 [0.000]
[kpt  65  17   9]    29.9442 [0.000]    30.6915 [0.000]    31.0492 [0.000]




KOHN SHAM EIGENVALUES [eV] AT K-POINT [ 66]:       0.250000      0.250000      0.416667

[kpt  66  17   0]   -46.2967 [2.000]   -22.5522 [2.000]   -22.5298 [2.000]   -22.5294 [2.000]   -14.2003 [2.000]
[kpt  66  17   1]    -6.2322 [2.000]    -5.7287 [2.000]    -5.7038 [2.000]     0.1561 [2.000]     0.2868 [2.000]
[kpt  66  17   2]     0.6439 [2.000]     6.2903 [2.000]     6.9750 [2.000]     7.2439 [2.000]     7.2868 [2.000]
[kpt  66  17   3]     7.9041 [2.000]     8.1234 [2.000]     9.4324 [2.000]     9.7089 [2.000]     9.7956 [2.000]
[kpt  66  17   4]    13.6117 [0.000]    13.9797 [0.000]    14.0023 [0.000]    16.2341 [0.000]    17.1527 [0.000]
[kpt  66  17   5]    18.2388 [0.000]    18.3829 [0.000]    18.7291 [0.000]    18.8934 [0.000]    19.7472 [0.000]
[kpt  66  17   6]    20.7746 [0.000]    21.1515 [0.000]    21.5435 [0.000]    21.6281 [0.000]    21.7126 [0.000]
[kpt  66  17   7]    21.7616 [0.000]    21.9023 [0.000]    23.1284 [0.000]    24.8717 [0.000]    26.2352 [0.000]
[kpt  66  17   8]    26.9580 [0.000]    27.3126 [0.000]    27.9845 [0.000]    29.1742 [0.000]    29.6469 [0.000]
[kpt  66  17   9]    29.7828 [0.000]    30.5498 [0.000]    30.8210 [0.000]




KOHN SHAM EIGENVALUES [eV] AT K-POINT [ 67]:       0.250000      0.250000      0.500000

[kpt  67  17   0]   -46.2966 [2.000]   -22.5556 [2.000]   -22.5296 [2.000]   -22.5292 [2.000]   -14.1946 [2.000]
[kpt  67  17   1]    -6.2273 [2.000]    -5.7217 [2.000]    -5.6843 [2.000]     0.1369 [2.000]     0.3199 [2.000]
[kpt  67  17   2]     0.5807 [2.000]     6.1999 [2.000]     7.0519 [2.000]     7.1338 [2.000]     7.2414 [2.000]
[kpt  67  17   3]     7.8980 [2.000]     8.1621 [2.000]     9.4069 [2.000]     9.7109 [2.000]     9.7987 [2.000]
[kpt  67  17   4]    13.6243 [0.000]    14.0614 [0.000]    14.0805 [0.000]    16.2265 [0.000]    17.2681 [0.000]
[kpt  67  17   5]    18.4315 [0.000]    18.5405 [0.000]    18.5779 [0.000]    18.8062 [0.000]    20.0430 [0.000]
[kpt  67  17   6]    20.5527 [0.000]    21.1423 [0.000]    21.5213 [0.000]    21.6125 [0.000]    21.7279 [0.000]
[kpt  67  17   7]    21.7788 [0.000]    21.8989 [0.000]    23.6030 [0.000]    24.3009 [0.000]    26.2330 [0.000]
[kpt  67  17   8]    26.9056 [0.000]    27.0411 [0.000]    28.3934 [0.000]    28.7379 [0.000]    29.6489 [0.000]
[kpt  67  17   9]    30.1522 [0.000]    30.2589 [0.000]    30.7373 [0.000]




KOHN SHAM EIGENVALUES [eV] AT K-POINT [ 68]:       0.250000      0.333333      0.333333

[kpt  68  17   0]   -46.2966 [2.000]   -22.5427 [2.000]   -22.5422 [2.000]   -22.5294 [2.000]   -14.1965 [2.000]
[kpt  68  17   1]    -6.1578 [2.000]    -5.7393 [2.000]    -5.7169 [2.000]     0.1429 [2.000]     0.1648 [2.000]
[kpt  68  17   2]     0.6372 [2.000]     6.4099 [2.000]     6.8736 [2.000]     7.1027 [2.000]     7.4178 [2.000]
[kpt  68  17   3]     7.9076 [2.000]     7.9652 [2.000]     9.5560 [2.000]     9.7113 [2.000]     9.9187 [2.000]
[kpt  68  17   4]    13.8243 [0.000]    13.8478 [0.000]    13.9823 [0.000]    16.4894 [0.000]    17.1195 [0.000]
[kpt  68  17   5]    18.1117 [0.000]    18.3804 [0.000]    18.4136 [0.000]    19.1251 [0.000]    19.4868 [0.000]
[kpt  68  17   6]    20.9388 [0.000]    21.1755 [0.000]    21.6133 [0.000]    21.6777 [0.000]    21.6891 [0.000]
[kpt  68  17   7]    21.7466 [0.000]    21.9167 [0.000]    22.9818 [0.000]    25.4024 [0.000]    26.2841 [0.000]
[kpt  68  17   8]    26.9300 [0.000]    27.4256 [0.000]    28.1088 [0.000]    28.4532 [0.000]    29.5750 [0.000]
[kpt  68  17   9]    29.6986 [0.000]    30.4983 [0.000]    30.7645 [0.000]




KOHN SHAM EIGENVALUES [eV] AT K-POINT [ 69]:       0.250000      0.333333      0.416667

[kpt  69  17   0]   -46.2965 [2.000]   -22.5515 [2.000]   -22.5420 [2.000]   -22.5290 [2.000]   -14.1821 [2.000]
[kpt  69  17   1]    -6.0982 [2.000]    -5.7175 [2.000]    -5.6971 [2.000]     0.0790 [2.000]     0.1622 [2.000]
[kpt  69  17   2]     0.5041 [2.000]     6.2462 [2.000]     6.7819 [2.000]     7.0913 [2.000]     7.3115 [2.000]
[kpt  69  17   3]     7.8908 [2.000]     7.9958 [2.000]     9.5624 [2.000]     9.7401 [2.000]    10.0102 [2.000]
[kpt  69  17   4]    13.8732 [0.000]    14.0394 [0.000]    14.1513 [0.000]    16.5139 [0.000]    17.4404 [0.000]
[kpt  69  17   5]    18.1653 [0.000]    18.3736 [0.000]    18.5326 [0.000]    18.9923 [0.000]    19.8243 [0.000]
[kpt  69  17   6]    20.8178 [0.000]    21.1577 [0.000]    21.5158 [0.000]    21.6944 [0.000]    21.7127 [0.000]
[kpt  69  17   7]    21.8071 [0.000]    21.9185 [0.000]    23.4284 [0.000]    25.0765 [0.000]    25.9524 [0.000]
[kpt  69  17   8]    26.8728 [0.000]    27.4803 [0.000]    27.7381 [0.000]    28.4720 [0.000]    29.1049 [0.000]
[kpt  69  17   9]    29.9350 [0.000]    30.3397 [0.000]    30.6050 [0.000]




KOHN SHAM EIGENVALUES [eV] AT K-POINT [ 70]:       0.250000      0.333333      0.500000

[kpt  70  17   0]   -46.2964 [2.000]   -22.5549 [2.000]   -22.5418 [2.000]   -22.5289 [2.000]   -14.1768 [2.000]
[kpt  70  17   1]    -6.0804 [2.000]    -5.7011 [2.000]    -5.6937 [2.000]     0.0534 [2.000]     0.1839 [2.000]
[kpt  70  17   2]     0.4355 [2.000]     6.1573 [2.000]     6.7803 [2.000]     7.1078 [2.000]     7.2458 [2.000]
[kpt  70  17   3]     7.8890 [2.000]     8.0140 [2.000]     9.5679 [2.000]     9.7447 [2.000]    10.0384 [2.000]
[kpt  70  17   4]    13.8869 [0.000]    14.1172 [0.000]    14.2187 [0.000]    16.5112 [0.000]    17.5539 [0.000]
[kpt  70  17   5]    18.1757 [0.000]    18.3847 [0.000]    18.5827 [0.000]    18.9048 [0.000]    20.1402 [0.000]
[kpt  70  17   6]    20.6635 [0.000]    21.1481 [0.000]    21.4559 [0.000]    21.6981 [0.000]    21.7205 [0.000]
[kpt  70  17   7]    21.8354 [0.000]    21.9164 [0.000]    23.6689 [0.000]    24.7839 [0.000]    25.8831 [0.000]
[kpt  70  17   8]    26.8440 [0.000]    27.2548 [0.000]    27.9571 [0.000]    28.4512 [0.000]    28.8933 [0.000]
[kpt  70  17   9]    30.1626 [0.000]    30.2011 [0.000]    30.4865 [0.000]




KOHN SHAM EIGENVALUES [eV] AT K-POINT [ 71]:       0.250000      0.416667      0.416667

[kpt  71  17   0]   -46.2963 [2.000]   -22.5511 [2.000]   -22.5510 [2.000]   -22.5286 [2.000]   -14.1686 [2.000]
[kpt  71  17   1]    -5.9956 [2.000]    -5.7140 [2.000]    -5.6897 [2.000]     0.0572 [2.000]     0.0831 [2.000]
[kpt  71  17   2]     0.3616 [2.000]     6.1367 [2.000]     6.5861 [2.000]     7.1260 [2.000]     7.3129 [2.000]
[kpt  71  17   3]     7.8707 [2.000]     7.9335 [2.000]     9.6681 [2.000]     9.7620 [2.000]    10.1538 [2.000]
[kpt  71  17   4]    14.0690 [0.000]    14.0809 [0.000]    14.2912 [0.000]    16.5649 [0.000]    17.7589 [0.000]
[kpt  71  17   5]    17.9506 [0.000]    18.3733 [0.000]    18.4779 [0.000]    19.1298 [0.000]    20.1101 [0.000]
[kpt  71  17   6]    20.8233 [0.000]    21.1498 [0.000]    21.3689 [0.000]    21.6919 [0.000]    21.7913 [0.000]
[kpt  71  17   7]    21.8447 [0.000]    21.9192 [0.000]    23.6245 [0.000]    25.2009 [0.000]    25.5913 [0.000]
[kpt  71  17   8]    26.8190 [0.000]    27.5015 [0.000]    27.8410 [0.000]    27.8596 [0.000]    28.6085 [0.000]
[kpt  71  17   9]    30.1365 [0.000]    30.2229 [0.000]    30.5854 [0.000]




KOHN SHAM EIGENVALUES [eV] AT K-POINT [ 72]:       0.250000      0.416667      0.500000

[kpt  72  17   0]   -46.2962 [2.000]   -22.5544 [2.000]   -22.5509 [2.000]   -22.5285 [2.000]   -14.1637 [2.000]
[kpt  72  17   1]    -5.9573 [2.000]    -5.7015 [2.000]    -5.6984 [2.000]     0.0364 [2.000]     0.0880 [2.000]
[kpt  72  17   2]     0.2898 [2.000]     6.0662 [2.000]     6.5424 [2.000]     7.1601 [2.000]     7.2949 [2.000]
[kpt  72  17   3]     7.8711 [2.000]     7.9048 [2.000]     9.7164 [2.000]     9.7654 [2.000]    10.2007 [2.000]
[kpt  72  17   4]    14.0879 [0.000]    14.1519 [0.000]    14.3484 [0.000]    16.5614 [0.000]    17.8531 [0.000]
[kpt  72  17   5]    17.9051 [0.000]    18.3809 [0.000]    18.4519 [0.000]    19.1476 [0.000]    20.4059 [0.000]
[kpt  72  17   6]    20.7579 [0.000]    21.1430 [0.000]    21.2511 [0.000]    21.6896 [0.000]    21.8164 [0.000]
[kpt  72  17   7]    21.8694 [0.000]    21.9120 [0.000]    23.6937 [0.000]    25.1556 [0.000]    25.4980 [0.000]
[kpt  72  17   8]    26.7914 [0.000]    27.4858 [0.000]    27.6773 [0.000]    28.0604 [0.000]    28.2793 [0.000]
[kpt  72  17   9]    30.0528 [0.000]    30.4180 [0.000]    30.5059 [0.000]




KOHN SHAM EIGENVALUES [eV] AT K-POINT [ 73]:       0.250000      0.500000      0.500000

[kpt  73  17   0]   -46.2962 [2.000]   -22.5542 [2.000]   -22.5542 [2.000]   -22.5283 [2.000]   -14.1588 [2.000]
[kpt  73  17   1]    -5.9045 [2.000]    -5.7045 [2.000]    -5.7045 [2.000]     0.0537 [2.000]     0.0537 [2.000]
[kpt  73  17   2]     0.2139 [2.000]     6.0068 [2.000]     6.4823 [2.000]     7.1832 [2.000]     7.3187 [2.000]
[kpt  73  17   3]     7.8596 [2.000]     7.8596 [2.000]     9.7761 [2.000]     9.7761 [2.000]    10.2543 [2.000]
[kpt  73  17   4]    14.1644 [0.000]    14.1644 [0.000]    14.4016 [0.000]    16.5527 [0.000]    17.7720 [0.000]
[kpt  73  17   5]    18.0385 [0.000]    18.3849 [0.000]    18.3849 [0.000]    19.2039 [0.000]    20.7964 [0.000]
[kpt  73  17   6]    20.7964 [0.000]    20.9295 [0.000]    21.1376 [0.000]    21.6834 [0.000]    21.8810 [0.000]
[kpt  73  17   7]    21.8810 [0.000]    21.8816 [0.000]    23.6959 [0.000]    25.3055 [0.000]    25.3055 [0.000]
[kpt  73  17   8]    26.7633 [0.000]    27.6581 [0.000]    27.6581 [0.000]    27.8234 [0.000]    28.0195 [0.000]
[kpt  73  17   9]    29.9728 [0.000]    30.5336 [0.000]    30.5336 [0.000]




KOHN SHAM EIGENVALUES [eV] AT K-POINT [ 74]:       0.333333      0.333333      0.333333

[kpt  74  17   0]   -46.2964 [2.000]   -22.5422 [2.000]   -22.5417 [2.000]   -22.5417 [2.000]   -14.1781 [2.000]
[kpt  74  17   1]    -6.0406 [2.000]    -5.7050 [2.000]    -5.7050 [2.000]     0.0447 [2.000]     0.0447 [2.000]
[kpt  74  17   2]     0.4748 [2.000]     6.3623 [2.000]     6.8727 [2.000]     6.8727 [2.000]     7.3641 [2.000]
[kpt  74  17   3]     7.9030 [2.000]     7.9030 [2.000]     9.7689 [2.000]     9.7689 [2.000]     9.9796 [2.000]
[kpt  74  17   4]    14.0392 [0.000]    14.0392 [0.000]    14.0432 [0.000]    17.0811 [0.000]    17.0811 [0.000]
[kpt  74  17   5]    18.1793 [0.000]    18.1793 [0.000]    18.1796 [0.000]    19.3795 [0.000]    19.3795 [0.000]
[kpt  74  17   6]    20.9288 [0.000]    21.2030 [0.000]    21.6286 [0.000]    21.6286 [0.000]    21.7911 [0.000]
[kpt  74  17   7]    21.7911 [0.000]    21.9331 [0.000]    23.3484 [0.000]    25.2976 [0.000]    26.7846 [0.000]
[kpt  74  17   8]    26.7846 [0.000]    26.9169 [0.000]    28.3076 [0.000]    28.6215 [0.000]    28.6215 [0.000]
[kpt  74  17   9]    29.8709 [0.000]    29.8709 [0.000]    30.3225 [0.000]




KOHN SHAM EIGENVALUES [eV] AT K-POINT [ 75]:       0.333333      0.333333      0.416667

[kpt  75  17   0]   -46.2962 [2.000]   -22.5509 [2.000]   -22.5415 [2.000]   -22.5412 [2.000]   -14.1646 [2.000]
[kpt  75  17   1]    -5.9618 [2.000]    -5.6872 [2.000]    -5.6793 [2.000]    -0.0422 [2.000]     0.0204 [2.000]
[kpt  75  17   2]     0.3144 [2.000]     6.2053 [2.000]     6.7509 [2.000]     6.8730 [2.000]     7.3586 [2.000]
[kpt  75  17   3]     7.9025 [2.000]     7.9333 [2.000]     9.7689 [2.000]     9.9054 [2.000]    10.0555 [2.000]
[kpt  75  17   4]    14.0835 [0.000]    14.2035 [0.000]    14.2129 [0.000]    17.0352 [0.000]    17.4546 [0.000]
[kpt  75  17   5]    18.0383 [0.000]    18.0566 [0.000]    18.1502 [0.000]    19.3123 [0.000]    19.8589 [0.000]
[kpt  75  17   6]    20.8814 [0.000]    21.2082 [0.000]    21.4960 [0.000]    21.6400 [0.000]    21.8184 [0.000]
[kpt  75  17   7]    21.8673 [0.000]    21.9410 [0.000]    23.5430 [0.000]    25.2999 [0.000]    26.2120 [0.000]
[kpt  75  17   8]    26.9095 [0.000]    27.2376 [0.000]    27.7514 [0.000]    28.6332 [0.000]    28.7883 [0.000]
[kpt  75  17   9]    29.4526 [0.000]    29.8836 [0.000]    30.0786 [0.000]




KOHN SHAM EIGENVALUES [eV] AT K-POINT [ 76]:       0.333333      0.333333      0.500000

[kpt  76  17   0]   -46.2962 [2.000]   -22.5542 [2.000]   -22.5414 [2.000]   -22.5411 [2.000]   -14.1596 [2.000]
[kpt  76  17   1]    -5.9360 [2.000]    -5.6771 [2.000]    -5.6698 [2.000]    -0.0738 [2.000]     0.0338 [2.000]
[kpt  76  17   2]     0.2349 [2.000]     6.1165 [2.000]     6.7411 [2.000]     6.8733 [2.000]     7.3441 [2.000]
[kpt  76  17   3]     7.9028 [2.000]     7.9599 [2.000]     9.7666 [2.000]     9.9505 [2.000]    10.0833 [2.000]
[kpt  76  17   4]    14.0992 [0.000]    14.2703 [0.000]    14.2787 [0.000]    17.0126 [0.000]    17.5601 [0.000]
[kpt  76  17   5]    17.9885 [0.000]    18.0565 [0.000]    18.1131 [0.000]    19.2894 [0.000]    20.1796 [0.000]
[kpt  76  17   6]    20.7912 [0.000]    21.2072 [0.000]    21.4087 [0.000]    21.6462 [0.000]    21.8268 [0.000]
[kpt  76  17   7]    21.8935 [0.000]    21.9424 [0.000]    23.5865 [0.000]    25.3165 [0.000]    26.0041 [0.000]
[kpt  76  17   8]    26.8990 [0.000]    27.4688 [0.000]    27.4988 [0.000]    28.5019 [0.000]    28.9685 [0.000]
[kpt  76  17   9]    29.3824 [0.000]    29.8144 [0.000]    29.9939 [0.000]




KOHN SHAM EIGENVALUES [eV] AT K-POINT [ 77]:       0.333333      0.416667      0.416667

[kpt  77  17   0]   -46.2961 [2.000]   -22.5505 [2.000]   -22.5504 [2.000]   -22.5410 [2.000]   -14.1517 [2.000]
[kpt  77  17   1]    -5.8565 [2.000]    -5.6729 [2.000]    -5.6606 [2.000]    -0.0985 [2.000]    -0.0702 [2.000]
[kpt  77  17   2]     0.1418 [2.000]     6.0935 [2.000]     6.5892 [2.000]     6.8336 [2.000]     7.4770 [2.000]
[kpt  77  17   3]     7.9069 [2.000]     7.9220 [2.000]     9.9102 [2.000]     9.9632 [2.000]    10.1638 [2.000]
[kpt  77  17   4]    14.2494 [0.000]    14.2526 [0.000]    14.3502 [0.000]    17.1237 [0.000]    17.6344 [0.000]
[kpt  77  17   5]    17.8142 [0.000]    17.8803 [0.000]    18.0277 [0.000]    19.5643 [0.000]    20.1154 [0.000]
[kpt  77  17   6]    20.9189 [0.000]    21.2337 [0.000]    21.3767 [0.000]    21.5916 [0.000]    21.8850 [0.000]
[kpt  77  17   7]    21.9067 [0.000]    21.9508 [0.000]    23.4878 [0.000]    25.5756 [0.000]    26.1453 [0.000]
[kpt  77  17   8]    26.9301 [0.000]    27.1210 [0.000]    27.9326 [0.000]    28.1554 [0.000]    28.5850 [0.000]
[kpt  77  17   9]    29.4897 [0.000]    29.7075 [0.000]    29.8503 [0.000]




KOHN SHAM EIGENVALUES [eV] AT K-POINT [ 78]:       0.333333      0.416667      0.500000

[kpt  78  17   0]   -46.2960 [2.000]   -22.5537 [2.000]   -22.5503 [2.000]   -22.5408 [2.000]   -14.1470 [2.000]
[kpt  78  17   1]    -5.8163 [2.000]    -5.6652 [2.000]    -5.6572 [2.000]    -0.1250 [2.000]    -0.0728 [2.000]
[kpt  78  17   2]     0.0563 [2.000]     6.0226 [2.000]     6.5453 [2.000]     6.8360 [2.000]     7.5116 [2.000]
[kpt  78  17   3]     7.9099 [2.000]     7.9253 [2.000]     9.9388 [2.000]     9.9995 [2.000]    10.2110 [2.000]
[kpt  78  17   4]    14.2668 [0.000]    14.3165 [0.000]    14.4073 [0.000]    17.0808 [0.000]    17.6735 [0.000]
[kpt  78  17   5]    17.7927 [0.000]    17.8190 [0.000]    18.0149 [0.000]    19.6034 [0.000]    20.4069 [0.000]
[kpt  78  17   6]    20.8917 [0.000]    21.2403 [0.000]    21.2450 [0.000]    21.5850 [0.000]    21.9016 [0.000]
[kpt  78  17   7]    21.9277 [0.000]    21.9507 [0.000]    23.4367 [0.000]    25.7259 [0.000]    25.9859 [0.000]
[kpt  78  17   8]    26.9309 [0.000]    27.2460 [0.000]    27.7553 [0.000]    28.2530 [0.000]    28.3372 [0.000]
[kpt  78  17   9]    29.6032 [0.000]    29.6435 [0.000]    29.7730 [0.000]




KOHN SHAM EIGENVALUES [eV] AT K-POINT [ 79]:       0.333333      0.500000      0.500000

[kpt  79  17   0]   -46.2959 [2.000]   -22.5536 [2.000]   -22.5536 [2.000]   -22.5407 [2.000]   -14.1424 [2.000]
[kpt  79  17   1]    -5.7631 [2.000]    -5.6610 [2.000]    -5.6610 [2.000]    -0.1112 [2.000]    -0.1112 [2.000]
[kpt  79  17   2]    -0.0395 [2.000]     5.9625 [2.000]     6.4865 [2.000]     6.8382 [2.000]     7.5724 [2.000]
[kpt  79  17   3]     7.9113 [2.000]     7.9113 [2.000]    10.0070 [2.000]    10.0070 [2.000]    10.2666 [2.000]
[kpt  79  17   4]    14.3321 [0.000]    14.3321 [0.000]    14.4611 [0.000]    17.0151 [0.000]    17.7315 [0.000]
[kpt  79  17   5]    17.7321 [0.000]    17.7321 [0.000]    18.0387 [0.000]    19.6851 [0.000]    20.7964 [0.000]
[kpt  79  17   6]    20.9302 [0.000]    20.9302 [0.000]    21.2500 [0.000]    21.5656 [0.000]    21.9394 [0.000]
[kpt  79  17   7]    21.9394 [0.000]    21.9395 [0.000]    23.3607 [0.000]    25.8944 [0.000]    25.8944 [0.000]
[kpt  79  17   8]    26.9357 [0.000]    27.3348 [0.000]    27.9710 [0.000]    27.9951 [0.000]    27.9951 [0.000]
[kpt  79  17   9]    29.5703 [0.000]    29.7410 [0.000]    29.7410 [0.000]




KOHN SHAM EIGENVALUES [eV] AT K-POINT [ 80]:       0.416667      0.416667      0.416667

[kpt  80  17   0]   -46.2959 [2.000]   -22.5501 [2.000]   -22.5499 [2.000]   -22.5499 [2.000]   -14.1393 [2.000]
[kpt  80  17   1]    -5.7483 [2.000]    -5.6420 [2.000]    -5.6420 [2.000]    -0.1800 [2.000]    -0.1800 [2.000]
[kpt  80  17   2]    -0.0377 [2.000]     5.9937 [2.000]     6.5917 [2.000]     6.5917 [2.000]     7.6902 [2.000]
[kpt  80  17   3]     7.9233 [2.000]     7.9233 [2.000]    10.0994 [2.000]    10.0994 [2.000]    10.1969 [2.000]
[kpt  80  17   4]    14.3945 [0.000]    14.3945 [0.000]    14.3945 [0.000]    17.3569 [0.000]    17.3569 [0.000]
[kpt  80  17   5]    17.4875 [0.000]    17.9035 [0.000]    17.9035 [0.000]    20.1077 [0.000]    20.1077 [0.000]
[kpt  80  17   6]    20.9850 [0.000]    21.2843 [0.000]    21.3974 [0.000]    21.3974 [0.000]    21.9408 [0.000]
[kpt  80  17   7]    21.9408 [0.000]    21.9684 [0.000]    23.2796 [0.000]    25.9645 [0.000]    26.5776 [0.000]
[kpt  80  17   8]    26.5776 [0.000]    27.0024 [0.000]    28.1119 [0.000]    28.3029 [0.000]    28.3029 [0.000]
[kpt  80  17   9]    29.3411 [0.000]    29.3411 [0.000]    29.5283 [0.000]




KOHN SHAM EIGENVALUES [eV] AT K-POINT [ 81]:       0.416667      0.416667      0.500000

[kpt  81  17   0]   -46.2958 [2.000]   -22.5533 [2.000]   -22.5499 [2.000]   -22.5498 [2.000]   -14.1348 [2.000]
[kpt  81  17   1]    -5.7050 [2.000]    -5.6382 [2.000]    -5.6305 [2.000]    -0.2198 [2.000]    -0.1876 [2.000]
[kpt  81  17   2]    -0.1230 [2.000]     5.9322 [2.000]     6.5312 [2.000]     6.5927 [2.000]     7.7571 [2.000]
[kpt  81  17   3]     7.9276 [2.000]     7.9332 [2.000]    10.1276 [2.000]    10.1705 [2.000]    10.2336 [2.000]
[kpt  81  17   4]    14.4110 [0.000]    14.4516 [0.000]    14.4517 [0.000]    17.2274 [0.000]    17.3130 [0.000]
[kpt  81  17   5]    17.4205 [0.000]    17.8857 [0.000]    17.9856 [0.000]    20.1027 [0.000]    20.4524 [0.000]
[kpt  81  17   6]    20.9919 [0.000]    21.2201 [0.000]    21.3007 [0.000]    21.4083 [0.000]    21.9519 [0.000]
[kpt  81  17   7]    21.9617 [0.000]    21.9717 [0.000]    23.1822 [0.000]    26.1556 [0.000]    26.3439 [0.000]
[kpt  81  17   8]    26.7637 [0.000]    27.0232 [0.000]    27.9960 [0.000]    28.2610 [0.000]    28.3206 [0.000]
[kpt  81  17   9]    29.2820 [0.000]    29.3495 [0.000]    29.4282 [0.000]




KOHN SHAM EIGENVALUES [eV] AT K-POINT [ 82]:       0.416667      0.500000      0.500000

[kpt  82  17   0]   -46.2958 [2.000]   -22.5531 [2.000]   -22.5531 [2.000]   -22.5497 [2.000]   -14.1303 [2.000]
[kpt  82  17   1]    -5.6560 [2.000]    -5.6281 [2.000]    -5.6281 [2.000]    -0.2291 [2.000]    -0.2291 [2.000]
[kpt  82  17   2]    -0.2113 [2.000]     5.8771 [2.000]     6.4895 [2.000]     6.5661 [2.000]     7.8432 [2.000]
[kpt  82  17   3]     7.9340 [2.000]     7.9340 [2.000]    10.2021 [2.000]    10.2021 [2.000]    10.2757 [2.000]
[kpt  82  17   4]    14.4681 [0.000]    14.4681 [0.000]    14.5057 [0.000]    17.1148 [0.000]    17.2747 [0.000]
[kpt  82  17   5]    17.2747 [0.000]    17.9258 [0.000]    18.0388 [0.000]    20.2552 [0.000]    20.7079 [0.000]
[kpt  82  17   6]    21.0291 [0.000]    21.0291 [0.000]    21.3208 [0.000]    21.3393 [0.000]    21.9733 [0.000]
[kpt  82  17   7]    21.9733 [0.000]    21.9736 [0.000]    23.0721 [0.000]    26.3337 [0.000]    26.3337 [0.000]
[kpt  82  17   8]    26.7453 [0.000]    27.0529 [0.000]    28.0988 [0.000]    28.1760 [0.000]    28.1760 [0.000]
[kpt  82  17   9]    29.3023 [0.000]    29.3023 [0.000]    29.3187 [0.000]




KOHN SHAM EIGENVALUES [eV] AT K-POINT [ 83]:       0.500000      0.500000      0.500000

[kpt  83  17   0]   -46.2957 [2.000]   -22.5530 [2.000]   -22.5530 [2.000]   -22.5530 [2.000]   -14.1258 [2.000]
[kpt  83  17   1]    -5.6159 [2.000]    -5.6159 [2.000]    -5.6159 [2.000]    -0.2718 [2.000]    -0.2718 [2.000]
[kpt  83  17   2]    -0.2718 [2.000]     5.8260 [2.000]     6.4906 [2.000]     6.4906 [2.000]     7.9397 [2.000]
[kpt  83  17   3]     7.9397 [2.000]     7.9397 [2.000]    10.2790 [2.000]    10.2790 [2.000]    10.2790 [2.000]
[kpt  83  17   4]    14.5223 [0.000]    14.5223 [0.000]    14.5223 [0.000]    17.1069 [0.000]    17.1069 [0.000]
[kpt  83  17   5]    17.1069 [0.000]    18.0388 [0.000]    18.0388 [0.000]    20.6769 [0.000]    20.6769 [0.000]
[kpt  83  17   6]    21.0655 [0.000]    21.0655 [0.000]    21.0655 [0.000]    21.3447 [0.000]    21.9848 [0.000]
[kpt  83  17   7]    21.9848 [0.000]    21.9848 [0.000]    22.9508 [0.000]    26.5165 [0.000]    26.5165 [0.000]
[kpt  83  17   8]    26.5165 [0.000]    27.0940 [0.000]    28.1499 [0.000]    28.1499 [0.000]    28.1499 [0.000]
[kpt  83  17   9]    29.2334 [0.000]    29.2334 [0.000]    29.2334 [0.000]


spinup:  valence band maximum = 10.279015 eV, conduction band minumm = 12.123032 eV
spinup:  Band gap = 1.844017 eV

Total charge in supercell =      40.00000000

SUM FORCE =     0.000000000000      0.000000000000      0.000000000000
 volume and energy per atom =        12.87388545       -716.47870258 eV
WriteRestart: Restart file Waves/wave.out opened...
WriteData: total size of each of the 1 files = 247.8 Mb
WriteData: writing took 0.2 seconds, writing speed 1029.904 Mbps 
WriteRestart: writing took 0.8 seconds 



  IONIC POSITIONS [a0] AND FORCES [Ha/a0]
  Charge analysis using: Voronoi Deformation Density

@ION  Ion  Species       X           Y           Z       Charge  Mag       FX          FY         FZ      Movable
@ION    1    Ba      3.7867103   3.7867103   3.7867103    0.219  0.000   0.0000000   0.0000000   0.0000000  0 0 0
@ION    2    Ti      0.0000000   0.0000000   0.0000000    0.590  0.000   0.0000000   0.0000000   0.0000000  0 0 0
@ION    3     O      3.7867103   0.0000000   0.0000000   -0.265  0.000   0.0000000   0.0000000   0.0000000  0 0 0
@ION    4     O      0.0000000   3.7867103   0.0000000   -0.270  0.000   0.0000000   0.0000000   0.0000000  0 0 0
@ION    5     O      0.0000000   0.0000000   3.7867103   -0.273  0.000   0.0000000   0.0000000   0.0000000  0 0 0
WriteRestart: Restart file Waves/wave.out opened...
WriteData: total size of each of the 1 files = 247.8 Mb
WriteData: writing took 0.2 seconds, writing speed 1512.565 Mbps 
WriteRestart: writing took 0.5 seconds 


--------TIMING INFORMATION FOR Processor owned the most atoms----------------
                                        Total time               Per SCF/step

1-TOTAL                                           100.56                5.92
-----------------------------------------------------------------------------
  1-TOTAL: Init                                     7.60                0.45
  1-TOTAL: run                                     92.96                5.47
  ---------------------------------------------------------------------------
    1-TOTAL: run: Force                             1.30                0.08
    1-TOTAL: run: Scf steps                        83.60                4.92

2-Force                                             1.30                0.08
-----------------------------------------------------------------------------
  2-Force: core correction                          0.00                0.00
  2-Force: corrections                              0.37                0.02
  2-Force: ion-ion                                  0.07                0.00
  2-Force: local                                    0.03                0.00
  2-Force: non-local                                0.82                0.05
  2-Force: non-local-betaxpsi                       0.18                0.01
  2-Force: non-local-get gamma                      0.00                0.00
  2-Force: non-local-nlforce_par_Q                  0.00                0.00
  2-Force: non-local-nlforce_par_gamma              0.00                0.00
  2-Force: non-local-nlforce_par_omega              0.00                0.00
  2-Force: non-local-partial gamma                  0.01                0.00
  2-Force: non-local-veff grad                      0.00                0.00
  2-Force: symmetrization                           0.00                0.00

2-Init                                              7.60                0.45
-----------------------------------------------------------------------------
  2-Init: KpointClass                               1.28                0.08
  2-Init: LcaoGetPsi                                0.30                0.02
  2-Init: LcaoGetRho                                0.34                0.02
  2-Init: ReinitIonicPotentials                     0.47                0.03
  2-Init: betaxpsi                                  0.48                0.03
  2-Init: exchange/correlation                      0.07                0.00
  2-Init: hartree                                   0.02                0.00
  2-Init: normalization                             0.04                0.00
  2-Init: radial potentials                         1.13                0.07
  2-Init: subdiag                                   0.74                0.04
  2-Init: weights                                   0.91                0.05

2-Scf steps                                        83.60                4.92
-----------------------------------------------------------------------------
  2-Scf steps: Davidson                            62.10                3.65
  2-Scf steps: GetNewRho                            8.54                0.50
  2-Scf steps: Hartree                              0.46                0.03
  2-Scf steps: MixRho                               0.80                0.05
  2-Scf steps: exchange/correlation                 1.00                0.06

3-ReinitIonicPotentials                             0.47                0.03
-----------------------------------------------------------------------------
  3-ReinitIonicPotentials: GetNlop                  0.16                0.01
  3-ReinitIonicPotentials: GetWeight                0.28                0.02
  3-ReinitIonicPotentials: get_QI                   0.00                0.00
  3-ReinitIonicPotentials: get_qqq                  0.00                0.00
  3-ReinitIonicPotentials: init_nuc                 0.03                0.00

4-Diagonalization                                   1.20                0.07
-----------------------------------------------------------------------------
  4-Diagonalization: Eigensolver                    0.01                0.00
  4-Diagonalization: Hpsi                           0.78                0.05
  4-Diagonalization: Update orbitals                0.20                0.01
  4-Diagonalization: dsygvx/zhegvx/folded           0.01                0.00
  4-Diagonalization: lapack                         0.01                0.00
  4-Diagonalization: matrix setup/reduce            0.21                0.01

5-Functional                                        1.06                0.06
-----------------------------------------------------------------------------
  5-Functional: apply gradient                      0.07                0.00
  5-Functional: apply laplacian                     0.05                0.00
  5-Functional: vxc                                 1.06                0.06
  5-Functional: vxc grad                            0.75                0.04
  5-Functional: vxc local                           0.18                0.01
  5-Functional: vxc nonlocal                        0.00                0.00

6-Davidson                                         62.10                3.65
-----------------------------------------------------------------------------
  6-Davidson: Betaxpsi                              4.19                0.25
  6-Davidson: apply hamiltonian                    19.68                1.16
  6-Davidson: diagonalization                       1.12                0.07
  6-Davidson: generate residuals                    2.51                0.15
  6-Davidson: matrix setup/reduce                   4.90                0.29
  6-Davidson: normalization                         0.24                0.01
  6-Davidson: orthogonalization                     2.61                0.15
  6-Davidson: precondition                         24.93                1.47
  6-Davidson: refresh h_psi and s_psi               0.13                0.01
  6-Davidson: reset hr,sr,vr                        0.00                0.00
  6-Davidson: rotate orbitals                       1.65                0.10

AppNls                                              6.09                0.36
-----------------------------------------------------------------------------
  AppNls: data_rearrange                            0.03                0.00
  ---------------------------------------------------------------------------
    AppNls: data_rearrange: alloc and zeros           0.03                0.00
    AppNls: data_rearrange: dnm                     0.00                0.00
    AppNls: data_rearrange: sint                    0.00                0.00
  AppNls: nv                                        1.98                0.12
  AppNls: nv_work                                   0.01                0.00

App_gradient                                        0.62                0.04

GlobalSums                                          0.10                0.01

Init                                                6.32                0.37

Init Voronoi                                        0.40                0.02
-----------------------------------------------------------------------------
  MgridOrtho: 1st stage                             2.61                0.15

Mix rho                                             0.80                0.05
-----------------------------------------------------------------------------
  Mix rho: Broyden                                  0.75                0.04

Orbital                                             0.20                0.01
-----------------------------------------------------------------------------
  Orbital: phase and set                            0.20                0.01
  Orbital: proj cal                                 0.20                0.01

Prolong tradeimages                                 0.04                0.00

VhPfft                                              0.24                0.01

Weight                                              0.71                0.04

radial beta                                         0.85                0.05


------------------------- TIMING INFORMATION FOR THREADS  -------------------

                                           Min            Max            Avg
GlobalSums                         6.09           6.43           6.26
-----------------------------------------------------------------------------

Prolong tradeimages                0.36           0.39           0.38
-----------------------------------------------------------------------------
